,Kateqoriya,Sah?,Ç?xar??,T?mir,Otaq Say?,Rayon,Q?s?b?,Elan ID,Qiym?t,Elan Sahibi,?poteka,Elan Linki,Enine Koordinat,Uzununa Koordinat,Evin M?rt?b?si,Ümumi M?rt?b? Say?
0,Köhn? tikili,60,var,var,2,Suraxan? r.,Yeni Gün??li q.,5351294,125000,vasit?çi (agent),Yoxdur,https://bina.az/items/5351294,40.37409206,49.97978913,7,9
1,Yeni tikili,52,var,var,2,Sabunçu r.,Bak?xanov q.,5327692,140000,mülkiyy?tçi,var,https://bina.az/items/5327692,40.41900158,49.9722147,15,15
2,Köhn? tikili,50,var,var,2,Memar ?c?mi m.,N?simi r.,5343849,138000,mülkiyy?tçi,Yoxdur,https://bina.az/items/5343849,40.41043881,49.81622815,1,5
3,Yeni tikili,50,yoxdur,yoxdur,2,Koro?lu m.,N?rimanov r.,5351545,143000,mülkiyy?tçi,Yoxdur,https://bina.az/items/5351545,40.42098404,49.91635858,6,15
4,Köhn? tikili,63,var,var,3,Qarada? r.,Lökbatan q.,5376288,130000,vasit?çi (agent),Yoxdur,https://bina.az/items/5376288,40.32318483,49.72979506,3,4
5,Köhn? tikili,60,var,var,2,Memar ?c?mi m.,20 Yanvar m.,5326757,125000,mülkiyy?tçi,Yoxdur,https://bina.az/items/5326757,40.41083258,49.80657225,3,5
6,Yeni tikili,54,var,yoxdur,1,Suraxan? r.,Qaraçuxur q.,5152545,107000,mülkiyy?tçi,var,https://bina.az/items/5152545,40.39851147,49.97306507,4,12
7,Yeni tikili,90,var,var,3,Ab?eron r.,Masaz?r q.,5367052,132000,vasit?çi (agent),Yoxdur,https://bina.az/items/5367052,40.49141259,49.7544411,9,11
8,Köhn? tikili,61,var,var,2,Ukrayna dair?si,H?zi Aslanov m.,5368064,126000,vasit?çi (agent),Yoxdur,https://bina.az/items/5368064,40.37885119,49.95421396,9,9
9,Köhn? tikili,85,var,var,3,Bin?q?di r.,Bil?c?ri q.,5376268,147000,mülkiyy?tçi,var,https://bina.az/items/5376268,40.42942384,49.80255149,1,5
10,Köhn? tikili,58,var,var,2,Neapol dair?si,X?tai r.,5376266,122000,vasit?çi (agent),var,https://bina.az/items/5376266,40.38239705,49.96806416,9,9
11,Köhn? tikili,90,var,var,3,Suraxan? r.,Yeni Gün??li q.,5324524,127000,vasit?çi (agent),Yoxdur,https://bina.az/items/5324524,40.3795368,49.98096811,9,9
12,Köhn? tikili,75,var,var,3,X?tai r.,Köhn? Gün??li q.,5376258,135000,mülkiyy?tçi,var,https://bina.az/items/5376258,40.36680476,49.96474149,16,16
13,Yeni tikili,67,var,yoxdur,2,Avtova?zal m.,Bin?q?di r.,5351930,115000,vasit?çi (agent),var,https://bina.az/items/5351930,40.42140297,49.79501724,3,15
14,Yeni tikili,128,yoxdur,var,3,Yasamal r.,Yeni Yasamal q.,5356469,150000,vasit?çi (agent),Yoxdur,https://bina.az/items/5356469,40.40117436,49.79187445,16,17
15,Köhn? tikili,45,var,yoxdur,2,20 Yanvar m.,Memar ?c?mi m.,5316549,118000,vasit?çi (agent),Yoxdur,https://bina.az/items/5316549,40.4093031,49.80743403,2,5
16,Köhn? tikili,71,var,var,2,H?zi Aslanov m.,X?tai r.,5202505,150000,mülkiyy?tçi,Yoxdur,https://bina.az/items/5202505,40.37395103,49.9518429,4,4
17,Yeni tikili,60,var,var,2,X?tai r.,?hm?dli q.,5267343,118200,mülkiyy?tçi,var,https://bina.az/items/5267343,40.36944993,49.96638948,5,6
18,Yeni tikili,91,var,var,2,H?zi Aslanov m.,X?tai r.,5376239,145000,vasit?çi (agent),var,https://bina.az/items/5376239,40.3724963,49.94951397,17,17
19,Yeni tikili,61,var,var,2,Yasamal r.,Yeni Yasamal q.,5372557,138000,vasit?çi (agent),var,https://bina.az/items/5372557,40.38994699,49.78753273,14,21
20,Yeni tikili,58,var,var,2,Memar ?c?mi m.,N?simi r.,5340977,150000,vasit?çi (agent),var,https://bina.az/items/5340977,40.41303941,49.82366549,5,16
21,Köhn? tikili,36,var,var,1,Xalqlar Dostlu?u m.,Nizami r.,5335250,102000,vasit?çi (agent),Yoxdur,https://bina.az/items/5335250,40.39745391,49.94360991,4,5
22,Yeni tikili,58,var,var,2,Memar ?c?mi m.,Bin?q?di r.,5324522,138000,vasit?çi (agent),var,https://bina.az/items/5324522,40.41973224,49.80790313,13,18
23,Yeni tikili,90,var,var,3,Sabunçu r.,Kürd?xan? q.,5376223,110000,vasit?çi (agent),Yoxdur,https://bina.az/items/5376223,40.51170853,49.94380104,8,9
24,Yeni tikili,53,var,var,2,H?zi Aslanov m.,X?tai r.,5303626,150000,vasit?çi (agent),var,https://bina.az/items/5303626,40.37084518,49.95436926,7,16
25,Yeni tikili,78,yoxdur,yoxdur,2,Bak? Dövl?t Universiteti,Elml?r Akademiyas? m.,5259328,120000,mülkiyy?tçi,Yoxdur,https://bina.az/items/5259328,40.37354042,49.80580199,14,18
26,Köhn? tikili,55,var,var,2,S?bail r.,Badamdar q.,5354571,145000,mülkiyy?tçi,Yoxdur,https://bina.az/items/5354571,40.33660906,49.80745569,3,4
27,Yeni tikili,64,var,var,2,Yasamal r.,Yeni Yasamal q.,5376208,140000,mülkiyy?tçi,Yoxdur,https://bina.az/items/5376208,40.38841754,49.78670339,12,12
28,Köhn? tikili,65,var,var,3,?hm?dli m.,X?tai r.,5362376,145000,vasit?çi (agent),Yoxdur,https://bina.az/items/5362376,40.3864284,49.95733172,5,9
29,Yeni tikili,95,var,var,2,Ab?eron r.,Masaz?r q.,5376207,125000,vasit?çi (agent),Yoxdur,https://bina.az/items/5376207,40.49288191,49.74631714,5,7
30,Yeni tikili,53,var,var,3,Suraxan? r.,Yeni Gün??li q.,5376205,133000,mülkiyy?tçi,Yoxdur,https://bina.az/items/5376205,40.37057076,49.97785717,3,15
31,Köhn? tikili,65,var,var,2,H?zi Aslanov m.,X?tai r.,5345480,143000,vasit?çi (agent),var,https://bina.az/items/5345480,40.37249262,49.9492979,1,9
32,Yeni tikili,80,var,var,3,Suraxan? r.,Hövsan q.,5339532,108000,mülkiyy?tçi,var,https://bina.az/items/5339532,40.38508401,50.06994326,5,9
33,Köhn? tikili,50,var,var,3,F?vvar?l?r meydan?,M?rk?zi Univermaq,5186676,138000,vasit?çi (agent),Yoxdur,https://bina.az/items/5186676,40.37220699,49.83747998,1,5
34,Köhn? tikili,57,var,var,2,Xalqlar Dostlu?u m.,Nizami r.,5259652,132000,mülkiyy?tçi,Yoxdur,https://bina.az/items/5259652,40.39740882,49.94153095,2,5
35,Köhn? tikili,76,var,var,4,X?tai r.,Köhn? Gün??li q.,5371133,150000,mülkiyy?tçi,Yoxdur,https://bina.az/items/5371133,40.36722297,49.9681472,9,9
36,Köhn? tikili,55,var,var,2,Neftçil?r m.,Nizami r.,5364482,128000,vasit?çi (agent),Yoxdur,https://bina.az/items/5364482,40.40231077,49.93940924,4,5
37,Köhn? tikili,50,var,var,2,20 Yanvar m.,Memar ?c?mi m.,5372903,115000,vasit?çi (agent),Yoxdur,https://bina.az/items/5372903,40.40830734,49.80570505,1,5
38,Yeni tikili,30,var,var,1,20 Yanvar m.,Yasamal r.,5278369,103000,mülkiyy?tçi,Yoxdur,https://bina.az/items/5278369,40.39779382,49.80834246,5,20
39,Yeni tikili,55,var,var,2,X?tai r.,?hm?dli q.,5217376,143000,vasit?çi (agent),Yoxdur,https://bina.az/items/5217376,40.36521758,49.95976925,10,20
40,Köhn? tikili,60,var,var,2,Azadl?q Prospekti m.,Bin?q?di r.,5349926,104000,vasit?çi (agent),Yoxdur,https://bina.az/items/5349926,40.4339581,49.8366238,4,5
41,Yeni tikili,90,var,var,3,Ab?eron r.,Masaz?r q.,5366966,132000,vasit?çi (agent),Yoxdur,https://bina.az/items/5366966,40.49102094,49.75838931,9,11
42,Köhn? tikili,85,var,var,3,Memar ?c?mi m.,20 Yanvar m.,5281463,145000,vasit?çi (agent),var,https://bina.az/items/5281463,40.41012171,49.80723366,3,5
43,Köhn? tikili,55,var,var,2,Memar ?c?mi m.,N?simi r.,5281228,120000,vasit?çi (agent),Yoxdur,https://bina.az/items/5281228,40.41651843,49.81645346,3,5
44,Köhn? tikili,45,var,var,2,Bin?q?di r.,9-cu mikrorayon q.,5357533,120000,vasit?çi (agent),var,https://bina.az/items/5357533,40.42160225,49.80927739,1,9
45,Köhn? tikili,70,var,var,2,H?zi Aslanov m.,X?tai r.,5329928,135000,vasit?çi (agent),Yoxdur,https://bina.az/items/5329928,40.36897823,49.9599281,6,9
46,Köhn? tikili,65,var,var,2,?n?aatç?lar m.,Yasamal r.,5374766,145000,vasit?çi (agent),Yoxdur,https://bina.az/items/5374766,40.39405594,49.79758641,2,9
47,Köhn? tikili,62,var,var,2,H?zi Aslanov m.,X?tai r.,5373342,139000,vasit?çi (agent),Yoxdur,https://bina.az/items/5373342,40.37056327,49.96118771,1,9
48,Köhn? tikili,50,var,var,1,Xalqlar Dostlu?u m.,Nizami r.,5358663,112000,vasit?çi (agent),Yoxdur,https://bina.az/items/5358663,40.40134923,49.95405187,2,9
49,Yeni tikili,48,var,var,2,Bin?q?di r.,Bil?c?ri q.,5376147,139000,mülkiyy?tçi,Yoxdur,https://bina.az/items/5376147,40.440334,49.8056617,16,16
50,Köhn? tikili,55,var,var,2,20 Yanvar m.,Memar ?c?mi m.,5364247,134800,vasit?çi (agent),Yoxdur,https://bina.az/items/5364247,40.40841633,49.80986642,2,5
51,Köhn? tikili,55,var,var,2,?n?aatç?lar m.,Yasamal r.,5270288,150000,vasit?çi (agent),Yoxdur,https://bina.az/items/5270288,40.3898288,49.80275508,3,5
52,Köhn? tikili,76,var,var,3,Suraxan? r.,Yeni Gün??li q.,5351981,148000,mülkiyy?tçi,var,https://bina.az/items/5351981,40.37696352,49.98050272,8,9
53,Yeni tikili,113,yoxdur,var,3,Suraxan? r.,Gün??li q.,5315679,115000,mülkiyy?tçi,Yoxdur,https://bina.az/items/5315679,40.37786292,49.98443287,7,16
54,Köhn? tikili,55,var,var,2,Sabunçu r.,Bak?xanov q.,5376146,145000,mülkiyy?tçi,var,https://bina.az/items/5376146,40.41943101,49.96993853,6,9
55,Köhn? tikili,45,var,var,2,Xalqlar Dostlu?u m.,Nizami r.,5357541,125000,vasit?çi (agent),var,https://bina.az/items/5357541,40.40491578,49.95651518,5,9
56,Yeni tikili,53,yoxdur,var,2,Sabunçu r.,Bak?xanov q.,5342556,144000,mülkiyy?tçi,Yoxdur,https://bina.az/items/5342556,40.42648928,49.95332927,3,9
57,Köhn? tikili,50,var,var,2,N?riman N?rimanov m.,N?riman N?rimanov park?,5287249,135000,vasit?çi (agent),Yoxdur,https://bina.az/items/5287249,40.40253021,49.87096415,4,5
58,Köhn? tikili,70,var,var,3,Neftçil?r m.,Nizami r.,4881897,145000,vasit?çi (agent),var,https://bina.az/items/4881897,40.41375745,49.95037079,3,9
59,Köhn? tikili,60,var,var,2,X?tai r.,?hm?dli m.,5331603,128500,vasit?çi (agent),var,https://bina.az/items/5331603,40.36438345,49.95987879,7,9
60,Yeni tikili,41,var,var,1,Yasamal r.,Yeni Yasamal q.,5314530,120000,vasit?çi (agent),var,https://bina.az/items/5314530,40.36921866,49.79733653,8,9
61,Yeni tikili,58,yoxdur,yoxdur,1,Sea Breeze,Sabunçu r.,5253235,147000,mülkiyy?tçi,Yoxdur,https://bina.az/items/5253235,40.57903644,49.93944883,2,9
62,Yeni tikili,75,var,var,3,Neftçil?r m.,Nizami r.,4636658,140000,mülkiyy?tçi,Yoxdur,https://bina.az/items/4636658,40.40793197,49.94245873,17,17
63,Yeni tikili,73,var,yoxdur,2,Avtova?zal m.,Bin?q?di r.,5368513,124000,vasit?çi (agent),var,https://bina.az/items/5368513,40.4282422,49.79102542,7,16
64,Yeni tikili,55,var,var,2,X?tai r.,?hm?dli q.,5349077,149000,vasit?çi (agent),Yoxdur,https://bina.az/items/5349077,40.35561987,49.96058464,6,19
65,Yeni tikili,60,var,var,2,Sabunçu r.,Bak?xanov q.,5376111,107000,vasit?çi (agent),var,https://bina.az/items/5376111,40.425626,49.947598,11,20
66,Köhn? tikili,45,var,var,2,?hm?dli m.,X?tai r.,5363521,114000,vasit?çi (agent),Yoxdur,https://bina.az/items/5363521,40.38814706,49.96296852,6,9
67,Yeni tikili,43,var,var,2,20 Yanvar m.,N?simi r.,5124087,138000,mülkiyy?tçi,Yoxdur,https://bina.az/items/5124087,40.39789792,49.80870587,15,20
68,Köhn? tikili,55,var,var,3,Neftçil?r m.,Nizami r.,5315548,126500,mülkiyy?tçi,Yoxdur,https://bina.az/items/5315548,40.40448947,49.94277093,5,5
69,Yeni tikili,30,var,var,1,20 Yanvar m.,Yasamal r.,5197454,108000,vasit?çi (agent),var,https://bina.az/items/5197454,40.39779382,49.80834246,6,20
70,Yeni tikili,48,var,var,2,20 Yanvar m.,Yasamal r.,5298933,149000,vasit?çi (agent),var,https://bina.az/items/5298933,40.39779382,49.80834246,7,17
71,Yeni tikili,30,var,var,1,20 Yanvar m.,Yasamal r.,5157881,103000,vasit?çi (agent),var,https://bina.az/items/5157881,40.39779382,49.80834246,5,20
72,Köhn? tikili,80,var,var,3,Suraxan? r.,Qaraçuxur q.,5193236,146000,mülkiyy?tçi,var,https://bina.az/items/5193236,40.39626542,49.98277364,6,9
73,Yeni tikili,90,var,var,3,Ab?eron r.,Masaz?r q.,5367947,132000,vasit?çi (agent),Yoxdur,https://bina.az/items/5367947,40.49173896,49.76053507,9,11
74,Köhn? tikili,30,var,var,1,?n?aatç?lar m.,Yasamal r.,5376102,110000,vasit?çi (agent),Yoxdur,https://bina.az/items/5376102,40.38637905,49.80543174,3,5
75,Yeni tikili,44,var,var,2,Bak? Asiya Universiteti,20 Yanvar m.,5335273,120000,mülkiyy?tçi,var,https://bina.az/items/5335273,40.40172772,49.81388893,11,20
76,Yeni tikili,113,var,var,2,['Suraxan? r.'],Yoxdur,5376090,115000,mülkiyy?tçi,Yoxdur,https://bina.az/items/5376090,40.37778969,49.98419534,8,15
77,Yeni tikili,106,yoxdur,yoxdur,3,Suraxan? r.,Qaraçuxur q.,5197367,120000,mülkiyy?tçi,Yoxdur,https://bina.az/items/5197367,40.374,50.021,4,4
78,Köhn? tikili,42,var,var,1,Memar ?c?mi m.,N?simi r.,5356925,116000,vasit?çi (agent),Yoxdur,https://bina.az/items/5356925,40.41625799,49.81655846,2,9
79,Köhn? tikili,66,var,var,3,H?zi Aslanov m.,X?tai r.,4924623,127000,vasit?çi (agent),var,https://bina.az/items/4924623,40.36969714,49.96049881,2,9
80,Köhn? tikili,60,var,var,3,N?simi m.,Bin?q?di r.,5376071,137800,vasit?çi (agent),Yoxdur,https://bina.az/items/5376071,40.42494668,49.82868545,3,5
81,Köhn? tikili,53,var,var,2,Sabunçu r.,Bak?xanov q.,5350227,135000,mülkiyy?tçi,var,https://bina.az/items/5350227,40.41317338,49.96365309,2,5
82,Yeni tikili,77,var,var,3,Suraxan? r.,Hövsan q.,5317590,106000,vasit?çi (agent),Yoxdur,https://bina.az/items/5317590,40.3877343,50.072215,7,12
83,Köhn? tikili,60,var,var,3,Memar ?c?mi m.,N?simi r.,5376066,145000,mülkiyy?tçi,Yoxdur,https://bina.az/items/5376066,40.41709463,49.81155439,1,5
84,Köhn? tikili,45,var,var,2,Neftçil?r m.,Qara Qarayev m.,5376065,125000,vasit?çi (agent),Yoxdur,https://bina.az/items/5376065,40.41722672,49.94350113,4,5
85,Köhn? tikili,90,var,var,4,X?tai r.,?hm?dli q.,5376061,125000,vasit?çi (agent),Yoxdur,https://bina.az/items/5376061,40.36300417,49.94406876,1,2
86,Köhn? tikili,58,var,var,2,N?riman N?rimanov m.,N?rimanov r.,5376057,140000,vasit?çi (agent),Yoxdur,https://bina.az/items/5376057,40.40891496,49.87027178,2,4
87,Yeni tikili,57,yoxdur,yoxdur,1,Bin?q?di r.,7-ci mikrorayon q.,4967105,120015,Ya?ay?? Kompleksi,var,https://bina.az/items/4967105,40.4301447,49.8531172,12,13
88,Köhn? tikili,40,var,var,1,Memarl?q v? ?n?aat Universiteti,Texniki Universiteti,5360530,123000,vasit?çi (agent),Yoxdur,https://bina.az/items/5360530,40.36879287,49.81324362,4,5
89,Köhn? tikili,60,var,var,2,N?simi m.,Bin?q?di r.,5307071,142000,vasit?çi (agent),Yoxdur,https://bina.az/items/5307071,40.41864682,49.83085875,8,9
90,Yeni tikili,85,var,var,3,Suraxan? r.,Hövsan q.,4885045,113000,vasit?çi (agent),Yoxdur,https://bina.az/items/4885045,40.3800284,50.06890297,10,10
91,Yeni tikili,47,yoxdur,var,2,20 Yanvar m.,Yasamal r.,4430879,144265,Ya?ay?? Kompleksi,var,https://bina.az/items/4430879,40.39781016,49.808321,2,20
92,Yeni tikili,50,var,var,2,['X?tai r.'],Yoxdur,5372381,119000,vasit?çi (agent),Yoxdur,https://bina.az/items/5372381,40.36854018,49.96435271,5,6
93,Köhn? tikili,74,yoxdur,var,3,X?tai r.,H?zi Aslanov q.,5341848,137000,vasit?çi (agent),Yoxdur,https://bina.az/items/5341848,40.36786193,49.94019627,2,4
94,Köhn? tikili,36,yoxdur,var,1,?n?aatç?lar m.,Yasamal r.,5354291,108000,mülkiyy?tçi,Yoxdur,https://bina.az/items/5354291,40.39183211,49.80621822,5,5
95,Yeni tikili,41,var,var,1,Yasamal r.,Yeni Yasamal q.,5376032,117000,vasit?çi (agent),var,https://bina.az/items/5376032,40.37664225,49.77811281,3,10
96,Köhn? tikili,55,var,var,2,Memar ?c?mi m.,N?simi r.,5358646,138000,vasit?çi (agent),Yoxdur,https://bina.az/items/5358646,40.4153702,49.80871125,5,5
97,Köhn? tikili,70,var,var,2,H?zi Aslanov m.,X?tai r.,5366585,110000,vasit?çi (agent),var,https://bina.az/items/5366585,40.36909194,49.95983587,2,9
98,Köhn? tikili,45,var,var,2,Xalqlar Dostlu?u m.,Nizami r.,5373998,132000,vasit?çi (agent),var,https://bina.az/items/5373998,40.40273068,49.9563135,4,9
99,Köhn? tikili,45,var,var,2,N?simi bazar?,Koala park?,5308705,135000,vasit?çi (agent),Yoxdur,https://bina.az/items/5308705,40.39404521,49.84096819,2,5
100,Köhn? tikili,55,var,var,3,Xalqlar Dostlu?u m.,Nizami r.,5374728,138000,vasit?çi (agent),Yoxdur,https://bina.az/items/5374728,40.39700043,49.941727,3,5
101,Yeni tikili,60,var,var,2,?n?aatç?lar m.,Yasamal r.,5376024,135000,vasit?çi (agent),var,https://bina.az/items/5376024,40.39007152,49.79415648,9,12
102,Yeni tikili,40,yoxdur,var,2,Yasamal r.,Yasamal q.,5356793,129500,mülkiyy?tçi,Yoxdur,https://bina.az/items/5356793,40.36976799,49.79593783,7,16
103,Yeni tikili,82,var,var,3,Sabunçu r.,Bak?xanov q.,5065526,139000,vasit?çi (agent),var,https://bina.az/items/5065526,40.43694011,49.95906565,12,19
104,Yeni tikili,36,var,var,2,Qara Qarayev m.,Nizami r.,5354454,104000,vasit?çi (agent),var,https://bina.az/items/5354454,40.41763287,49.93426197,3,17
105,Köhn? tikili,35,var,var,1,N?riman N?rimanov m.,N?rimanov r.,5207693,108000,mülkiyy?tçi,Yoxdur,https://bina.az/items/5207693,40.4089166,49.8639996,5,5
106,Yeni tikili,55,var,var,2,Sabunçu r.,Bak?xanov q.,5347564,140000,vasit?çi (agent),var,https://bina.az/items/5347564,40.42165529,49.96898988,15,16
107,Yeni tikili,70,yoxdur,yoxdur,2,Neapol dair?si,X?tai r.,5356371,123000,vasit?çi (agent),Yoxdur,https://bina.az/items/5356371,40.38055514,49.9652483,2,13
108,Yeni tikili,40,var,var,1,['N?rimanov r.'],Yoxdur,5356718,125000,vasit?çi (agent),Yoxdur,https://bina.az/items/5356718,40.40858164,49.83559144,4,5
109,Yeni tikili,65,yoxdur,var,2,Neapol dair?si,X?tai r.,5356380,118000,vasit?çi (agent),Yoxdur,https://bina.az/items/5356380,40.38006478,49.96516247,13,13
110,Köhn? tikili,40,var,var,2,Be?m?rt?b?,M?rk?zi Univermaq,5375995,143000,vasit?çi (agent),Yoxdur,https://bina.az/items/5375995,40.37489447,49.83504349,1,3
111,Köhn? tikili,55,var,var,2,Memar ?c?mi m.,20 Yanvar m.,5350327,133500,mülkiyy?tçi,Yoxdur,https://bina.az/items/5350327,40.41195725,49.80870018,3,5
112,Yeni tikili,38,var,var,2,N?riman N?rimanov m.,N?rimanov r.,5281674,150000,mülkiyy?tçi,Yoxdur,https://bina.az/items/5281674,40.39976633,49.8657967,11,17
113,Köhn? tikili,31,var,var,2,Bak? Dövl?t Universiteti,Elml?r Akademiyas? m.,5246586,123000,vasit?çi (agent),Yoxdur,https://bina.az/items/5246586,40.37484864,49.80981704,3,5
114,Köhn? tikili,50,var,var,2,Memar ?c?mi m.,N?simi r.,5338908,128000,vasit?çi (agent),var,https://bina.az/items/5338908,40.41512128,49.81845095,5,5
115,Köhn? tikili,65,var,var,1,Neftçil?r m.,Nizami r.,5328928,112000,vasit?çi (agent),var,https://bina.az/items/5328928,40.40682403,49.94584291,2,9
116,Yeni tikili,66,var,yoxdur,2,['Bin?q?di r.'],Yoxdur,5336643,150000,vasit?çi (agent),var,https://bina.az/items/5336643,40.42142338,49.80895973,3,18
117,Köhn? tikili,90,var,var,3,Ukrayna dair?si,H?zi Aslanov m.,5203697,136000,vasit?çi (agent),Yoxdur,https://bina.az/items/5203697,40.37840167,49.95363461,1,5
118,Yeni tikili,60,var,var,2,?hm?dli m.,X?tai r.,5302884,138000,vasit?çi (agent),var,https://bina.az/items/5302884,40.38302337,49.94508372,13,14
119,Yeni tikili,35,var,var,1,Heyd?r ?liyev ad?na ?dman Kompleksi,?zmir park?,5308598,118000,vasit?çi (agent),Yoxdur,https://bina.az/items/5308598,40.38988261,49.8232202,3,5
120,Yeni tikili,103,var,var,3,Sabunçu r.,Bak?xanov q.,5350972,150000,vasit?çi (agent),var,https://bina.az/items/5350972,40.4369527,49.9583745,4,19
121,Köhn? tikili,70,var,var,3,Neapol dair?si,?hm?dli m.,5280242,148000,mülkiyy?tçi,Yoxdur,https://bina.az/items/5280242,40.38196687,49.96490702,1,9
122,Köhn? tikili,60,var,var,3,Neftçi bazas?,N?rimanov r.,5271231,148000,vasit?çi (agent),Yoxdur,https://bina.az/items/5271231,40.40467698,49.83669037,3,5
123,Yeni tikili,72,var,var,2,Neapol dair?si,?hm?dli m.,5375962,145000,vasit?çi (agent),Yoxdur,https://bina.az/items/5375962,40.38656024,49.96542698,15,20
124,Yeni tikili,62,var,var,2,Yasamal r.,Yeni Yasamal q.,5341018,145000,vasit?çi (agent),Yoxdur,https://bina.az/items/5341018,40.39842431,49.79136539,9,16
125,Köhn? tikili,65,var,var,2,['X?tai r.'],Yoxdur,5375950,136000,vasit?çi (agent),var,https://bina.az/items/5375950,40.37421689,49.96544038,6,9
126,Yeni tikili,55,var,var,2,Neftçil?r m.,Nizami r.,5358849,130000,vasit?çi (agent),Yoxdur,https://bina.az/items/5358849,40.41110956,49.95067575,10,11
127,Yeni tikili,69,yoxdur,yoxdur,2,Qara Qarayev m.,Neftçil?r m.,5334382,147000,vasit?çi (agent),Yoxdur,https://bina.az/items/5334382,40.41528719,49.93665902,12,14
128,Yeni tikili,53,var,var,2,H?zi Aslanov m.,X?tai r.,5231439,150000,vasit?çi (agent),Yoxdur,https://bina.az/items/5231439,40.3709231,49.95597733,7,16
129,Köhn? tikili,60,var,var,2,['X?tai r.'],Yoxdur,5375944,143000,vasit?çi (agent),Yoxdur,https://bina.az/items/5375944,40.36497203,49.94791017,3,9
130,Yeni tikili,55,var,var,2,Xalqlar Dostlu?u m.,Nizami r.,5364523,142000,vasit?çi (agent),var,https://bina.az/items/5364523,40.40412052,49.95608428,2,18
131,Yeni tikili,60,yoxdur,var,2,['X?tai r.'],Yoxdur,4816854,143000,vasit?çi (agent),Yoxdur,https://bina.az/items/4816854,40.378181,49.931383,12,13
132,Yeni tikili,60,var,var,2,X?tai r.,?hm?dli q.,5375930,147000,vasit?çi (agent),Yoxdur,https://bina.az/items/5375930,40.39286876,49.96358162,7,16
133,Yeni tikili,60,yoxdur,var,2,Yasamal r.,Yeni Yasamal q.,5370862,130000,vasit?çi (agent),Yoxdur,https://bina.az/items/5370862,40.39633363,49.78911859,14,16
134,Yeni tikili,40,var,var,2,Az?rbaycan turizm institutu,N?riman N?rimanov m.,5318005,149900,vasit?çi (agent),Yoxdur,https://bina.az/items/5318005,40.39799283,49.86443428,10,17
135,Köhn? tikili,65,var,var,2,?n?aatç?lar m.,Yasamal r.,5375922,145000,vasit?çi (agent),var,https://bina.az/items/5375922,40.394,49.795,2,9
136,Yeni tikili,60,var,var,2,Koro?lu m.,N?rimanov r.,5294265,139000,vasit?çi (agent),Yoxdur,https://bina.az/items/5294265,40.42484398,49.91669856,2,3
137,Yeni tikili,55,yoxdur,var,2,Neftçil?r m.,Nizami r.,5317979,149000,vasit?çi (agent),Yoxdur,https://bina.az/items/5317979,40.40237962,49.93816106,2,17
138,Yeni tikili,60,var,var,2,H?zi Aslanov m.,X?tai r.,5370863,143000,vasit?çi (agent),var,https://bina.az/items/5370863,40.36559464,49.94836137,3,9
139,Yeni tikili,70,yoxdur,var,2,['Suraxan? r.'],Yoxdur,5348462,140000,vasit?çi (agent),Yoxdur,https://bina.az/items/5348462,40.39322228,49.98749465,3,4
140,Köhn? tikili,60,var,var,2,?hm?dli m.,X?tai r.,5375886,150000,vasit?çi (agent),Yoxdur,https://bina.az/items/5375886,40.38543829,49.95395647,2,9
141,Köhn? tikili,20,var,var,1,28 May m.,Bak? Slavyan Universiteti,5364185,100000,mülkiyy?tçi,Yoxdur,https://bina.az/items/5364185,40.38133093,49.84572677,1,1
142,Yeni tikili,48,var,var,2,Melissa Park,20 Yanvar m.,5359643,150000,mülkiyy?tçi,var,https://bina.az/items/5359643,40.39970471,49.80856585,14,20
143,Yeni tikili,45,var,var,2,Memar ?c?mi m.,Bin?q?di r.,5338663,138000,vasit?çi (agent),Yoxdur,https://bina.az/items/5338663,40.41855818,49.81103213,8,9
144,Yeni tikili,53,var,var,2,Neftçil?r m.,Nizami r.,5341348,138000,vasit?çi (agent),var,https://bina.az/items/5341348,40.40851291,49.95745182,9,18
145,Köhn? tikili,65,var,var,2,H?zi Aslanov m.,X?tai r.,5305327,133000,vasit?çi (agent),var,https://bina.az/items/5305327,40.36871694,49.95547305,9,9
146,Köhn? tikili,50,var,var,2,Neftçil?r m.,Xalqlar Dostlu?u m.,5253967,120000,vasit?çi (agent),var,https://bina.az/items/5253967,40.40506534,49.94685173,5,9
147,Yeni tikili,68,var,var,3,Sabunçu r.,Bak?xanov q.,5168441,115000,vasit?çi (agent),var,https://bina.az/items/5168441,40.43506618,49.95651589,12,14
148,Yeni tikili,50,var,var,2,Yasamal r.,Yeni Yasamal q.,5370187,134000,vasit?çi (agent),var,https://bina.az/items/5370187,40.39043788,49.78833256,16,20
149,Yeni tikili,105,var,var,2,X?tai r.,Köhn? Gün??li q.,5375827,148000,vasit?çi (agent),var,https://bina.az/items/5375827,40.3545471,49.9657982,4,5
150,Köhn? tikili,85,var,var,3,H?zi Aslanov m.,X?tai r.,5345342,138000,vasit?çi (agent),var,https://bina.az/items/5345342,40.37330999,49.96494055,9,9
151,Yeni tikili,75,yoxdur,yoxdur,2,H?zi Aslanov m.,X?tai r.,5362262,139000,vasit?çi (agent),Yoxdur,https://bina.az/items/5362262,40.36905506,49.95968491,6,10
152,Yeni tikili,67,yoxdur,yoxdur,2,H?zi Aslanov m.,X?tai r.,5345059,113900,vasit?çi (agent),Yoxdur,https://bina.az/items/5345059,40.36708506,49.95391865,12,13
153,Köhn? tikili,55,var,var,3,20 Yanvar m.,Memar ?c?mi m.,5375816,136000,vasit?çi (agent),Yoxdur,https://bina.az/items/5375816,40.40620159,49.80673674,3,5
154,Yeni tikili,60,var,var,1,H?zi Aslanov m.,X?tai r.,5362284,140000,vasit?çi (agent),Yoxdur,https://bina.az/items/5362284,40.37279473,49.95359169,16,17
155,Köhn? tikili,50,var,var,2,Sabunçu r.,Bak?xanov q.,5321967,101000,mülkiyy?tçi,Yoxdur,https://bina.az/items/5321967,40.42149701,49.96056586,1,5
156,Yeni tikili,70,var,var,3,Avtova?zal m.,Bin?q?di r.,5024678,148500,vasit?çi (agent),var,https://bina.az/items/5024678,40.42320325,49.79068779,14,17
157,Köhn? tikili,65,var,var,2,Bin?q?di r.,9-cu mikrorayon q.,5296802,147000,mülkiyy?tçi,Yoxdur,https://bina.az/items/5296802,40.4279335,49.8135998,1,9
158,Köhn? tikili,44,var,var,1,H?zi Aslanov m.,X?tai r.,5375809,105000,vasit?çi (agent),Yoxdur,https://bina.az/items/5375809,40.37751092,49.96141538,4,9
159,Köhn? tikili,65,var,var,2,H?zi Aslanov m.,X?tai r.,5279640,145000,vasit?çi (agent),var,https://bina.az/items/5279640,40.37224297,49.95400716,2,9
160,Yeni tikili,90,var,var,3,Ab?eron r.,Masaz?r q.,5375800,132000,vasit?çi (agent),Yoxdur,https://bina.az/items/5375800,40.48431962,49.75749341,9,11
161,Köhn? tikili,55,var,var,2,H?zi Aslanov m.,X?tai r.,5242378,122000,vasit?çi (agent),var,https://bina.az/items/5242378,40.3764811,49.9606429,1,9
162,Köhn? tikili,90,var,var,3,Memar ?c?mi m.,N?simi r.,5375790,150000,vasit?çi (agent),var,https://bina.az/items/5375790,40.41542412,49.81369896,9,9
163,Köhn? tikili,75,var,var,3,['X?tai r.'],Yoxdur,5138194,150000,vasit?çi (agent),var,https://bina.az/items/5138194,40.36378532,49.96489364,1,9
164,Köhn? tikili,65,var,var,2,X?tai r.,?hm?dli q.,4195813,125000,vasit?çi (agent),var,https://bina.az/items/4195813,40.36360062,49.95511097,8,9
165,Yeni tikili,45,var,var,2,Azadl?q Prospekti m.,Bin?q?di r.,5375784,144000,vasit?çi (agent),Yoxdur,https://bina.az/items/5375784,40.4179243,49.84013292,3,9
166,Yeni tikili,100,var,var,4,Suraxan? r.,Z?? q.,5366277,130000,vasit?çi (agent),var,https://bina.az/items/5366277,40.36618774,49.98644236,4,5
167,Yeni tikili,62,yoxdur,var,2,Yasamal r.,Yeni Yasamal q.,4359335,123000,vasit?çi (agent),Yoxdur,https://bina.az/items/4359335,40.35845796,49.78817382,16,16
168,Yeni tikili,59,var,var,2,Ukrayna dair?si,H?zi Aslanov m.,5348586,135000,vasit?çi (agent),Yoxdur,https://bina.az/items/5348586,40.37851166,49.95285043,12,15
169,Yeni tikili,47,yoxdur,yoxdur,2,Koro?lu m.,Nizami r.,5323044,145000,vasit?çi (agent),Yoxdur,https://bina.az/items/5323044,40.4243757,49.9116411,7,18
170,Köhn? tikili,36,var,var,2,Bin?q?di r.,9-cu mikrorayon q.,5366523,121500,mülkiyy?tçi,Yoxdur,https://bina.az/items/5366523,40.42421741,49.81261811,6,9
171,Yeni tikili,51,var,var,2,Sabunçu r.,Bak?xanov q.,5298344,109000,vasit?çi (agent),var,https://bina.az/items/5298344,40.4369527,49.9583745,12,19
172,Köhn? tikili,65,var,var,2,?hm?dli m.,X?tai r.,5375746,135000,mülkiyy?tçi,Yoxdur,https://bina.az/items/5375746,40.382631,49.945952,1,9
173,Yeni tikili,96,var,var,3,Ab?eron r.,Masaz?r q.,4402977,120000,vasit?çi (agent),Yoxdur,https://bina.az/items/4402977,40.49219702,49.7532177,5,6
174,Köhn? tikili,85,var,var,3,H?zi Aslanov m.,X?tai r.,5299401,142000,vasit?çi (agent),Yoxdur,https://bina.az/items/5299401,40.37495357,49.9650247,5,9
175,Yeni tikili,60,var,var,2,?hm?dli m.,X?tai r.,5270291,138500,mülkiyy?tçi,var,https://bina.az/items/5270291,40.382631,49.945952,13,13
176,Köhn? tikili,50,var,var,2,Azadl?q Prospekti m.,Bin?q?di r.,5331750,115000,vasit?çi (agent),Yoxdur,https://bina.az/items/5331750,40.42818465,49.85045645,3,5
177,Yeni tikili,70,var,var,2,S?bail r.,Bay?l q.,5370239,124999,vasit?çi (agent),Yoxdur,https://bina.az/items/5370239,40.34306142,49.83810447,17,17
178,Köhn? tikili,45,var,var,2,Azadl?q Prospekti m.,Bin?q?di r.,5375721,145000,vasit?çi (agent),Yoxdur,https://bina.az/items/5375721,40.42538991,49.8405727,4,9
179,Köhn? tikili,85,var,var,3,X?tai r.,Köhn? Gün??li q.,5375718,143000,mülkiyy?tçi,Yoxdur,https://bina.az/items/5375718,40.36202675,49.96503198,1,9
180,Yeni tikili,56,yoxdur,yoxdur,2,Neftçil?r m.,Nizami r.,5375690,145000,mülkiyy?tçi,Yoxdur,https://bina.az/items/5375690,40.40835387,49.9371321,14,16
181,Köhn? tikili,72,var,var,2,Xalqlar Dostlu?u m.,X?tai r.,5284127,144000,vasit?çi (agent),Yoxdur,https://bina.az/items/5284127,40.39945188,49.95113207,7,9
182,Köhn? tikili,50,var,var,2,Azadl?q Prospekti m.,Bin?q?di r.,5301009,118000,vasit?çi (agent),var,https://bina.az/items/5301009,40.42204294,49.8431116,9,9
183,Köhn? tikili,58,var,var,2,?n?aatç?lar m.,Yasamal r.,5072320,135000,vasit?çi (agent),Yoxdur,https://bina.az/items/5072320,40.39382996,49.80630346,5,5
184,Köhn? tikili,65,var,var,2,['X?tai r.'],Yoxdur,5371850,107000,vasit?çi (agent),Yoxdur,https://bina.az/items/5371850,40.36267494,49.96310434,3,9
185,Yeni tikili,106,yoxdur,var,3,Ab?eron r.,Masaz?r q.,5350790,107000,vasit?çi (agent),Yoxdur,https://bina.az/items/5350790,40.49252326,49.75621898,9,14
186,Köhn? tikili,50,var,var,2,Memar ?c?mi m.,N?simi r.,5375643,126000,vasit?çi (agent),Yoxdur,https://bina.az/items/5375643,40.41121099,49.82054313,3,5
187,Köhn? tikili,65,var,var,2,['X?tai r.'],Yoxdur,5341033,127000,vasit?çi (agent),Yoxdur,https://bina.az/items/5341033,40.37228708,49.9686866,4,9
188,Yeni tikili,31,var,var,1,Melissa Park,20 Yanvar m.,5375633,105000,vasit?çi (agent),var,https://bina.az/items/5375633,40.3980529,49.80833459,5,20
189,Köhn? tikili,50,var,var,2,20 Yanvar m.,N?simi r.,5375629,122000,vasit?çi (agent),Yoxdur,https://bina.az/items/5375629,40.40421582,49.80787997,5,5
190,Yeni tikili,45,var,var,2,20 Yanvar m.,Yasamal r.,5325429,144000,vasit?çi (agent),var,https://bina.az/items/5325429,40.39779382,49.80834246,5,16
191,Köhn? tikili,33,var,var,2,Memar ?c?mi m.,N?simi r.,5262201,115000,mülkiyy?tçi,Yoxdur,https://bina.az/items/5262201,40.41576693,49.81681019,3,5
192,Köhn? tikili,70,var,var,2,Memar ?c?mi m.,N?simi r.,5353265,147500,vasit?çi (agent),var,https://bina.az/items/5353265,40.41388772,49.82174593,4,5
193,Köhn? tikili,55,var,Yoxdur,2,H?zi Aslanov m.,X?tai r.,5375613,143000,vasit?çi (agent),Yoxdur,https://bina.az/items/5375613,40.36653746,49.95056616,3,9
194,Yeni tikili,37,var,var,2,Qara Qarayev m.,Koro?lu m.,5064582,105000,mülkiyy?tçi,var,https://bina.az/items/5064582,40.41535574,49.92681761,13,16
195,Köhn? tikili,65,var,var,2,Neapol dair?si,?hm?dli m.,5375610,120000,vasit?çi (agent),var,https://bina.az/items/5375610,40.38243117,49.96434317,9,9
196,Yeni tikili,53,yoxdur,var,2,Neftçil?r m.,Nizami r.,5336706,130000,vasit?çi (agent),Yoxdur,https://bina.az/items/5336706,40.40900423,49.93981447,5,16
197,Yeni tikili,110,yoxdur,yoxdur,2,Suraxan? r.,Z?? q.,5375594,117000,vasit?çi (agent),Yoxdur,https://bina.az/items/5375594,40.35879246,49.97651366,2,14
198,Yeni tikili,65,var,var,2,['X?tai r.'],Yoxdur,4818359,133000,vasit?çi (agent),Yoxdur,https://bina.az/items/4818359,40.37520594,49.97404085,12,16
199,Köhn? tikili,65,var,var,2,Neftçil?r m.,Nizami r.,5326469,120000,vasit?çi (agent),var,https://bina.az/items/5326469,40.41672743,49.94620663,1,9
200,Köhn? tikili,60,var,var,2,Sabunçu r.,Bak?xanov q.,5248143,126000,vasit?çi (agent),Yoxdur,https://bina.az/items/5248143,40.41679556,49.9691593,4,9
201,Yeni tikili,80,var,yoxdur,1,Neapol dair?si,?hm?dli m.,5375561,133000,vasit?çi (agent),var,https://bina.az/items/5375561,40.3863688,49.96286823,14,17
202,Yeni tikili,75,var,var,3,Suraxan? r.,Hövsan q.,5375564,107000,mülkiyy?tçi,var,https://bina.az/items/5375564,40.376143,50.091873,4,9
203,Yeni tikili,88,yoxdur,yoxdur,3,Ab?eron r.,Saray q.,5375565,101000,mülkiyy?tçi,Yoxdur,https://bina.az/items/5375565,40.52727307,49.74195285,3,16
204,Yeni tikili,70,var,var,3,?n?aatç?lar m.,Yasamal r.,5364265,102000,vasit?çi (agent),Yoxdur,https://bina.az/items/5364265,40.39353918,49.79514115,20,20
205,Yeni tikili,72,var,var,3,Yasamal r.,Yeni Yasamal q.,5364517,150000,vasit?çi (agent),Yoxdur,https://bina.az/items/5364517,40.38912164,49.78875238,17,20
206,Yeni tikili,67,var,var,2,X?tai r.,?hm?dli q.,5268804,139000,vasit?çi (agent),Yoxdur,https://bina.az/items/5268804,40.36521758,49.95976925,2,20
207,Yeni tikili,80,var,var,3,Ab?eron r.,M?mm?dli q.,5375552,102000,vasit?çi (agent),Yoxdur,https://bina.az/items/5375552,40.52694216,49.9320599,1,4
208,Köhn? tikili,55,var,var,2,Zoopark,G?nclik m.,5338907,138000,vasit?çi (agent),Yoxdur,https://bina.az/items/5338907,40.39369318,49.84681396,5,5
209,Yeni tikili,75,var,var,3,N?simi m.,Bin?q?di r.,5336053,145000,vasit?çi (agent),Yoxdur,https://bina.az/items/5336053,40.42961024,49.82521495,3,9
210,Yeni tikili,64,yoxdur,var,3,X?tai r.,H?zi Aslanov q.,5375553,115000,vasit?çi (agent),Yoxdur,https://bina.az/items/5375553,40.38220603,49.9246933,10,14
211,Köhn? tikili,45,var,var,2,['X?tai r.'],Yoxdur,5360643,103000,vasit?çi (agent),Yoxdur,https://bina.az/items/5360643,40.36811748,49.94137835,6,9
212,Köhn? tikili,60,yoxdur,var,2,H?zi Aslanov m.,X?tai r.,5375548,143000,vasit?çi (agent),Yoxdur,https://bina.az/items/5375548,40.36605761,49.94933236,3,9
213,Yeni tikili,88,var,var,2,Qarada? r.,Lökbatan q.,5310930,135000,vasit?çi (agent),var,https://bina.az/items/5310930,40.32467599,49.73072075,9,9
214,Köhn? tikili,70,var,var,3,['X?tai r.'],Yoxdur,5317080,148000,vasit?çi (agent),Yoxdur,https://bina.az/items/5317080,40.36786611,49.93989944,5,5
215,Köhn? tikili,65,var,var,3,X?tai r.,H?zi Aslanov m.,5375529,143000,vasit?çi (agent),var,https://bina.az/items/5375529,40.36464504,49.95970713,4,9
216,Köhn? tikili,65,var,var,2,X?tai r.,Köhn? Gün??li q.,5033039,115000,vasit?çi (agent),var,https://bina.az/items/5033039,40.36188472,49.96958723,3,9
217,Köhn? tikili,33,var,yoxdur,1,Neftçi bazas?,D?M,5369967,115000,mülkiyy?tçi,Yoxdur,https://bina.az/items/5369967,40.40103718,49.8398813,3,5
218,Yeni tikili,79,var,yoxdur,2,Neapol dair?si,?hm?dli m.,5200563,133000,vasit?çi (agent),var,https://bina.az/items/5200563,40.38581936,49.96529903,14,17
219,Yeni tikili,59,yoxdur,yoxdur,2,??rq bazar?,N?rimanov r.,5047835,142800,vasit?çi (agent),Yoxdur,https://bina.az/items/5047835,40.38916533,49.85690578,5,14
220,Köhn? tikili,60,var,var,3,X?tai r.,H?zi Aslanov q.,5375513,127000,vasit?çi (agent),var,https://bina.az/items/5375513,40.35953693,49.96180077,3,9
221,Yeni tikili,62,var,var,2,?hm?dli m.,X?tai r.,5357593,145000,vasit?çi (agent),Yoxdur,https://bina.az/items/5357593,40.38496025,49.95492328,8,9
222,Yeni tikili,55,var,var,2,?hm?dli m.,X?tai r.,5375510,145000,vasit?çi (agent),var,https://bina.az/items/5375510,40.38693796,49.95395659,3,9
223,Yeni tikili,55,var,var,2,Memar ?c?mi m.,N?simi r.,5375506,137000,mülkiyy?tçi,Yoxdur,https://bina.az/items/5375506,40.4136237,49.8112751,3,5
224,Yeni tikili,45,var,var,2,ASAN Xidm?t ?3,Yasamal bazar?,5267625,144000,mülkiyy?tçi,var,https://bina.az/items/5267625,40.379828,49.808782,5,16
225,Yeni tikili,65,var,var,2,D?rn?gül m.,Bin?q?di r.,5358950,119000,vasit?çi (agent),Yoxdur,https://bina.az/items/5358950,40.41942178,49.8525157,18,18
226,Köhn? tikili,35,var,var,1,ASAN Xidm?t ?1,8 Noyabr m.,5323521,120000,vasit?çi (agent),Yoxdur,https://bina.az/items/5323521,40.4018627,49.83140945,1,5
227,Yeni tikili,60,var,var,2,?n?aatç?lar m.,Yasamal r.,5339528,149000,vasit?çi (agent),Yoxdur,https://bina.az/items/5339528,40.394,49.795,12,17
228,Yeni tikili,82,yoxdur,var,2,Sabunçu r.,Bak?xanov q.,5275551,140000,vasit?çi (agent),Yoxdur,https://bina.az/items/5275551,40.4369527,49.9583745,17,19
229,Yeni tikili,82,var,var,2,Sabunçu r.,Bak?xanov q.,5343955,136500,vasit?çi (agent),var,https://bina.az/items/5343955,40.4369527,49.9583745,8,19
230,Köhn? tikili,80,var,var,3,['X?tai r.'],Yoxdur,5375470,133000,vasit?çi (agent),var,https://bina.az/items/5375470,40.34296784,49.97147534,5,5
231,Yeni tikili,41,var,var,1,ASAN Xidm?t ?3,Yasamal bazar?,5375465,109000,vasit?çi (agent),Yoxdur,https://bina.az/items/5375465,40.379962,49.808995,9,10
232,Köhn? tikili,70,var,var,3,Azadl?q Prospekti m.,Bin?q?di r.,5270188,138000,vasit?çi (agent),Yoxdur,https://bina.az/items/5270188,40.42923573,49.84978215,8,12
233,Yeni tikili,92,var,var,2,H?zi Aslanov m.,X?tai r.,5352635,149000,vasit?çi (agent),Yoxdur,https://bina.az/items/5352635,40.37080966,49.95515445,17,17
234,Köhn? tikili,60,var,var,2,Sabunçu r.,Bak?xanov q.,5375455,126000,vasit?çi (agent),Yoxdur,https://bina.az/items/5375455,40.41710826,49.97192194,4,9
235,Köhn? tikili,75,var,var,3,['X?tai r.'],Yoxdur,5134319,142000,vasit?çi (agent),var,https://bina.az/items/5134319,40.36375727,49.95960466,9,9
236,Yeni tikili,80,var,var,3,Suraxan? r.,Hövsan q.,5375434,105000,vasit?çi (agent),Yoxdur,https://bina.az/items/5375434,40.38045837,50.07359106,3,12
237,Yeni tikili,55,var,var,2,Memar ?c?mi m.,20 Yanvar m.,5375436,135000,vasit?çi (agent),var,https://bina.az/items/5375436,40.41174622,49.81151378,2,5
238,Köhn? tikili,52,var,var,2,Suraxan? r.,Yeni Gün??li q.,5306926,109000,mülkiyy?tçi,var,https://bina.az/items/5306926,40.38716266,49.98367766,9,9
239,Köhn? tikili,50,var,var,2,Memar ?c?mi m.,N?simi r.,5375426,132000,mülkiyy?tçi,Yoxdur,https://bina.az/items/5375426,40.41341872,49.82140925,4,5
240,Köhn? tikili,52,var,var,1,??rq bazar?,28 May m.,4931381,116000,vasit?çi (agent),var,https://bina.az/items/4931381,40.3853242,49.85424042,4,5
241,Köhn? tikili,60,var,var,2,['Sabunçu r.'],Yoxdur,5375396,126000,vasit?çi (agent),Yoxdur,https://bina.az/items/5375396,40.43241676,49.95297894,4,9
242,Yeni tikili,67,var,var,2,Suraxan? r.,Yeni Gün??li q.,5375397,113000,vasit?çi (agent),Yoxdur,https://bina.az/items/5375397,40.37462334,49.97966039,15,25
243,Köhn? tikili,70,var,var,3,Sabunçu r.,Bak?xanov q.,5231791,145000,vasit?çi (agent),Yoxdur,https://bina.az/items/5231791,40.42487454,49.96005546,2,3
244,Köhn? tikili,65,var,var,2,X?tai r.,?hm?dli q.,5298090,134000,mülkiyy?tçi,Yoxdur,https://bina.az/items/5298090,40.36380704,49.95498568,5,9
245,Köhn? tikili,60,var,var,3,['X?tai r.'],Yoxdur,5375391,128000,vasit?çi (agent),Yoxdur,https://bina.az/items/5375391,40.35341709,49.96211907,3,9
246,Köhn? tikili,70,var,var,3,Suraxan? r.,Hövsan q.,5375381,118000,vasit?çi (agent),Yoxdur,https://bina.az/items/5375381,40.35801704,50.06511161,2,5
247,Yeni tikili,60,var,var,2,Azadl?q Prospekti m.,Bin?q?di r.,5256300,148000,mülkiyy?tçi,var,https://bina.az/items/5256300,40.43321626,49.84503114,17,18
248,Yeni tikili,57,var,var,2,20 Yanvar m.,Yasamal r.,5308047,135000,vasit?çi (agent),var,https://bina.az/items/5308047,40.39891354,49.80531306,5,17
249,Yeni tikili,70,var,var,3,Massiv D q.,Suraxan? r.,5375372,139000,vasit?çi (agent),Yoxdur,https://bina.az/items/5375372,40.37478681,49.97953164,8,25
250,Yeni tikili,62,var,var,2,Memar ?c?mi m.,Bin?q?di r.,5362180,142000,vasit?çi (agent),var,https://bina.az/items/5362180,40.41935583,49.81195018,2,16
251,Yeni tikili,83,var,var,3,Sabunçu r.,Bak?xanov q.,5354359,139500,vasit?çi (agent),var,https://bina.az/items/5354359,40.4369527,49.9583745,2,19
252,Köhn? tikili,53,var,var,2,Memar ?c?mi m.,20 Yanvar m.,5336401,115000,vasit?çi (agent),Yoxdur,https://bina.az/items/5336401,40.41132076,49.80534309,5,5
253,Yeni tikili,37,yoxdur,yoxdur,1,Qara Qarayev m.,Nizami r.,5164748,104000,vasit?çi (agent),Yoxdur,https://bina.az/items/5164748,40.41755565,49.93417989,11,16
254,Köhn? tikili,48,var,var,2,N?riman N?rimanov park?,R?ssaml?q Akademiyas?,5372807,140000,vasit?çi (agent),Yoxdur,https://bina.az/items/5372807,40.39963917,49.87570689,1,3
255,Yeni tikili,60,var,Yoxdur,2,Qara Qarayev m.,Nizami r.,5359596,147000,vasit?çi (agent),Yoxdur,https://bina.az/items/5359596,40.41724904,49.93416994,4,5
256,Köhn? tikili,105,var,yoxdur,4,Suraxan? r.,Yeni Gün??li q.,3775919,137500,mülkiyy?tçi,var,https://bina.az/items/3775919,40.38187198,49.97477194,9,9
257,Köhn? tikili,38,var,var,1,['N?rimanov r.'],Yoxdur,5352506,117000,vasit?çi (agent),Yoxdur,https://bina.az/items/5352506,40.40903983,49.83587801,4,5
258,Köhn? tikili,40,var,var,2,N?riman N?rimanov m.,N?rimanov r.,5356935,142000,vasit?çi (agent),Yoxdur,https://bina.az/items/5356935,40.4039003,49.86776414,4,5
259,Köhn? tikili,40,var,var,2,N?riman N?rimanov m.,N?rimanov r.,5356916,137000,vasit?çi (agent),Yoxdur,https://bina.az/items/5356916,40.40859401,49.86718358,4,5
260,Köhn? tikili,70,var,var,3,Neftçil?r m.,Xalqlar Dostlu?u m.,5375327,150000,vasit?çi (agent),Yoxdur,https://bina.az/items/5375327,40.40506074,49.94795174,4,5
261,Yeni tikili,30,var,var,1,20 Yanvar m.,Yasamal r.,5311431,107000,vasit?çi (agent),var,https://bina.az/items/5311431,40.39796853,49.80596273,20,20
262,Köhn? tikili,63,var,var,4,N?simi m.,N?simi r.,5375305,125000,vasit?çi (agent),Yoxdur,https://bina.az/items/5375305,40.41807697,49.83404117,1,5
263,Köhn? tikili,50,var,var,2,Neftçil?r m.,Nizami r.,5358691,122000,vasit?çi (agent),Yoxdur,https://bina.az/items/5358691,40.41488669,49.94784763,5,5
264,Yeni tikili,113,var,yoxdur,3,H?zi Aslanov m.,X?tai r.,5330327,140000,vasit?çi (agent),var,https://bina.az/items/5330327,40.36666167,49.95946399,17,17
265,Yeni tikili,60,var,var,2,?n?aatç?lar m.,Yasamal r.,5290258,144500,vasit?çi (agent),Yoxdur,https://bina.az/items/5290258,40.39401226,49.79737107,7,9
266,Köhn? tikili,50,var,var,2,8 Noyabr m.,Memar ?c?mi m.,5375293,125000,vasit?çi (agent),Yoxdur,https://bina.az/items/5375293,40.4084086,49.82178923,3,5
267,Köhn? tikili,45,var,var,2,Yasamal r.,Yeni Yasamal q.,5142735,115000,vasit?çi (agent),Yoxdur,https://bina.az/items/5142735,40.39502722,49.79295093,7,9
268,Yeni tikili,45,var,var,2,D?rn?gül m.,Bin?q?di r.,5375290,138000,vasit?çi (agent),Yoxdur,https://bina.az/items/5375290,40.41973763,49.85249254,3,18
269,Yeni tikili,42,yoxdur,yoxdur,2,Bak? Slavyan Universiteti,Az?rbaycan Dill?r Universiteti,5097656,148000,vasit?çi (agent),Yoxdur,https://bina.az/items/5097656,40.38470967,49.8450275,3,16
270,Köhn? tikili,55,var,var,3,Xalqlar Dostlu?u m.,Neftçil?r m.,5375286,126500,vasit?çi (agent),Yoxdur,https://bina.az/items/5375286,40.40459474,49.95065876,5,5
271,Yeni tikili,70,var,var,2,Suraxan? r.,Massiv D q.,5375287,135000,vasit?çi (agent),Yoxdur,https://bina.az/items/5375287,40.36941427,49.97644443,6,12
272,Köhn? tikili,60,var,var,2,X?tai r.,?hm?dli q.,5355556,133000,vasit?çi (agent),var,https://bina.az/items/5355556,40.36486117,49.96268152,5,9
273,Yeni tikili,47,yoxdur,var,2,20 Yanvar m.,Yasamal r.,4430848,146320,Ya?ay?? Kompleksi,var,https://bina.az/items/4430848,40.39781016,49.808321,20,20
274,Köhn? tikili,35,var,var,1,?n?aatç?lar m.,Yasamal r.,5375272,120000,vasit?çi (agent),Yoxdur,https://bina.az/items/5375272,40.38318203,49.80959581,4,5
275,Köhn? tikili,65,var,var,3,Suraxan? r.,Z?? q.,5375263,120000,mülkiyy?tçi,Yoxdur,https://bina.az/items/5375263,40.342,49.978,2,4
276,Yeni tikili,55,var,var,2,Neftçil?r m.,Nizami r.,5264137,137500,vasit?çi (agent),Yoxdur,https://bina.az/items/5264137,40.41032052,49.95313852,9,18
277,Köhn? tikili,33,var,var,1,Memar ?c?mi m.,8 Noyabr m.,5332072,112000,vasit?çi (agent),Yoxdur,https://bina.az/items/5332072,40.40918279,49.82025146,1,5
278,Köhn? tikili,45,var,var,2,Bin?q?di r.,8-ci mikrorayon q.,5296356,102000,vasit?çi (agent),Yoxdur,https://bina.az/items/5296356,40.41292298,49.83703429,5,5
279,Köhn? tikili,75,var,var,3,Memar ?c?mi m.,Bin?q?di r.,5375212,138000,vasit?çi (agent),var,https://bina.az/items/5375212,40.41896912,49.81141623,9,9
280,Köhn? tikili,58,var,var,2,Memar ?c?mi m.,N?simi r.,5172637,122000,vasit?çi (agent),Yoxdur,https://bina.az/items/5172637,40.41075109,49.81691738,1,5
281,Yeni tikili,35,yoxdur,var,2,?ah ?smay?l X?tai m.,X?tai r.,5284244,135000,vasit?çi (agent),Yoxdur,https://bina.az/items/5284244,40.3815393,49.87228835,16,17
282,Yeni tikili,82,yoxdur,yoxdur,2,H?zi Aslanov m.,X?tai r.,5343332,144000,vasit?çi (agent),Yoxdur,https://bina.az/items/5343332,40.3664311,49.9546053,11,13
283,Köhn? tikili,42,var,var,2,Montin bazar?,N?riman N?rimanov m.,5374467,118000,vasit?çi (agent),Yoxdur,https://bina.az/items/5374467,40.39696411,49.87838826,2,5
284,Köhn? tikili,45,var,var,2,N?riman N?rimanov park?,R?ssaml?q Akademiyas?,5374910,120000,vasit?çi (agent),Yoxdur,https://bina.az/items/5374910,40.39970913,49.8768742,2,5
285,Yeni tikili,80,var,yoxdur,2,?hm?dli m.,X?tai r.,5375213,133000,mülkiyy?tçi,Yoxdur,https://bina.az/items/5375213,40.38495559,49.95101792,14,17
286,Yeni tikili,55,yoxdur,yoxdur,1,Qara Qarayev m.,Nizami r.,5375211,105000,vasit?çi (agent),Yoxdur,https://bina.az/items/5375211,40.41752534,49.93481366,2,16
287,Köhn? tikili,37,var,var,1,S?bail r.,Badamdar q.,5375206,125000,mülkiyy?tçi,var,https://bina.az/items/5375206,40.34047649,49.80916754,4,5
288,Köhn? tikili,35,var,var,1,Elml?r Akademiyas? m.,Yasamal r.,5375203,121000,vasit?çi (agent),Yoxdur,https://bina.az/items/5375203,40.38212777,49.81493878,5,5
289,Yeni tikili,68,yoxdur,yoxdur,2,Qara Qarayev m.,Nizami r.,5332908,147000,mülkiyy?tçi,Yoxdur,https://bina.az/items/5332908,40.41854811,49.93352725,12,14
290,Yeni tikili,55,var,var,2,?n?aatç?lar m.,Yasamal r.,5303147,134000,vasit?çi (agent),var,https://bina.az/items/5303147,40.39128712,49.79997818,16,21
291,Köhn? tikili,60,var,var,2,Köhn? Gün??li q.,X?tai r.,5375176,115000,mülkiyy?tçi,Yoxdur,https://bina.az/items/5375176,40.36039682,49.97071888,3,9
292,Köhn? tikili,90,var,var,3,H?zi Aslanov m.,X?tai r.,5244051,142000,vasit?çi (agent),var,https://bina.az/items/5244051,40.36866431,49.95994881,9,9
293,Köhn? tikili,60,var,var,2,['X?tai r.'],Yoxdur,5366697,143000,vasit?çi (agent),var,https://bina.az/items/5366697,40.36447337,49.94917141,3,9
294,Yeni tikili,40,var,var,2,Qara Qarayev m.,Nizami r.,5372689,113000,vasit?çi (agent),Yoxdur,https://bina.az/items/5372689,40.41793029,49.93519635,9,9
295,Köhn? tikili,31,var,yoxdur,1,Montin bazar?,N?rimanov r.,5371070,104000,mülkiyy?tçi,Yoxdur,https://bina.az/items/5371070,40.39409752,49.87773686,2,4
296,Köhn? tikili,65,var,var,3,X?tai r.,Köhn? Gün??li q.,4988661,127000,vasit?çi (agent),Yoxdur,https://bina.az/items/4988661,40.36791516,49.96445775,2,9
297,Köhn? tikili,55,var,var,2,Memar ?c?mi m.,N?simi r.,5375157,132000,vasit?çi (agent),Yoxdur,https://bina.az/items/5375157,40.4111954,49.81865161,4,5
298,Köhn? tikili,45,var,var,2,Neftçil?r m.,Nizami r.,5375140,107000,vasit?çi (agent),Yoxdur,https://bina.az/items/5375140,40.40669331,49.94558541,5,5
299,Köhn? tikili,69,var,yoxdur,3,Suraxan? r.,?mircan q.,5375139,105000,mülkiyy?tçi,var,https://bina.az/items/5375139,40.41752252,50.0012375,5,5
300,Köhn? tikili,50,var,var,2,Memar ?c?mi m.,N?simi r.,4929058,128000,vasit?çi (agent),Yoxdur,https://bina.az/items/4929058,40.4082509,49.8205738,1,5
301,Köhn? tikili,50,var,var,2,?hm?dli m.,X?tai r.,5375135,145000,vasit?çi (agent),var,https://bina.az/items/5375135,40.38816519,49.95436211,3,9
302,Yeni tikili,80,var,var,3,['Suraxan? r.'],Yoxdur,5144088,110000,vasit?çi (agent),var,https://bina.az/items/5144088,40.38697024,50.07296753,9,12
303,Köhn? tikili,45,var,var,2,Qara Qarayev m.,Nizami r.,5109532,113000,vasit?çi (agent),var,https://bina.az/items/5109532,40.41759665,49.93417025,9,9
304,Köhn? tikili,60,var,var,3,Suraxan? r.,Qaraçuxur q.,5375132,110000,mülkiyy?tçi,Yoxdur,https://bina.az/items/5375132,40.4002656,49.98063993,2,5
305,Yeni tikili,90,var,var,3,Ab?eron r.,Masaz?r q.,5309126,133000,vasit?çi (agent),var,https://bina.az/items/5309126,40.49177146,49.74649925,4,7
306,Yeni tikili,44,var,var,1,?n?aatç?lar m.,Yasamal r.,5375112,138000,vasit?çi (agent),Yoxdur,https://bina.az/items/5375112,40.39306779,49.79512704,5,18
307,Köhn? tikili,85,var,var,3,H?zi Aslanov m.,X?tai r.,5375102,133000,vasit?çi (agent),var,https://bina.az/items/5375102,40.34211606,49.97696776,5,5
308,Yeni tikili,57,var,var,2,Qara Qarayev m.,Koro?lu m.,5375098,142000,mülkiyy?tçi,var,https://bina.az/items/5375098,40.41715185,49.92776525,11,17
309,Köhn? tikili,45,var,var,2,?n?aatç?lar m.,Yasamal r.,5375096,135000,vasit?çi (agent),Yoxdur,https://bina.az/items/5375096,40.38714907,49.8034444,5,5
310,Köhn? tikili,70,var,var,3,H?zi Aslanov m.,X?tai r.,5375089,127000,vasit?çi (agent),var,https://bina.az/items/5375089,40.36954969,49.95979296,3,9
311,Köhn? tikili,65,var,var,2,['X?tai r.'],Yoxdur,5032368,124000,vasit?çi (agent),var,https://bina.az/items/5032368,40.36665962,49.96560057,6,10
312,Köhn? tikili,65,var,var,3,H?zi Aslanov m.,X?tai r.,5375088,143000,vasit?çi (agent),var,https://bina.az/items/5375088,40.36713411,49.96002823,4,9
313,Yeni tikili,80,var,var,3,Suraxan? r.,Yeni Gün??li q.,5375078,147000,vasit?çi (agent),Yoxdur,https://bina.az/items/5375078,40.37458247,49.97863042,6,9
314,Yeni tikili,60,yoxdur,var,2,Azadl?q Prospekti m.,Bin?q?di r.,5300274,132000,vasit?çi (agent),Yoxdur,https://bina.az/items/5300274,40.42490021,49.841226,7,12
315,Köhn? tikili,60,var,var,2,Memar ?c?mi m.,N?simi r.,5375077,109000,vasit?çi (agent),var,https://bina.az/items/5375077,40.41555618,49.81577347,5,5
316,Köhn? tikili,50,var,var,2,Neftçil?r m.,Nizami r.,5368023,119000,vasit?çi (agent),Yoxdur,https://bina.az/items/5368023,40.40986305,49.95062797,5,5
317,Köhn? tikili,65,var,var,3,Xalqlar Dostlu?u m.,Nizami r.,5296239,149000,vasit?çi (agent),var,https://bina.az/items/5296239,40.40355647,49.95829656,9,9
318,Köhn? tikili,50,var,var,2,Elml?r Akademiyas? m.,Yasamal r.,5371443,149000,vasit?çi (agent),Yoxdur,https://bina.az/items/5371443,40.38363968,49.81259989,3,5
319,Köhn? tikili,45,var,var,2,S?bail r.,Badamdar q.,5373423,124500,vasit?çi (agent),Yoxdur,https://bina.az/items/5373423,40.33978459,49.80548364,1,5
320,Yeni tikili,80,var,var,3,Suraxan? r.,Yeni Gün??li q.,5370381,150000,vasit?çi (agent),var,https://bina.az/items/5370381,40.37666157,49.97800017,2,16
321,Köhn? tikili,65,var,var,3,S?bail r.,Badamdar q.,4608029,150000,vasit?çi (agent),Yoxdur,https://bina.az/items/4608029,40.3395229,49.8034237,4,5
322,Köhn? tikili,45,var,var,2,Bin?q?di r.,8-ci mikrorayon q.,5133570,131000,vasit?çi (agent),var,https://bina.az/items/5133570,40.41637049,49.84185987,6,9
323,Köhn? tikili,80,var,Yoxdur,2,Memar ?c?mi m.,N?simi r.,5187419,112000,vasit?çi (agent),Yoxdur,https://bina.az/items/5187419,40.41407489,49.81537224,3,5
324,Yeni tikili,123,yoxdur,var,3,Yasamal r.,Yeni Yasamal q.,5361394,145000,vasit?çi (agent),Yoxdur,https://bina.az/items/5361394,40.39613067,49.7879444,16,16
325,Yeni tikili,55,var,var,2,Sabunçu r.,Bak?xanov q.,5236365,135000,vasit?çi (agent),var,https://bina.az/items/5236365,40.42247294,49.96971488,4,11
326,Köhn? tikili,60,var,var,3,Sabunçu r.,Bak?xanov q.,5210178,133000,vasit?çi (agent),Yoxdur,https://bina.az/items/5210178,40.41925479,49.95748401,3,5
327,Yeni tikili,90,var,var,3,?hm?dli m.,Xalqlar Dostlu?u m.,5375039,150000,vasit?çi (agent),var,https://bina.az/items/5375039,40.3908684,49.95354802,4,9
328,Yeni tikili,60,var,var,2,?n?aatç?lar m.,Yasamal r.,5371142,147000,vasit?çi (agent),var,https://bina.az/items/5371142,40.39404288,49.79546091,4,13
329,Yeni tikili,82,yoxdur,yoxdur,2,['Yasamal r.'],Yoxdur,5375033,130000,vasit?çi (agent),Yoxdur,https://bina.az/items/5375033,40.41285901,49.80096794,21,21
330,Köhn? tikili,45,var,var,2,S?bail r.,Badamdar q.,5248482,128000,mülkiyy?tçi,var,https://bina.az/items/5248482,40.33807052,49.80763783,2,3
331,Köhn? tikili,45,var,var,2,['Bin?q?di r.'],Yoxdur,5331239,135000,vasit?çi (agent),Yoxdur,https://bina.az/items/5331239,40.41620739,49.84097833,2,9
332,Köhn? tikili,40,var,var,1,?n?aatç?lar m.,Yasamal r.,5302630,105000,mülkiyy?tçi,Yoxdur,https://bina.az/items/5302630,40.39127192,49.80630214,5,5
333,Yeni tikili,110,yoxdur,var,3,Ab?eron r.,Mehdiabad q.,5271067,130000,mülkiyy?tçi,Yoxdur,https://bina.az/items/5271067,40.49138915,49.85526788,2,10
334,Yeni tikili,66,var,var,2,Ab?eron r.,Masaz?r q.,5367407,107000,mülkiyy?tçi,Yoxdur,https://bina.az/items/5367407,40.49148182,49.74605063,2,9
335,Yeni tikili,76,var,var,3,Suraxan? r.,Hövsan q.,5375018,105000,mülkiyy?tçi,Yoxdur,https://bina.az/items/5375018,40.376143,50.091873,3,12
336,Köhn? tikili,60,var,var,2,N?riman N?rimanov m.,Bakmil m.,5375017,140000,vasit?çi (agent),var,https://bina.az/items/5375017,40.40956606,49.87265241,2,4
337,Yeni tikili,73,var,var,2,Ab?eron r.,Masaz?r q.,4640335,100000,mülkiyy?tçi,var,https://bina.az/items/4640335,40.48539189,49.77831244,5,8
338,Yeni tikili,72,var,var,3,Neapol dair?si,?hm?dli m.,5346823,143000,vasit?çi (agent),var,https://bina.az/items/5346823,40.38147089,49.96002138,10,16
339,Köhn? tikili,55,var,var,2,N?riman N?rimanov m.,Bakmil m.,5374999,140000,vasit?çi (agent),Yoxdur,https://bina.az/items/5374999,40.40870595,49.87354685,2,4
340,Köhn? tikili,45,var,var,2,Memar ?c?mi m.,N?simi r.,5322975,125000,mülkiyy?tçi,Yoxdur,https://bina.az/items/5322975,40.41062058,49.81355667,1,5
341,Yeni tikili,52,var,var,2,Ukrayna dair?si,?hm?dli m.,5318379,124000,vasit?çi (agent),var,https://bina.az/items/5318379,40.37923114,49.95444924,15,17
342,Yeni tikili,37,var,var,2,Qara Qarayev m.,Nizami r.,5135993,105000,vasit?çi (agent),var,https://bina.az/items/5135993,40.41759362,49.93402359,13,17
343,Köhn? tikili,42,var,var,1,Xalqlar Dostlu?u m.,Nizami r.,5339464,109000,vasit?çi (agent),Yoxdur,https://bina.az/items/5339464,40.39737932,49.94193761,2,5
344,Yeni tikili,52,yoxdur,yoxdur,1,Neftçil?r m.,Qara Qarayev m.,5322259,105000,mülkiyy?tçi,Yoxdur,https://bina.az/items/5322259,40.41208609,49.936089,2,16
345,Köhn? tikili,65,var,var,2,Suraxan? r.,Yeni Gün??li q.,5366606,120000,mülkiyy?tçi,Yoxdur,https://bina.az/items/5366606,40.38315543,49.97510178,9,9
346,Köhn? tikili,40,var,var,2,9-cu mikrorayon q.,Bin?q?di r.,5374960,121500,vasit?çi (agent),Yoxdur,https://bina.az/items/5374960,40.42380472,49.81161666,6,9
347,Köhn? tikili,58,var,var,2,Memar ?c?mi m.,N?simi r.,4489492,123000,vasit?çi (agent),Yoxdur,https://bina.az/items/4489492,40.41496331,49.81341275,3,5
348,Köhn? tikili,58,var,var,2,Memar ?c?mi m.,N?simi r.,4550595,114900,vasit?çi (agent),Yoxdur,https://bina.az/items/4550595,40.41352567,49.8112751,1,5
349,Köhn? tikili,45,var,var,2,Qara Qarayev m.,Nizami r.,5351978,113000,vasit?çi (agent),Yoxdur,https://bina.az/items/5351978,40.41710646,49.93430206,9,9
350,Yeni tikili,123,yoxdur,var,3,Yasamal r.,Yeni Yasamal q.,5374956,145000,vasit?çi (agent),Yoxdur,https://bina.az/items/5374956,40.39362562,49.7896831,16,16
351,Köhn? tikili,60,var,var,2,N?riman N?rimanov m.,N?rimanov r.,5374952,140000,vasit?çi (agent),Yoxdur,https://bina.az/items/5374952,40.40990006,49.87278432,2,4
352,Yeni tikili,60,var,var,2,Sabunçu r.,Bak?xanov q.,5293404,144900,vasit?çi (agent),Yoxdur,https://bina.az/items/5293404,40.42117427,49.96921062,6,9
353,Köhn? tikili,60,var,var,2,Bin?q?di r.,Bil?c?ri q.,5197248,119000,mülkiyy?tçi,var,https://bina.az/items/5197248,40.44159896,49.80733395,3,9
354,Yeni tikili,50,yoxdur,yoxdur,1,8 Noyabr m.,N?simi r.,4158487,142410,Ya?ay?? Kompleksi,var,https://bina.az/items/4158487,40.39932172,49.82657075,7,16
355,Köhn? tikili,60,var,var,2,['X?tai r.'],Yoxdur,5363536,130000,vasit?çi (agent),Yoxdur,https://bina.az/items/5363536,40.36385641,49.94799104,1,9
356,Köhn? tikili,60,var,var,2,X?tai r.,Köhn? Gün??li q.,5355286,113000,vasit?çi (agent),Yoxdur,https://bina.az/items/5355286,40.35791724,49.96884584,9,9
357,Yeni tikili,52,yoxdur,var,2,Neapol dair?si,H?zi Aslanov m.,5259672,118000,vasit?çi (agent),Yoxdur,https://bina.az/items/5259672,40.37869622,49.96098161,17,17
358,Köhn? tikili,80,var,var,3,Azadl?q Prospekti m.,D?rn?gül m.,5374943,147000,vasit?çi (agent),var,https://bina.az/items/5374943,40.42576717,49.85191557,5,5
359,Köhn? tikili,62,var,var,2,Neftçil?r m.,Nizami r.,5330820,123000,vasit?çi (agent),Yoxdur,https://bina.az/items/5330820,40.41139884,49.9504349,5,5
360,Köhn? tikili,80,var,Yoxdur,3,Suraxan? r.,Qaraçuxur q.,5037967,149000,vasit?çi (agent),Yoxdur,https://bina.az/items/5037967,40.40315358,49.979918,2,9
361,Köhn? tikili,50,var,var,2,H?zi Aslanov m.,X?tai r.,5370616,119000,vasit?çi (agent),var,https://bina.az/items/5370616,40.36892573,49.94530903,3,9
362,Yeni tikili,39,var,var,2,Be?m?rt?b?,M?rk?zi Univermaq,5374901,143000,mülkiyy?tçi,Yoxdur,https://bina.az/items/5374901,40.37493913,49.8347271,1,3
363,Köhn? tikili,58,var,var,2,Suraxan? r.,Yeni Gün??li q.,5332149,124998,mülkiyy?tçi,var,https://bina.az/items/5332149,40.38567899,49.97574874,1,9
364,Yeni tikili,45,yoxdur,yoxdur,1,Sabunçu r.,Nardaran q.,5374927,140000,vasit?çi (agent),Yoxdur,https://bina.az/items/5374927,40.57979539,49.9339418,5,9
365,Yeni tikili,55,var,var,2,S?bail r.,Badamdar q.,5372292,150000,vasit?çi (agent),var,https://bina.az/items/5372292,40.34167584,49.81032186,10,17
366,Yeni tikili,70,var,var,3,Suraxan? r.,Massiv D q.,5318902,140000,vasit?çi (agent),var,https://bina.az/items/5318902,40.37020393,49.97771859,7,15
367,Yeni tikili,67,var,yoxdur,1,8 Noyabr m.,Bak? Asiya Universiteti,5335916,140000,vasit?çi (agent),Yoxdur,https://bina.az/items/5335916,40.40192806,49.82085228,16,18
368,Yeni tikili,73,var,var,3,Suraxan? r.,Yeni Gün??li q.,5204024,145000,vasit?çi (agent),var,https://bina.az/items/5204024,40.36784977,49.97657061,15,18
369,Yeni tikili,60,var,var,2,?n?aatç?lar m.,Yasamal r.,5310770,123000,vasit?çi (agent),var,https://bina.az/items/5310770,40.39375637,49.79688255,17,20
370,Yeni tikili,70,var,var,2,['Suraxan? r.'],Yoxdur,5316178,135000,vasit?çi (agent),var,https://bina.az/items/5316178,40.37034737,49.97468615,9,12
371,Köhn? tikili,35,var,var,2,M?rk?zi Univermaq,F?vvar?l?r meydan?,5250754,103000,vasit?çi (agent),Yoxdur,https://bina.az/items/5250754,40.37240123,49.83522272,1,3
372,Köhn? tikili,55,var,var,2,Suraxan? r.,Yeni Gün??li q.,5343345,124000,vasit?çi (agent),Yoxdur,https://bina.az/items/5343345,40.38433604,49.97967402,1,9
373,Yeni tikili,92,var,var,3,Ab?eron r.,Masaz?r q.,5288247,130000,mülkiyy?tçi,var,https://bina.az/items/5288247,40.4934687,49.74482806,6,9
374,Yeni tikili,73,yoxdur,yoxdur,2,Qara Qarayev m.,Nizami r.,4942066,140000,vasit?çi (agent),Yoxdur,https://bina.az/items/4942066,40.41608554,49.93330764,12,14
375,Yeni tikili,46,yoxdur,yoxdur,1,Koro?lu m.,N?rimanov r.,5272999,133500,vasit?çi (agent),Yoxdur,https://bina.az/items/5272999,40.42513263,49.91122794,8,17
376,Köhn? tikili,70,var,var,2,X?tai r.,Köhn? Gün??li q.,5374871,107000,vasit?çi (agent),var,https://bina.az/items/5374871,40.35764589,49.96861471,8,9
377,Köhn? tikili,65,var,var,2,Suraxan? r.,Yeni Gün??li q.,5298170,110000,vasit?çi (agent),Yoxdur,https://bina.az/items/5298170,40.38198726,49.97433888,1,9
378,Köhn? tikili,50,var,var,2,Neftçi bazas?,D?M,5360729,147000,vasit?çi (agent),Yoxdur,https://bina.az/items/5360729,40.40303442,49.83859372,4,5
379,Yeni tikili,80,var,var,2,Ab?eron r.,Masaz?r q.,5351184,112900,vasit?çi (agent),var,https://bina.az/items/5351184,40.48376891,49.75713672,10,14
380,Köhn? tikili,60,var,var,2,['X?tai r.'],Yoxdur,5374097,133000,vasit?çi (agent),var,https://bina.az/items/5374097,40.36397347,49.96259976,5,9
381,Köhn? tikili,56,var,var,2,X?tai r.,?hm?dli q.,5374858,110000,vasit?çi (agent),Yoxdur,https://bina.az/items/5374858,40.35830517,49.95936305,8,9
382,Yeni tikili,123,yoxdur,var,3,Yasamal r.,Yeni Yasamal q.,5374855,145000,vasit?çi (agent),Yoxdur,https://bina.az/items/5374855,40.39617773,49.78822102,16,16
383,Yeni tikili,63,var,var,2,Ab?eron r.,Masaz?r q.,5374838,108000,vasit?çi (agent),var,https://bina.az/items/5374838,40.49270453,49.74371514,5,14
384,Köhn? tikili,62,var,var,3,Suraxan? r.,Hövsan q.,5374831,118000,mülkiyy?tçi,Yoxdur,https://bina.az/items/5374831,40.35460501,50.06672998,2,5
385,Yeni tikili,69,var,yoxdur,1,['Suraxan? r.'],Yoxdur,5365633,120750,vasit?çi (agent),var,https://bina.az/items/5365633,40.38304502,49.97445065,11,15
386,Yeni tikili,55,var,var,2,['X?tai r.'],Yoxdur,5316646,149000,vasit?çi (agent),var,https://bina.az/items/5316646,40.35601664,49.95974737,6,19
387,Yeni tikili,50,var,var,1,H?zi Aslanov m.,X?tai r.,5334946,120000,vasit?çi (agent),var,https://bina.az/items/5334946,40.36610521,49.96009127,7,16
388,Köhn? tikili,60,var,var,2,N?riman N?rimanov m.,N?rimanov r.,5374821,140000,vasit?çi (agent),Yoxdur,https://bina.az/items/5374821,40.40545271,49.87610173,2,5
389,Köhn? tikili,50,var,Yoxdur,1,Bin?q?di r.,8-ci mikrorayon q.,5259419,110000,vasit?çi (agent),Yoxdur,https://bina.az/items/5259419,40.41272389,49.83594649,4,5
390,Köhn? tikili,80,var,var,3,Sabunçu r.,Bak?xanov q.,5323470,145000,vasit?çi (agent),Yoxdur,https://bina.az/items/5323470,40.42028196,49.97011077,9,9
391,Köhn? tikili,60,var,var,2,Sabunçu r.,Bak?xanov q.,5374818,118000,vasit?çi (agent),Yoxdur,https://bina.az/items/5374818,40.42159123,49.97047903,9,9
392,Köhn? tikili,65,var,var,2,H?zi Aslanov m.,X?tai r.,5365491,139000,vasit?çi (agent),var,https://bina.az/items/5365491,40.36765106,49.96182915,1,9
393,Köhn? tikili,60,var,var,2,?n?aatç?lar m.,Yasamal r.,5374802,147800,vasit?çi (agent),Yoxdur,https://bina.az/items/5374802,40.39324156,49.79291529,2,9
394,Köhn? tikili,60,var,var,2,H?zi Aslanov m.,X?tai r.,5374792,136000,vasit?çi (agent),Yoxdur,https://bina.az/items/5374792,40.37563495,49.96380478,6,9
395,Yeni tikili,45,yoxdur,var,2,Memar ?c?mi m.,N?simi r.,5329383,119000,vasit?çi (agent),Yoxdur,https://bina.az/items/5329383,40.4145386,49.81307754,10,14
396,Köhn? tikili,42,var,var,2,Sabunçu r.,Bak?xanov q.,5232380,118000,vasit?çi (agent),Yoxdur,https://bina.az/items/5232380,40.425626,49.947598,5,5
397,Köhn? tikili,55,var,var,2,Neftçil?r m.,Nizami r.,5331355,123000,vasit?çi (agent),Yoxdur,https://bina.az/items/5331355,40.41089735,49.95264493,5,5
398,Yeni tikili,90,var,var,3,Bin?q?di r.,9-cu mikrorayon q.,5320061,140000,vasit?çi (agent),Yoxdur,https://bina.az/items/5320061,40.42156641,49.81212986,18,18
399,Köhn? tikili,60,var,var,2,Yasamal r.,Yeni Yasamal q.,5374773,147700,vasit?çi (agent),Yoxdur,https://bina.az/items/5374773,40.39226993,49.79084438,2,9
400,Yeni tikili,55,yoxdur,var,2,Memar ?c?mi m.,Bin?q?di r.,5345513,119000,vasit?çi (agent),Yoxdur,https://bina.az/items/5345513,40.41951541,49.80911933,8,18
401,Yeni tikili,90,var,var,3,Suraxan? r.,Yeni Gün??li q.,5374759,135000,vasit?çi (agent),var,https://bina.az/items/5374759,40.38193735,49.97415754,2,9
402,Yeni tikili,123,yoxdur,var,3,Yasamal r.,Yeni Yasamal q.,4961785,150000,vasit?çi (agent),Yoxdur,https://bina.az/items/4961785,40.39665998,49.78951355,16,16
403,Yeni tikili,68,var,var,2,Suraxan? r.,Yeni Gün??li q.,5328212,137000,vasit?çi (agent),Yoxdur,https://bina.az/items/5328212,40.37495101,49.98035782,3,12
404,Yeni tikili,68,var,var,2,Suraxan? r.,Yeni Gün??li q.,5365237,135000,vasit?çi (agent),Yoxdur,https://bina.az/items/5365237,40.37515462,49.98043286,9,12
405,Köhn? tikili,60,var,var,2,Suraxan? r.,Yeni Gün??li q.,5354234,120000,vasit?çi (agent),var,https://bina.az/items/5354234,40.38565108,49.98118401,6,9
406,Yeni tikili,77,yoxdur,yoxdur,2,Qarada? r.,Lökbatan q.,5374721,105000,mülkiyy?tçi,Yoxdur,https://bina.az/items/5374721,40.31417747,49.73539613,7,18
407,Yeni tikili,70,var,var,3,Sabunçu r.,Yeni Ramana q.,5354307,136000,mülkiyy?tçi,Yoxdur,https://bina.az/items/5354307,40.441,49.979,9,10
408,Yeni tikili,120,yoxdur,yoxdur,3,Suraxan? r.,Z?? q.,5291868,130000,vasit?çi (agent),Yoxdur,https://bina.az/items/5291868,40.36591481,49.98763449,9,12
409,Yeni tikili,47,var,var,2,Suraxan? r.,Yeni Gün??li q.,5293163,108000,vasit?çi (agent),var,https://bina.az/items/5293163,40.37570428,49.98033899,5,12
410,Köhn? tikili,60,var,var,2,X?tai r.,?hm?dli q.,5075947,130000,vasit?çi (agent),var,https://bina.az/items/5075947,40.39210238,49.9654095,9,9
411,Yeni tikili,58,var,var,2,?n?aatç?lar m.,Yasamal r.,5374709,135000,vasit?çi (agent),Yoxdur,https://bina.az/items/5374709,40.39394075,49.79679023,14,16
412,Köhn? tikili,40,var,var,2,??rq bazar?,28 May m.,5374711,100000,vasit?çi (agent),Yoxdur,https://bina.az/items/5374711,40.38381572,49.85498738,2,2
413,Köhn? tikili,80,var,var,3,Suraxan? r.,Hövsan q.,5374697,105000,vasit?çi (agent),Yoxdur,https://bina.az/items/5374697,40.36046006,50.07589734,5,5
414,Köhn? tikili,39,var,var,1,G?nclik m.,Respublika stadionu,5030726,120000,vasit?çi (agent),Yoxdur,https://bina.az/items/5030726,40.40283834,49.8500092,3,5
415,Köhn? tikili,70,var,var,2,X?tai r.,Köhn? Gün??li q.,5374693,117000,vasit?çi (agent),var,https://bina.az/items/5374693,40.36501332,49.96881786,1,9
416,Köhn? tikili,90,var,var,3,Sabunçu r.,Bak?xanov q.,5237861,117000,vasit?çi (agent),Yoxdur,https://bina.az/items/5237861,40.43639106,49.945215,1,2
417,Köhn? tikili,45,var,var,2,Memar ?c?mi m.,N?simi r.,5374690,138000,vasit?çi (agent),Yoxdur,https://bina.az/items/5374690,40.41115924,49.81891606,2,5
418,Yeni tikili,50,var,var,2,20 Yanvar m.,?n?aatç?lar m.,5294316,144000,vasit?çi (agent),var,https://bina.az/items/5294316,40.39760233,49.80642169,5,16
419,Yeni tikili,120,var,var,3,Ab?eron r.,Masaz?r q.,5249455,130000,mülkiyy?tçi,Yoxdur,https://bina.az/items/5249455,40.47767204,49.7521019,5,11
420,Yeni tikili,55,var,yoxdur,2,Suraxan? r.,Yeni Gün??li q.,5192512,100000,mülkiyy?tçi,var,https://bina.az/items/5192512,40.38184015,49.97545468,1,9
421,Yeni tikili,80,var,var,3,Suraxan? r.,Qaraçuxur q.,4790935,135000,mülkiyy?tçi,var,https://bina.az/items/4790935,40.40393989,49.972769,14,14
422,Yeni tikili,78,yoxdur,yoxdur,2,Bak? Dövl?t Universiteti,Elml?r Akademiyas? m.,5300095,120000,vasit?çi (agent),Yoxdur,https://bina.az/items/5300095,40.37379069,49.80562865,14,18
423,Köhn? tikili,33,var,var,2,ASAN Xidm?t ?3,Elml?r Akademiyas? m.,5303161,123000,vasit?çi (agent),Yoxdur,https://bina.az/items/5303161,40.37757217,49.80950187,4,5
424,Yeni tikili,44,yoxdur,var,1,Memar ?c?mi m.,N?simi r.,5374636,120000,vasit?çi (agent),Yoxdur,https://bina.az/items/5374636,40.41466776,49.81384735,10,14
425,Köhn? tikili,90,var,var,4,Avtova?zal m.,Bin?q?di r.,5360512,149000,vasit?çi (agent),var,https://bina.az/items/5360512,40.4269362,49.79823701,2,5
426,Köhn? tikili,65,var,var,3,X?tai r.,?hm?dli q.,5374635,135000,vasit?çi (agent),var,https://bina.az/items/5374635,40.37726552,49.9644807,7,9
427,Köhn? tikili,65,var,var,2,Sabunçu r.,Bak?xanov q.,4951734,126000,vasit?çi (agent),var,https://bina.az/items/4951734,40.41751701,49.97186333,4,9
428,Yeni tikili,62,var,var,2,X?tai r.,H?zi Aslanov q.,5293496,134000,mülkiyy?tçi,var,https://bina.az/items/5293496,40.35985292,49.96777216,15,17
429,Yeni tikili,50,var,var,2,20 Yanvar m.,?n?aatç?lar m.,5116730,149000,vasit?çi (agent),var,https://bina.az/items/5116730,40.39726376,49.80624938,4,20
430,Yeni tikili,60,var,var,2,Yasamal r.,Yeni Yasamal q.,5374612,150000,vasit?çi (agent),Yoxdur,https://bina.az/items/5374612,40.39889946,49.79235512,2,14
431,Yeni tikili,47,var,var,3,20 Yanvar m.,?n?aatç?lar m.,5334585,145000,vasit?çi (agent),var,https://bina.az/items/5334585,40.39744539,49.80624011,11,20
432,Köhn? tikili,45,var,var,2,Memar ?c?mi m.,N?simi r.,5374613,143000,mülkiyy?tçi,Yoxdur,https://bina.az/items/5374613,40.41711559,49.81193888,2,5
433,Köhn? tikili,48,var,var,2,['N?rimanov r.'],Yoxdur,5354773,145000,vasit?çi (agent),Yoxdur,https://bina.az/items/5354773,40.41048545,49.8391795,3,5
434,Yeni tikili,53,yoxdur,var,2,H?zi Aslanov m.,X?tai r.,5354739,118000,vasit?çi (agent),Yoxdur,https://bina.az/items/5354739,40.37346197,49.96201438,17,17
435,Köhn? tikili,30,var,var,1,Sevil Qaz?yeva park?,M.Hüseynzad? park?,5289921,107000,mülkiyy?tçi,Yoxdur,https://bina.az/items/5289921,40.39043002,49.8288055,2,2
436,Yeni tikili,60,var,var,2,Memar ?c?mi m.,Bin?q?di r.,5346277,135000,vasit?çi (agent),Yoxdur,https://bina.az/items/5346277,40.4189655,49.81216214,5,13
437,Yeni tikili,47,var,var,2,Suraxan? r.,Yeni Gün??li q.,5325086,105000,vasit?çi (agent),Yoxdur,https://bina.az/items/5325086,40.37096381,49.97808027,11,16
438,Köhn? tikili,75,var,var,3,Suraxan? r.,Yeni Gün??li q.,5325344,140000,vasit?çi (agent),Yoxdur,https://bina.az/items/5325344,40.38004215,49.97631299,8,9
439,Köhn? tikili,30,var,var,1,['N?rimanov r.'],Yoxdur,5374595,125000,vasit?çi (agent),Yoxdur,https://bina.az/items/5374595,40.40669423,49.83604117,2,5
440,Köhn? tikili,75,var,var,3,Memar ?c?mi m.,N?simi r.,5362426,138900,vasit?çi (agent),Yoxdur,https://bina.az/items/5362426,40.40846322,49.8252284,5,5
441,Yeni tikili,50,var,var,2,N?simi m.,Bin?q?di r.,5374590,137000,vasit?çi (agent),Yoxdur,https://bina.az/items/5374590,40.42740366,49.81734282,6,18
442,Köhn? tikili,45,var,var,2,Yasamal bazar?,ASAN Xidm?t ?3,5374587,135000,mülkiyy?tçi,Yoxdur,https://bina.az/items/5374587,40.38168885,49.80429039,5,5
443,Köhn? tikili,60,var,yoxdur,2,ASAN Xidm?t ?3,Yasamal bazar?,5318691,128700,vasit?çi (agent),Yoxdur,https://bina.az/items/5318691,40.3773434,49.80736579,6,9
444,Köhn? tikili,45,var,var,2,Ayna Sultanova heyk?li,Bin?q?di r.,5141282,131000,vasit?çi (agent),var,https://bina.az/items/5141282,40.41656286,49.84288457,6,9
445,Yeni tikili,50,var,var,2,Sabunçu r.,Bak?xanov q.,5374563,118000,mülkiyy?tçi,Yoxdur,https://bina.az/items/5374563,40.42044706,49.97296555,9,9
446,Yeni tikili,53,yoxdur,var,2,Yasamal r.,Yasamal q.,4946712,118129,Ya?ay?? Kompleksi,var,https://bina.az/items/4946712,40.40100994,49.80029308,6,14
447,Yeni tikili,65,yoxdur,var,2,20 Yanvar m.,Yasamal r.,4946766,140530,Ya?ay?? Kompleksi,var,https://bina.az/items/4946766,40.40103026,49.80011154,7,14
448,Yeni tikili,65,yoxdur,var,2,Yasamal r.,Yasamal q.,4946803,141286,Ya?ay?? Kompleksi,var,https://bina.az/items/4946803,40.40077711,49.80039077,9,14
449,Yeni tikili,84,var,var,2,X?tai r.,?hm?dli q.,5374539,145000,vasit?çi (agent),Yoxdur,https://bina.az/items/5374539,40.36347528,49.95216204,5,12
450,Köhn? tikili,79,var,var,3,Memar ?c?mi m.,Bin?q?di r.,5374532,145000,vasit?çi (agent),var,https://bina.az/items/5374532,40.41626794,49.80754217,9,9
451,Köhn? tikili,60,var,var,3,X?tai r.,H?zi Aslanov q.,5374483,125000,vasit?çi (agent),Yoxdur,https://bina.az/items/5374483,40.3584932,49.96170778,3,9
452,Köhn? tikili,50,yoxdur,var,2,Memar ?c?mi m.,N?simi r.,5357021,137000,mülkiyy?tçi,Yoxdur,https://bina.az/items/5357021,40.4158619,49.81115708,3,5
453,Yeni tikili,70,yoxdur,yoxdur,2,20 Yanvar m.,Yasamal r.,4852531,135000,vasit?çi (agent),Yoxdur,https://bina.az/items/4852531,40.39996632,49.79948935,11,18
454,Köhn? tikili,40,yoxdur,var,1,Qara Qarayev m.,Nizami r.,5132387,104000,vasit?çi (agent),Yoxdur,https://bina.az/items/5132387,40.41044279,49.92789871,5,5
455,Yeni tikili,55,var,var,2,Suraxan? r.,Massiv V q.,5247236,135000,vasit?çi (agent),var,https://bina.az/items/5247236,40.38129999,49.9792801,5,16
456,Yeni tikili,45,var,var,3,20 Yanvar m.,?n?aatç?lar m.,5334705,145000,vasit?çi (agent),var,https://bina.az/items/5334705,40.39743921,49.80607142,11,20
457,Yeni tikili,55,var,var,2,Azadl?q Prospekti m.,D?rn?gül m.,5165639,144000,vasit?çi (agent),var,https://bina.az/items/5165639,40.42576717,49.85182974,10,10
458,Köhn? tikili,55,var,var,2,Neftçil?r m.,Nizami r.,5374470,142000,vasit?çi (agent),Yoxdur,https://bina.az/items/5374470,40.41133349,49.94446962,4,5
459,Yeni tikili,50,var,var,2,Yasamal r.,Yeni Yasamal q.,5269179,136000,vasit?çi (agent),Yoxdur,https://bina.az/items/5269179,40.39119755,49.78922237,16,21
460,Köhn? tikili,44,var,var,2,N?simi m.,Bin?q?di r.,5370264,112000,vasit?çi (agent),var,https://bina.az/items/5370264,40.42797353,49.81989277,6,9
461,Yeni tikili,60,var,var,2,Suraxan? r.,Yeni Gün??li q.,5374466,127000,vasit?çi (agent),Yoxdur,https://bina.az/items/5374466,40.37264124,49.97458565,13,15
462,Köhn? tikili,64,var,var,3,Neftçil?r m.,Qara Qarayev m.,5374463,142000,vasit?çi (agent),Yoxdur,https://bina.az/items/5374463,40.41458018,49.94321339,5,5
463,Köhn? tikili,60,var,var,2,Xalqlar Dostlu?u m.,Nizami r.,5174222,143000,vasit?çi (agent),var,https://bina.az/items/5174222,40.39656329,49.95165654,7,9
464,Köhn? tikili,60,var,var,3,H?zi Aslanov m.,X?tai r.,5294483,125000,vasit?çi (agent),Yoxdur,https://bina.az/items/5294483,40.36614519,49.95851867,3,9
465,Köhn? tikili,55,var,var,2,Bin?q?di r.,Bil?c?ri q.,5294401,117000,vasit?çi (agent),var,https://bina.az/items/5294401,40.43759521,49.80291932,1,5
466,Köhn? tikili,56,var,var,2,Memar ?c?mi m.,N?simi r.,5374439,125000,vasit?çi (agent),Yoxdur,https://bina.az/items/5374439,40.41152755,49.81447654,1,5
467,Yeni tikili,65,var,var,2,['Nizami r.'],Yoxdur,5295500,149000,vasit?çi (agent),var,https://bina.az/items/5295500,40.39430511,49.96405164,10,16
468,Köhn? tikili,42,var,var,1,Qara Qarayev m.,Nizami r.,5371413,109000,vasit?çi (agent),Yoxdur,https://bina.az/items/5371413,40.41795667,49.9331258,2,5
469,Köhn? tikili,68,var,var,2,N?simi m.,Z?rif? ?liyeva ad?na park,5371161,144000,vasit?çi (agent),var,https://bina.az/items/5371161,40.42417089,49.82342123,9,9
470,Köhn? tikili,27,var,var,1,Bak? Musiqi Akademiyas?,Milli Konservatoriya,5351444,107000,vasit?çi (agent),Yoxdur,https://bina.az/items/5351444,40.37806565,49.84312868,2,2
471,Yeni tikili,53,var,var,2,?n?aatç?lar m.,Yasamal r.,5318441,146000,vasit?çi (agent),var,https://bina.az/items/5318441,40.39285691,49.79520731,8,15
472,Köhn? tikili,55,var,var,2,G?nclik m.,Respublika stadionu,5260547,150000,vasit?çi (agent),Yoxdur,https://bina.az/items/5260547,40.40301554,49.85109232,4,4
473,Yeni tikili,73,var,var,2,Neapol dair?si,?hm?dli m.,5263146,137000,vasit?çi (agent),var,https://bina.az/items/5263146,40.38653225,49.96344,17,20
474,Yeni tikili,65,var,var,2,Memar ?c?mi m.,Bin?q?di r.,5342888,129000,vasit?çi (agent),var,https://bina.az/items/5342888,40.4171787,49.80804655,9,9
475,Köhn? tikili,40,var,var,1,Azadl?q Prospekti m.,Bin?q?di r.,5224891,134000,vasit?çi (agent),var,https://bina.az/items/5224891,40.4209144,49.8427795,1,9
476,Köhn? tikili,52,var,var,2,Memar ?c?mi m.,N?simi r.,5350012,122000,mülkiyy?tçi,Yoxdur,https://bina.az/items/5350012,40.4096599,49.82331,1,5
477,Köhn? tikili,41,var,var,2,8 Noyabr m.,Memar ?c?mi m.,5316597,109000,vasit?çi (agent),Yoxdur,https://bina.az/items/5316597,40.40822362,49.82241607,5,5
478,Yeni tikili,50,var,var,2,['Pirallah? r.'],Yoxdur,5339796,58000,mülkiyy?tçi,Yoxdur,https://bina.az/items/5339796,40.45643443,50.33787799,3,4
479,Köhn? tikili,38,var,var,1,Ab?eron r.,Masaz?r q.,5353964,59500,vasit?çi (agent),Yoxdur,https://bina.az/items/5353964,40.48619768,49.76801188,1,5
480,Köhn? tikili,50,var,var,2,Suraxan? r.,Hövsan q.,5295780,62000,vasit?çi (agent),Yoxdur,https://bina.az/items/5295780,40.36020839,50.07421866,4,5
481,Yeni tikili,58,yoxdur,var,3,Ab?eron r.,Masaz?r q.,5329774,70000,mülkiyy?tçi,Yoxdur,https://bina.az/items/5329774,40.48118933,49.75536883,4,11
482,Yeni tikili,43,var,yoxdur,1,Ab?eron r.,Masaz?r q.,5304929,20000,mülkiyy?tçi,Yoxdur,https://bina.az/items/5304929,40.50691688,49.75563927,2,9
483,Köhn? tikili,40,yoxdur,var,2,Sabunçu r.,Ramana q.,5326493,20000,vasit?çi (agent),Yoxdur,https://bina.az/items/5326493,40.4588428,49.985599,2,2
484,Yeni tikili,40,yoxdur,yoxdur,1,Ab?eron r.,Masaz?r q.,5354129,20000,vasit?çi (agent),Yoxdur,https://bina.az/items/5354129,40.4715662,49.76894648,3,3
485,Yeni tikili,41,yoxdur,yoxdur,1,Ab?eron r.,Masaz?r q.,5360574,21000,vasit?çi (agent),Yoxdur,https://bina.az/items/5360574,40.46761989,49.7731951,3,3
486,Yeni tikili,71,var,var,2,Ab?eron r.,Saray q.,5317411,23500,vasit?çi (agent),var,https://bina.az/items/5317411,40.54986911,49.71243001,12,14
487,Yeni tikili,35,yoxdur,yoxdur,1,Ab?eron r.,Masaz?r q.,4962303,24500,mülkiyy?tçi,Yoxdur,https://bina.az/items/4962303,40.49813667,49.75914001,2,2
488,Köhn? tikili,12,var,yoxdur,1,Suraxan? r.,Hövsan q.,5141192,24500,vasit?çi (agent),Yoxdur,https://bina.az/items/5141192,40.37965344,50.09248335,2,5
489,Yeni tikili,69,var,var,2,Ab?eron r.,Saray q.,5373777,24500,mülkiyy?tçi,var,https://bina.az/items/5373777,40.54955857,49.71345907,2,14
490,Köhn? tikili,35,yoxdur,var,1,Ab?eron r.,Masaz?r q.,4988110,25000,vasit?çi (agent),Yoxdur,https://bina.az/items/4988110,40.4862557,49.757531,1,5
491,Yeni tikili,35,yoxdur,yoxdur,1,Ab?eron r.,Masaz?r q.,5242018,25000,vasit?çi (agent),Yoxdur,https://bina.az/items/5242018,40.4862557,49.757531,1,4
492,Yeni tikili,45,var,yoxdur,1,Ab?eron r.,Masaz?r q.,5304324,25000,mülkiyy?tçi,Yoxdur,https://bina.az/items/5304324,40.51130577,49.75339237,9,9
493,Yeni tikili,75,var,var,2,Ab?eron r.,Saray q.,5375068,25000,vasit?çi (agent),var,https://bina.az/items/5375068,40.5509059,49.71539271,10,14
494,Yeni tikili,30,yoxdur,yoxdur,1,Bin?q?di r.,Bin?q?di q.,5339223,25500,vasit?çi (agent),Yoxdur,https://bina.az/items/5339223,40.46518964,49.8138503,2,4
495,Yeni tikili,35,var,yoxdur,1,Ab?eron r.,Masaz?r q.,5349872,26250,vasit?çi (agent),Yoxdur,https://bina.az/items/5349872,40.49970194,49.75727351,2,2
496,Yeni tikili,60,yoxdur,yoxdur,2,Yasamal r.,Yeni Yasamal q.,5315419,27000,mülkiyy?tçi,var,https://bina.az/items/5315419,40.39615149,49.78814006,13,16
497,Yeni tikili,35,var,yoxdur,1,Ab?eron r.,Masaz?r q.,4902947,28000,vasit?çi (agent),Yoxdur,https://bina.az/items/4902947,40.49803058,49.75977041,2,2
498,Yeni tikili,36,var,yoxdur,1,Ab?eron r.,Masaz?r q.,5202728,28500,vasit?çi (agent),Yoxdur,https://bina.az/items/5202728,40.4862557,49.757531,2,2
499,Yeni tikili,71,var,var,2,Ab?eron r.,Saray q.,5352003,28500,mülkiyy?tçi,var,https://bina.az/items/5352003,40.55158631,49.71275842,5,14
500,Yeni tikili,66,var,var,3,Ab?eron r.,Saray q.,5366780,28800,vasit?çi (agent),var,https://bina.az/items/5366780,40.55086651,49.71520628,11,14
501,Yeni tikili,67,var,var,3,Ab?eron r.,Saray q.,5368390,29500,vasit?çi (agent),var,https://bina.az/items/5368390,40.54951847,49.71361113,13,15
502,Yeni tikili,63,var,var,2,D?rn?gül m.,Bin?q?di r.,5323254,30000,vasit?çi (agent),var,https://bina.az/items/5323254,40.42180208,49.85350623,8,16
503,Yeni tikili,66,yoxdur,var,2,Ab?eron r.,Saray q.,5346649,31000,mülkiyy?tçi,var,https://bina.az/items/5346649,40.5317647,49.7132454,12,14
504,Yeni tikili,66,var,var,2,Ab?eron r.,Saray q.,5299330,31500,vasit?çi (agent),var,https://bina.az/items/5299330,40.55081986,49.71530199,13,14
505,Yeni tikili,38,yoxdur,yoxdur,1,Ab?eron r.,Masaz?r q.,5110631,32000,vasit?çi (agent),Yoxdur,https://bina.az/items/5110631,40.48513793,49.7783775,8,8
506,Yeni tikili,55,yoxdur,yoxdur,2,Bin?q?di r.,Bin?q?di q.,5337307,32000,vasit?çi (agent),Yoxdur,https://bina.az/items/5337307,40.47090521,49.83952591,2,4
507,Yeni tikili,84,yoxdur,yoxdur,2,?n?aatç?lar m.,Yasamal r.,5366370,32000,vasit?çi (agent),Yoxdur,https://bina.az/items/5366370,40.394,49.795,7,15
508,Yeni tikili,91,var,var,3,Ab?eron r.,Saray q.,5304127,32900,vasit?çi (agent),var,https://bina.az/items/5304127,40.55081986,49.71530199,11,14
509,Yeni tikili,72,var,var,2,Ab?eron r.,Saray q.,5325347,33000,mülkiyy?tçi,var,https://bina.az/items/5325347,40.5317647,49.7132454,4,14
510,Yeni tikili,35,yoxdur,var,2,Ab?eron r.,Masaz?r q.,5339155,33600,mülkiyy?tçi,Yoxdur,https://bina.az/items/5339155,40.49813667,49.75914001,1,2
511,Yeni tikili,35,yoxdur,var,2,Ab?eron r.,Masaz?r q.,5368329,33600,vasit?çi (agent),Yoxdur,https://bina.az/items/5368329,40.49885347,49.75727351,1,2
512,Yeni tikili,51,yoxdur,yoxdur,2,Ab?eron r.,Saray q.,5293266,34000,vasit?çi (agent),var,https://bina.az/items/5293266,40.54984975,49.70969081,2,10
513,Yeni tikili,44,yoxdur,yoxdur,1,Ab?eron r.,Masaz?r q.,4930662,34500,vasit?çi (agent),Yoxdur,https://bina.az/items/4930662,40.49219702,49.7532177,6,6
514,Yeni tikili,40,yoxdur,yoxdur,2,Ab?eron r.,Masaz?r q.,5258920,35000,vasit?çi (agent),Yoxdur,https://bina.az/items/5258920,40.4862557,49.757531,4,5
515,Yeni tikili,24,var,var,1,Xalqlar Dostlu?u m.,Neftçil?r m.,5302377,35000,vasit?çi (agent),Yoxdur,https://bina.az/items/5302377,40.40485618,49.95040127,3,5
516,Yeni tikili,70,yoxdur,yoxdur,2,Bin?q?di r.,Bin?q?di q.,5315887,35000,vasit?çi (agent),Yoxdur,https://bina.az/items/5315887,40.47456953,49.82525237,2,4
517,Yeni tikili,10,yoxdur,yoxdur,1,?ah ?smay?l X?tai m.,X?tai r.,5318449,35000,mülkiyy?tçi,Yoxdur,https://bina.az/items/5318449,40.3821223,49.87293516,20,24
518,Yeni tikili,94,var,var,2,Ab?eron r.,M?mm?dli q.,5329803,35000,mülkiyy?tçi,var,https://bina.az/items/5329803,40.5039028,49.8991331,2,10
519,Köhn? tikili,36,yoxdur,var,2,Bin?q?di r.,Bil?c?ri q.,5343242,35000,mülkiyy?tçi,Yoxdur,https://bina.az/items/5343242,40.440334,49.8056617,4,5
520,Yeni tikili,67,var,var,2,D?rn?gül m.,Bin?q?di r.,5327236,36000,vasit?çi (agent),var,https://bina.az/items/5327236,40.42179353,49.85336162,8,16
521,Köhn? tikili,29,var,var,2,['Pirallah? r.'],Yoxdur,5371494,36000,mülkiyy?tçi,Yoxdur,https://bina.az/items/5371494,40.44878217,50.33930617,5,5
522,Yeni tikili,35,yoxdur,yoxdur,1,Ab?eron r.,Masaz?r q.,5313548,36500,mülkiyy?tçi,Yoxdur,https://bina.az/items/5313548,40.4862557,49.757531,5,6
523,Yeni tikili,52,yoxdur,yoxdur,2,['Bin?q?di r.'],Yoxdur,5099132,37000,vasit?çi (agent),Yoxdur,https://bina.az/items/5099132,40.47035769,49.84244242,2,3
524,Yeni tikili,54,yoxdur,yoxdur,1,Ab?eron r.,Masaz?r q.,4599094,38000,vasit?çi (agent),Yoxdur,https://bina.az/items/4599094,40.49219702,49.7532177,6,6
525,Yeni tikili,54,yoxdur,yoxdur,1,Ab?eron r.,Masaz?r q.,4852884,38000,vasit?çi (agent),Yoxdur,https://bina.az/items/4852884,40.49108736,49.75364685,6,6
526,Köhn? tikili,20,yoxdur,var,1,Elml?r Akademiyas? m.,Hüseyn Cavid park?,5076642,38000,vasit?çi (agent),Yoxdur,https://bina.az/items/5076642,40.37512452,49.81501579,4,5
527,Yeni tikili,34,yoxdur,var,2,Ab?eron r.,Mehdiabad q.,5246851,38000,vasit?çi (agent),Yoxdur,https://bina.az/items/5246851,40.49148288,49.84882986,3,6
528,Yeni tikili,54,yoxdur,yoxdur,1,Ab?eron r.,Masaz?r q.,5268197,38000,vasit?çi (agent),Yoxdur,https://bina.az/items/5268197,40.49219702,49.7532177,6,6
529,Yeni tikili,54,yoxdur,yoxdur,2,Ab?eron r.,Masaz?r q.,5331034,38000,vasit?çi (agent),Yoxdur,https://bina.az/items/5331034,40.48446341,49.75652802,3,9
530,Köhn? tikili,24,var,var,1,Suraxan? r.,Z?? q.,5334319,38000,mülkiyy?tçi,Yoxdur,https://bina.az/items/5334319,40.35913777,49.97851498,5,5
531,Yeni tikili,53,yoxdur,yoxdur,2,Bin?q?di r.,Bin?q?di q.,5347421,38000,vasit?çi (agent),Yoxdur,https://bina.az/items/5347421,40.48307946,49.83831204,3,4
532,Yeni tikili,72,var,var,2,Ab?eron r.,Saray q.,5350654,38000,mülkiyy?tçi,var,https://bina.az/items/5350654,40.54896116,49.71485138,4,14
533,Yeni tikili,41,yoxdur,yoxdur,1,Ab?eron r.,Masaz?r q.,5375330,38000,vasit?çi (agent),Yoxdur,https://bina.az/items/5375330,40.49069456,49.75255282,6,6
534,Köhn? tikili,50,var,var,2,Sabunçu r.,Ma?ta?a q.,5369270,38500,vasit?çi (agent),Yoxdur,https://bina.az/items/5369270,40.5312593,49.99186339,2,3
535,Yeni tikili,54,yoxdur,yoxdur,3,Bin?q?di r.,Bin?q?di q.,4758766,39000,vasit?çi (agent),Yoxdur,https://bina.az/items/4758766,40.47117558,49.83926296,2,4
536,Yeni tikili,42,yoxdur,yoxdur,2,Bin?q?di r.,Bin?q?di q.,5351238,39900,mülkiyy?tçi,Yoxdur,https://bina.az/items/5351238,40.44783292,49.77890566,3,4
537,Yeni tikili,50,yoxdur,yoxdur,1,Bin? atç?l?q m?rk?zi,X?z?r r.,5129004,40000,mülkiyy?tçi,var,https://bina.az/items/5129004,40.4634229,50.0835145,2,4
538,Yeni tikili,50,yoxdur,yoxdur,1,Bin? atç?l?q m?rk?zi,X?z?r r.,5205765,40000,mülkiyy?tçi,var,https://bina.az/items/5205765,40.4634229,50.0835145,3,4
539,Yeni tikili,44,yoxdur,yoxdur,1,Ab?eron r.,Masaz?r q.,5261621,40000,vasit?çi (agent),Yoxdur,https://bina.az/items/5261621,40.49219702,49.7532177,6,6
540,Yeni tikili,47,yoxdur,yoxdur,1,['Ab?eron r.'],Yoxdur,5307279,40000,mülkiyy?tçi,Yoxdur,https://bina.az/items/5307279,40.46103789,49.66157198,10,10
541,Yeni tikili,47,yoxdur,yoxdur,1,Ab?eron r.,Saray q.,5117211,40700,mülkiyy?tçi,Yoxdur,https://bina.az/items/5117211,40.5272422,49.74289591,16,17
542,Yeni tikili,54,yoxdur,yoxdur,1,Ab?eron r.,Masaz?r q.,4740645,41000,vasit?çi (agent),Yoxdur,https://bina.az/items/4740645,40.49219702,49.7532177,6,6
543,Yeni tikili,62,var,var,2,Sabunçu r.,Zabrat q.,5332123,41000,vasit?çi (agent),Yoxdur,https://bina.az/items/5332123,40.486444,49.9546317,9,12
544,Köhn? tikili,10,yoxdur,var,1,Sahil m.,Xalça Muzeyi,5369390,41000,mülkiyy?tçi,Yoxdur,https://bina.az/items/5369390,40.37219716,49.84119323,1,4
545,Yeni tikili,54,yoxdur,yoxdur,1,Ab?eron r.,Masaz?r q.,4930676,41500,vasit?çi (agent),Yoxdur,https://bina.az/items/4930676,40.49219702,49.7532177,6,6
546,Yeni tikili,54,yoxdur,yoxdur,1,Ab?eron r.,Masaz?r q.,4078252,42000,vasit?çi (agent),Yoxdur,https://bina.az/items/4078252,40.4862557,49.757531,6,6
547,Yeni tikili,50,var,yoxdur,1,Ab?eron r.,Masaz?r q.,4865895,42000,vasit?çi (agent),Yoxdur,https://bina.az/items/4865895,40.46571972,49.75605011,6,6
548,Yeni tikili,39,yoxdur,yoxdur,1,Ab?eron r.,Masaz?r q.,5285966,42000,vasit?çi (agent),Yoxdur,https://bina.az/items/5285966,40.49085507,49.75802889,6,8
549,Yeni tikili,65,var,var,2,Ab?eron r.,M?mm?dli q.,5338368,42000,mülkiyy?tçi,Yoxdur,https://bina.az/items/5338368,40.51767342,49.93866563,3,10
550,Yeni tikili,39,yoxdur,yoxdur,2,Ab?eron r.,Masaz?r q.,5276250,42500,vasit?çi (agent),Yoxdur,https://bina.az/items/5276250,40.4899124,49.75974083,6,8
551,Yeni tikili,35,yoxdur,yoxdur,1,Ab?eron r.,Masaz?r q.,5088234,43000,vasit?çi (agent),Yoxdur,https://bina.az/items/5088234,40.4910172,49.74993862,5,6
552,Köhn? tikili,20,var,yoxdur,1,Xalqlar Dostlu?u m.,?hm?dli m.,5131164,43000,vasit?çi (agent),Yoxdur,https://bina.az/items/5131164,40.39269806,49.95669311,3,5
553,Yeni tikili,55,var,yoxdur,1,Ab?eron r.,Masaz?r q.,5338780,43200,mülkiyy?tçi,Yoxdur,https://bina.az/items/5338780,40.4862557,49.757531,6,6
554,Yeni tikili,54,yoxdur,yoxdur,2,Ab?eron r.,Masaz?r q.,4629912,43500,vasit?çi (agent),Yoxdur,https://bina.az/items/4629912,40.49219702,49.7532177,6,6
555,Köhn? tikili,30,var,var,2,Qarada? r.,Sahil q.,5333450,43500,mülkiyy?tçi,Yoxdur,https://bina.az/items/5333450,40.221133,49.570521,1,2
556,Yeni tikili,54,yoxdur,yoxdur,1,Ab?eron r.,Masaz?r q.,5160208,44000,vasit?çi (agent),Yoxdur,https://bina.az/items/5160208,40.49219702,49.7532177,6,6
557,Yeni tikili,44,var,yoxdur,2,Ab?eron r.,Masaz?r q.,5248376,44000,vasit?çi (agent),Yoxdur,https://bina.az/items/5248376,40.46516824,49.75555658,3,4
558,Yeni tikili,44,var,yoxdur,1,Ab?eron r.,Masaz?r q.,5303132,44000,vasit?çi (agent),var,https://bina.az/items/5303132,40.48362712,49.75233639,3,5
559,Yeni tikili,53,var,yoxdur,2,Ab?eron r.,Masaz?r q.,5309352,44000,vasit?çi (agent),Yoxdur,https://bina.az/items/5309352,40.4862557,49.757531,6,6
560,Yeni tikili,10,yoxdur,var,1,?ah ?smay?l X?tai m.,X?tai r.,5324402,44000,vasit?çi (agent),Yoxdur,https://bina.az/items/5324402,40.38282963,49.87262344,17,24
561,Yeni tikili,44,var,yoxdur,1,Ab?eron r.,Masaz?r q.,5363726,44000,vasit?çi (agent),var,https://bina.az/items/5363726,40.4862557,49.757531,5,5
562,Yeni tikili,45,yoxdur,yoxdur,2,Bin?q?di r.,Bin?q?di q.,4577306,44550,mülkiyy?tçi,Yoxdur,https://bina.az/items/4577306,40.4711919,49.84162331,3,4
563,Yeni tikili,45,yoxdur,var,1,Ab?eron r.,M?mm?dli q.,5264429,44900,vasit?çi (agent),Yoxdur,https://bina.az/items/5264429,40.50697006,49.91063441,4,5
564,Yeni tikili,40,yoxdur,yoxdur,1,Ab?eron r.,Masaz?r q.,4714500,45000,vasit?çi (agent),Yoxdur,https://bina.az/items/4714500,40.46793987,49.75682259,6,7
565,Yeni tikili,40,yoxdur,yoxdur,1,Ab?eron r.,Masaz?r q.,4794631,45000,vasit?çi (agent),Yoxdur,https://bina.az/items/4794631,40.49219702,49.7532177,5,6
566,Yeni tikili,57,yoxdur,yoxdur,1,Ab?eron r.,Masaz?r q.,5305264,45000,vasit?çi (agent),Yoxdur,https://bina.az/items/5305264,40.4833507,49.77001937,6,6
567,Yeni tikili,45,var,yoxdur,1,Ab?eron r.,Masaz?r q.,5313847,45000,vasit?çi (agent),Yoxdur,https://bina.az/items/5313847,40.48984598,49.74682362,5,7
568,Yeni tikili,40,yoxdur,var,2,Ab?eron r.,Masaz?r q.,5314147,45000,mülkiyy?tçi,Yoxdur,https://bina.az/items/5314147,40.46483618,49.78136821,1,3
569,Yeni tikili,55,var,var,2,Bin?q?di r.,Xoc?s?n q.,5316977,45000,mülkiyy?tçi,Yoxdur,https://bina.az/items/5316977,40.41577635,49.74422177,3,9
570,Köhn? tikili,55,var,yoxdur,2,Sabunçu r.,Zabrat q.,5330276,45000,mülkiyy?tçi,Yoxdur,https://bina.az/items/5330276,40.4704714,49.95097702,1,1
571,Yeni tikili,37,var,var,2,Ab?eron r.,Masaz?r q.,5331872,45000,vasit?çi (agent),Yoxdur,https://bina.az/items/5331872,40.48463095,49.75848467,4,4
572,Yeni tikili,37,yoxdur,var,2,Ab?eron r.,Masaz?r q.,5331952,45000,vasit?çi (agent),Yoxdur,https://bina.az/items/5331952,40.48360342,49.75699594,4,4
573,Yeni tikili,37,var,var,2,Ab?eron r.,Masaz?r q.,5332748,45000,vasit?çi (agent),Yoxdur,https://bina.az/items/5332748,40.48267883,49.75624354,4,4
574,Yeni tikili,82,var,var,2,['Pirallah? r.'],Yoxdur,5350315,45000,mülkiyy?tçi,Yoxdur,https://bina.az/items/5350315,40.47383536,50.32599006,9,9
575,Yeni tikili,40,var,var,2,Ab?eron r.,Masaz?r q.,5356780,45000,vasit?çi (agent),var,https://bina.az/items/5356780,40.45806649,49.75618958,1,3
576,Yeni tikili,35,yoxdur,yoxdur,1,Ab?eron r.,Masaz?r q.,5305191,45500,vasit?çi (agent),Yoxdur,https://bina.az/items/5305191,40.48839245,49.75150645,1,6
577,Yeni tikili,46,yoxdur,yoxdur,2,Ab?eron r.,Masaz?r q.,5251122,46000,vasit?çi (agent),Yoxdur,https://bina.az/items/5251122,40.47720299,49.75203784,3,5
578,Yeni tikili,46,yoxdur,yoxdur,1,Ab?eron r.,Masaz?r q.,5302710,46000,vasit?çi (agent),Yoxdur,https://bina.az/items/5302710,40.48377263,49.75854037,3,5
579,Yeni tikili,46,yoxdur,yoxdur,2,Ab?eron r.,Masaz?r q.,5327926,46000,vasit?çi (agent),Yoxdur,https://bina.az/items/5327926,40.47881456,49.75300312,3,5
580,Yeni tikili,44,yoxdur,yoxdur,1,Ab?eron r.,Masaz?r q.,5168410,47000,vasit?çi (agent),Yoxdur,https://bina.az/items/5168410,40.47221885,49.75597224,1,6
581,Yeni tikili,43,var,yoxdur,1,Ab?eron r.,Masaz?r q.,5343659,47000,vasit?çi (agent),Yoxdur,https://bina.az/items/5343659,40.49158795,49.75332407,1,6
582,Köhn? tikili,56,var,var,2,Qarada? r.,S?ng?çal q.,5356155,47500,mülkiyy?tçi,Yoxdur,https://bina.az/items/5356155,40.17517258,49.46759949,3,5
583,Yeni tikili,44,var,yoxdur,1,Ab?eron r.,Masaz?r q.,5361189,47500,mülkiyy?tçi,Yoxdur,https://bina.az/items/5361189,40.4862557,49.757531,5,6
584,Yeni tikili,44,yoxdur,yoxdur,1,Ab?eron r.,Masaz?r q.,5311947,48000,vasit?çi (agent),Yoxdur,https://bina.az/items/5311947,40.47003535,49.75658686,5,6
585,Yeni tikili,66,yoxdur,yoxdur,2,['Ab?eron r.'],Yoxdur,5342435,48000,mülkiyy?tçi,Yoxdur,https://bina.az/items/5342435,40.47413612,49.73484856,10,16
586,Yeni tikili,42,var,var,2,Ab?eron r.,Masaz?r q.,5171440,48500,vasit?çi (agent),Yoxdur,https://bina.az/items/5171440,40.49217412,49.75006945,6,6
587,Yeni tikili,41,var,yoxdur,1,Sea Breeze,Sabunçu r.,5348752,49000,mülkiyy?tçi,var,https://bina.az/items/5348752,40.59166086,49.98518321,2,8
588,Yeni tikili,81,var,var,2,Yasamal r.,Yeni Yasamal q.,5374825,49000,mülkiyy?tçi,Yoxdur,https://bina.az/items/5374825,40.39615259,49.78822068,11,16
589,Yeni tikili,41,yoxdur,yoxdur,1,Ab?eron r.,Masaz?r q.,5018056,49500,vasit?çi (agent),Yoxdur,https://bina.az/items/5018056,40.49219702,49.7532177,4,6
590,Yeni tikili,41,yoxdur,yoxdur,1,Ab?eron r.,Masaz?r q.,5099682,49500,vasit?çi (agent),Yoxdur,https://bina.az/items/5099682,40.49219702,49.7532177,4,6
591,Yeni tikili,44,var,yoxdur,1,Ab?eron r.,Masaz?r q.,5336704,49500,vasit?çi (agent),Yoxdur,https://bina.az/items/5336704,40.4862557,49.757531,5,6
592,Köhn? tikili,76,yoxdur,var,2,Bin?q?di r.,Bin?q?di q.,5351110,49500,mülkiyy?tçi,Yoxdur,https://bina.az/items/5351110,40.48571344,49.83303921,6,6
593,Yeni tikili,44,yoxdur,yoxdur,1,Ab?eron r.,Masaz?r q.,5360233,49500,vasit?çi (agent),Yoxdur,https://bina.az/items/5360233,40.49219588,49.75212367,5,6
594,Yeni tikili,44,yoxdur,yoxdur,1,Ab?eron r.,Masaz?r q.,5360302,49500,vasit?çi (agent),Yoxdur,https://bina.az/items/5360302,40.49023763,49.75358279,5,6
595,Yeni tikili,51,yoxdur,yoxdur,2,Ab?eron r.,Masaz?r q.,5222464,49800,vasit?çi (agent),Yoxdur,https://bina.az/items/5222464,40.4862557,49.757531,8,8
596,Yeni tikili,54,yoxdur,yoxdur,1,Ab?eron r.,Masaz?r q.,4281925,50000,vasit?çi (agent),Yoxdur,https://bina.az/items/4281925,40.49025689,49.7571653,4,6
597,Köhn? tikili,25,var,var,1,Xalqlar Dostlu?u m.,Nizami r.,4860783,50000,vasit?çi (agent),Yoxdur,https://bina.az/items/4860783,40.40187378,49.95445754,5,5
598,Köhn? tikili,59,var,var,3,Qarada? r.,Qobustan q.,4961455,50000,mülkiyy?tçi,Yoxdur,https://bina.az/items/4961455,40.286,49.708,5,5
599,Yeni tikili,42,yoxdur,yoxdur,1,Ab?eron r.,Masaz?r q.,5017948,50000,vasit?çi (agent),Yoxdur,https://bina.az/items/5017948,40.49219702,49.7532177,4,6
600,Yeni tikili,58,yoxdur,var,2,Ab?eron r.,Masaz?r q.,5240560,50000,vasit?çi (agent),var,https://bina.az/items/5240560,40.4862557,49.757531,12,15
601,Yeni tikili,44,yoxdur,yoxdur,1,Ab?eron r.,Masaz?r q.,5245541,50000,vasit?çi (agent),Yoxdur,https://bina.az/items/5245541,40.49219702,49.7532177,4,6
602,Yeni tikili,44,yoxdur,yoxdur,2,Ab?eron r.,Masaz?r q.,5264433,50000,vasit?çi (agent),Yoxdur,https://bina.az/items/5264433,40.49317497,49.75452693,5,6
603,Yeni tikili,56,yoxdur,yoxdur,1,Ab?eron r.,Masaz?r q.,5281862,50000,mülkiyy?tçi,Yoxdur,https://bina.az/items/5281862,40.52693138,49.74299577,14,17
604,Yeni tikili,68,yoxdur,yoxdur,2,Bin?q?di r.,Bin?q?di q.,5296734,50000,vasit?çi (agent),Yoxdur,https://bina.az/items/5296734,40.47428076,49.82495464,2,4
605,Yeni tikili,49,yoxdur,var,1,Bin?q?di r.,Xoc?s?n q.,5307170,50000,mülkiyy?tçi,Yoxdur,https://bina.az/items/5307170,40.41662645,49.74495658,4,9
606,Yeni tikili,50,var,var,2,Ab?eron r.,Masaz?r q.,5307528,50000,vasit?çi (agent),Yoxdur,https://bina.az/items/5307528,40.47616925,49.74972041,1,2
607,Yeni tikili,58,yoxdur,var,2,Ab?eron r.,Masaz?r q.,5311911,50000,vasit?çi (agent),Yoxdur,https://bina.az/items/5311911,40.47507671,49.75282307,3,4
608,Yeni tikili,54,yoxdur,yoxdur,1,Ab?eron r.,Masaz?r q.,5317279,50000,vasit?çi (agent),Yoxdur,https://bina.az/items/5317279,40.47012972,49.75564272,4,6
609,Yeni tikili,49,yoxdur,yoxdur,2,Ab?eron r.,Masaz?r q.,5321559,50000,vasit?çi (agent),Yoxdur,https://bina.az/items/5321559,40.47774306,49.7524712,3,5
610,Yeni tikili,49,yoxdur,yoxdur,1,Ab?eron r.,Masaz?r q.,5321573,50000,vasit?çi (agent),Yoxdur,https://bina.az/items/5321573,40.47012972,49.75590022,3,5
611,Yeni tikili,49,yoxdur,yoxdur,1,Ab?eron r.,Masaz?r q.,5321631,50000,vasit?çi (agent),Yoxdur,https://bina.az/items/5321631,40.48809549,49.76121988,3,5
612,Yeni tikili,120,yoxdur,var,3,Yasamal r.,Yeni Yasamal q.,5348514,50000,mülkiyy?tçi,Yoxdur,https://bina.az/items/5348514,40.39741376,49.7892198,16,16
613,Yeni tikili,50,var,var,2,Ab?eron r.,Masaz?r q.,5350926,50000,vasit?çi (agent),Yoxdur,https://bina.az/items/5350926,40.47301468,49.74898106,1,2
614,Yeni tikili,47,yoxdur,yoxdur,1,Sabunçu r.,Zabrat q.,5359276,50000,mülkiyy?tçi,Yoxdur,https://bina.az/items/5359276,40.49241292,49.9543289,7,9
615,Köhn? tikili,36,var,var,1,['Ab?eron r.'],Yoxdur,5371507,50000,mülkiyy?tçi,Yoxdur,https://bina.az/items/5371507,40.47075902,49.73956042,11,11
616,Yeni tikili,50,yoxdur,var,2,Suraxan? r.,Qaraçuxur q.,5371904,50000,mülkiyy?tçi,Yoxdur,https://bina.az/items/5371904,40.39143303,49.98198906,1,2
617,Yeni tikili,36,var,var,2,['Ab?eron r.'],Yoxdur,5261324,50900,vasit?çi (agent),Yoxdur,https://bina.az/items/5261324,40.46853111,49.74072933,9,11
618,Yeni tikili,54,var,var,2,Ab?eron r.,Masaz?r q.,5004631,51000,vasit?çi (agent),Yoxdur,https://bina.az/items/5004631,40.49174621,49.75513727,6,6
619,Yeni tikili,54,yoxdur,yoxdur,2,Ab?eron r.,Masaz?r q.,5047453,51000,mülkiyy?tçi,Yoxdur,https://bina.az/items/5047453,40.50631296,49.75499224,2,8
620,Yeni tikili,52,yoxdur,var,2,Ab?eron r.,Masaz?r q.,5176862,51000,vasit?çi (agent),Yoxdur,https://bina.az/items/5176862,40.48025697,49.75487978,5,5
621,Köhn? tikili,25,var,var,1,Bin?q?di r.,7-ci mikrorayon q.,5223902,51000,vasit?çi (agent),Yoxdur,https://bina.az/items/5223902,40.4301447,49.8531172,3,5
622,Yeni tikili,54,var,var,2,Ab?eron r.,Masaz?r q.,5285906,51000,vasit?çi (agent),Yoxdur,https://bina.az/items/5285906,40.4862557,49.757531,6,6
623,Yeni tikili,54,var,var,2,Ab?eron r.,Masaz?r q.,5306832,51000,vasit?çi (agent),Yoxdur,https://bina.az/items/5306832,40.49108736,49.75338936,6,6
624,Yeni tikili,40,var,var,2,Ab?eron r.,Masaz?r q.,5317817,51000,vasit?çi (agent),Yoxdur,https://bina.az/items/5317817,40.49102819,49.75513728,6,6
625,Yeni tikili,35,var,var,1,Ab?eron r.,Masaz?r q.,5351264,51300,vasit?çi (agent),var,https://bina.az/items/5351264,40.49033286,49.75339118,5,6
626,Yeni tikili,44,yoxdur,yoxdur,2,Ab?eron r.,Masaz?r q.,4966744,51500,vasit?çi (agent),Yoxdur,https://bina.az/items/4966744,40.49135456,49.75590975,5,6
627,Yeni tikili,71,yoxdur,yoxdur,3,Ab?eron r.,Masaz?r q.,4996422,51500,vasit?çi (agent),Yoxdur,https://bina.az/items/4996422,40.49219702,49.7532177,6,6
628,Yeni tikili,44,yoxdur,yoxdur,2,Ab?eron r.,Masaz?r q.,5067237,51500,vasit?çi (agent),Yoxdur,https://bina.az/items/5067237,40.49219702,49.7532177,5,6
629,Yeni tikili,49,yoxdur,yoxdur,1,Ab?eron r.,Masaz?r q.,5367354,51500,vasit?çi (agent),Yoxdur,https://bina.az/items/5367354,40.46595069,49.75615771,1,4
630,Köhn? tikili,25,var,var,1,Azadl?q Prospekti m.,Bin?q?di r.,4923213,52000,mülkiyy?tçi,Yoxdur,https://bina.az/items/4923213,40.42796265,49.85030724,3,5
631,Köhn? tikili,23,var,var,1,['Nizami r.'],Yoxdur,5308729,52000,vasit?çi (agent),Yoxdur,https://bina.az/items/5308729,40.40759793,49.95468378,2,5
632,Yeni tikili,42,yoxdur,yoxdur,2,Bin?q?di r.,Bil?c?ri q.,5323908,52000,mülkiyy?tçi,Yoxdur,https://bina.az/items/5323908,40.44789238,49.77865687,1,4
633,Köhn? tikili,26,var,var,1,Azadl?q Prospekti m.,Bin?q?di r.,5327116,52000,vasit?çi (agent),Yoxdur,https://bina.az/items/5327116,40.42649286,49.84189103,3,5
634,Köhn? tikili,25,var,var,1,['Bin?q?di r.'],Yoxdur,5349398,52000,vasit?çi (agent),Yoxdur,https://bina.az/items/5349398,40.42775602,49.85284018,3,5
635,Yeni tikili,56,yoxdur,yoxdur,2,Ab?eron r.,Masaz?r q.,5354854,52000,vasit?çi (agent),Yoxdur,https://bina.az/items/5354854,40.52726787,49.74283565,4,16
636,Köhn? tikili,20,var,var,1,['Nizami r.'],Yoxdur,5363425,52000,vasit?çi (agent),Yoxdur,https://bina.az/items/5363425,40.40702827,49.95576708,2,5
637,Köhn? tikili,50,yoxdur,var,2,X?tai r.,NZS q.,5366022,52000,vasit?çi (agent),Yoxdur,https://bina.az/items/5366022,40.3867441,49.90295836,1,2
638,Yeni tikili,48,var,var,2,Melissa Park,20 Yanvar m.,5367162,52000,mülkiyy?tçi,var,https://bina.az/items/5367162,40.39804286,49.80833873,8,20
639,Köhn? tikili,18,var,var,1,Azadl?q Prospekti m.,Bin?q?di r.,5371025,52000,vasit?çi (agent),Yoxdur,https://bina.az/items/5371025,40.42533717,49.84064493,3,5
640,Yeni tikili,43,yoxdur,yoxdur,2,Suraxan? r.,Z?? q.,5373633,52000,mülkiyy?tçi,Yoxdur,https://bina.az/items/5373633,40.38330553,50.0293227,2,4
641,Yeni tikili,58,yoxdur,yoxdur,1,Ab?eron r.,Masaz?r q.,4118389,52500,vasit?çi (agent),Yoxdur,https://bina.az/items/4118389,40.49102094,49.75873263,12,15
642,Yeni tikili,44,yoxdur,yoxdur,2,Ab?eron r.,Masaz?r q.,5118235,52500,vasit?çi (agent),Yoxdur,https://bina.az/items/5118235,40.49219702,49.7532177,2,6
643,Yeni tikili,44,yoxdur,yoxdur,1,Ab?eron r.,Masaz?r q.,5229542,52500,vasit?çi (agent),Yoxdur,https://bina.az/items/5229542,40.49219702,49.7532177,2,6
644,Yeni tikili,50,var,var,2,20 Yanvar m.,Yasamal r.,5322274,52500,vasit?çi (agent),Yoxdur,https://bina.az/items/5322274,40.4042727,49.81005337,9,20
645,Yeni tikili,48,var,yoxdur,2,Ab?eron r.,Mehdiabad q.,5336428,52800,mülkiyy?tçi,var,https://bina.az/items/5336428,40.49083516,49.85250937,3,5
646,Köhn? tikili,17,var,yoxdur,1,Neftçil?r m.,Nizami r.,4869777,53000,vasit?çi (agent),Yoxdur,https://bina.az/items/4869777,40.40779787,49.95428764,2,5
647,Yeni tikili,42,yoxdur,var,1,Ab?eron r.,Masaz?r q.,4942214,53000,vasit?çi (agent),Yoxdur,https://bina.az/items/4942214,40.47848341,49.74573889,2,5
648,Yeni tikili,44,yoxdur,yoxdur,2,Ab?eron r.,Masaz?r q.,5028392,53000,vasit?çi (agent),Yoxdur,https://bina.az/items/5028392,40.49219702,49.7532177,1,6
649,Yeni tikili,47,yoxdur,var,2,Ab?eron r.,Masaz?r q.,5077683,53000,vasit?çi (agent),Yoxdur,https://bina.az/items/5077683,40.49219702,49.7532177,8,8
650,Yeni tikili,44,yoxdur,yoxdur,1,Ab?eron r.,Masaz?r q.,5115806,53000,vasit?çi (agent),Yoxdur,https://bina.az/items/5115806,40.49219702,49.7532177,5,6
651,Yeni tikili,52,yoxdur,var,1,Bin?q?di r.,Xoc?s?n q.,5224721,53000,vasit?çi (agent),Yoxdur,https://bina.az/items/5224721,40.4080377,49.7718087,7,9
652,Yeni tikili,42,yoxdur,var,2,Ab?eron r.,Masaz?r q.,5275308,53000,vasit?çi (agent),Yoxdur,https://bina.az/items/5275308,40.4944224,49.75590975,2,4
653,Köhn? tikili,20,var,var,1,S?bail r.,Badamdar q.,5316973,53000,mülkiyy?tçi,Yoxdur,https://bina.az/items/5316973,40.33969642,49.80364901,5,5
654,Yeni tikili,44,var,var,2,Ab?eron r.,Masaz?r q.,5318731,53000,vasit?çi (agent),Yoxdur,https://bina.az/items/5318731,40.4862557,49.757531,6,6
655,Köhn? tikili,20,var,var,1,Neftçil?r m.,Xalqlar Dostlu?u m.,5322043,53000,vasit?çi (agent),Yoxdur,https://bina.az/items/5322043,40.40652519,49.95334445,2,5
656,Köhn? tikili,30,var,var,1,Ukrayna dair?si,H?zi Aslanov m.,5327321,53000,vasit?çi (agent),Yoxdur,https://bina.az/items/5327321,40.37781534,49.95386775,6,9
657,Yeni tikili,32,yoxdur,var,1,['Ab?eron r.'],Yoxdur,5344842,53000,vasit?çi (agent),Yoxdur,https://bina.az/items/5344842,40.46254591,49.72549302,2,17
658,Yeni tikili,38,var,var,2,Ab?eron r.,Masaz?r q.,5361676,53000,vasit?çi (agent),Yoxdur,https://bina.az/items/5361676,40.49075984,49.7533253,6,6
659,Yeni tikili,35,var,var,2,Ab?eron r.,Masaz?r q.,5368290,53000,mülkiyy?tçi,Yoxdur,https://bina.az/items/5368290,40.49247167,49.75001165,6,6
660,Yeni tikili,35,yoxdur,var,2,Ab?eron r.,Masaz?r q.,5370977,53000,vasit?çi (agent),Yoxdur,https://bina.az/items/5370977,40.49147786,49.75607188,6,6
661,Yeni tikili,38,var,var,2,Ab?eron r.,Masaz?r q.,5371308,53000,vasit?çi (agent),Yoxdur,https://bina.az/items/5371308,40.49146415,49.75796099,6,6
662,Yeni tikili,48,var,var,2,Melissa Park,20 Yanvar m.,5371994,53000,vasit?çi (agent),var,https://bina.az/items/5371994,40.39792684,49.80839576,8,20
663,Yeni tikili,35,yoxdur,var,2,Ab?eron r.,Masaz?r q.,5374329,53000,vasit?çi (agent),Yoxdur,https://bina.az/items/5374329,40.49200005,49.75564272,6,6
664,Yeni tikili,44,yoxdur,yoxdur,2,Ab?eron r.,Masaz?r q.,5142878,53500,vasit?çi (agent),Yoxdur,https://bina.az/items/5142878,40.49219702,49.7532177,2,6
665,Yeni tikili,35,var,var,2,Ab?eron r.,Masaz?r q.,5371213,53500,vasit?çi (agent),var,https://bina.az/items/5371213,40.49102094,49.75349696,6,6
666,Yeni tikili,83,yoxdur,yoxdur,2,Ab?eron r.,Masaz?r q.,4738883,54000,vasit?çi (agent),Yoxdur,https://bina.az/items/4738883,40.49219702,49.7532177,6,6
667,Yeni tikili,54,yoxdur,yoxdur,1,Ab?eron r.,Masaz?r q.,4812688,54000,vasit?çi (agent),Yoxdur,https://bina.az/items/4812688,40.49219702,49.7532177,4,6
668,Yeni tikili,52,var,var,1,Ab?eron r.,Masaz?r q.,4970306,54000,vasit?çi (agent),Yoxdur,https://bina.az/items/4970306,40.4862557,49.757531,1,11
669,Yeni tikili,83,yoxdur,yoxdur,2,Ab?eron r.,Masaz?r q.,5071285,54000,vasit?çi (agent),Yoxdur,https://bina.az/items/5071285,40.49219702,49.7532177,6,6
670,Yeni tikili,54,yoxdur,yoxdur,1,Ab?eron r.,Masaz?r q.,5079669,54000,vasit?çi (agent),Yoxdur,https://bina.az/items/5079669,40.49219702,49.7532177,1,6
671,Yeni tikili,83,yoxdur,yoxdur,2,Ab?eron r.,Masaz?r q.,5227117,54000,vasit?çi (agent),Yoxdur,https://bina.az/items/5227117,40.49219702,49.7532177,6,6
672,Yeni tikili,54,yoxdur,yoxdur,1,Ab?eron r.,Masaz?r q.,5229393,54000,vasit?çi (agent),Yoxdur,https://bina.az/items/5229393,40.49219702,49.7532177,1,6
673,Yeni tikili,57,yoxdur,yoxdur,1,Ab?eron r.,Masaz?r q.,5244129,54000,vasit?çi (agent),Yoxdur,https://bina.az/items/5244129,40.49219702,49.7532177,5,6
674,Yeni tikili,50,yoxdur,var,2,Ab?eron r.,Masaz?r q.,5252128,54000,vasit?çi (agent),Yoxdur,https://bina.az/items/5252128,40.47817796,49.75162585,4,4
675,Yeni tikili,42,yoxdur,var,2,Ab?eron r.,Masaz?r q.,5301847,54000,vasit?çi (agent),Yoxdur,https://bina.az/items/5301847,40.4899124,49.75974083,2,4
676,Yeni tikili,47,yoxdur,yoxdur,1,Ab?eron r.,Masaz?r q.,5317824,54000,vasit?çi (agent),Yoxdur,https://bina.az/items/5317824,40.50602785,49.75525483,3,8
677,Yeni tikili,53,yoxdur,yoxdur,1,Ab?eron r.,Masaz?r q.,5335519,54000,vasit?çi (agent),Yoxdur,https://bina.az/items/5335519,40.47949893,49.75401194,3,10
678,Yeni tikili,50,var,var,2,Ab?eron r.,Masaz?r q.,5350952,54000,vasit?çi (agent),var,https://bina.az/items/5350952,40.39258072,49.84222412,6,6
679,Köhn? tikili,20,yoxdur,var,1,['Nizami r.'],Yoxdur,5357449,54000,vasit?çi (agent),Yoxdur,https://bina.az/items/5357449,40.40766791,49.95506185,2,5
680,Yeni tikili,57,yoxdur,yoxdur,1,Ab?eron r.,Masaz?r q.,5374457,54000,vasit?çi (agent),Yoxdur,https://bina.az/items/5374457,40.49128204,49.75564272,2,6
681,Yeni tikili,54,var,yoxdur,1,Ab?eron r.,Masaz?r q.,4836361,54500,vasit?çi (agent),Yoxdur,https://bina.az/items/4836361,40.49219702,49.7532177,4,6
682,Yeni tikili,53,var,yoxdur,2,Ab?eron r.,Masaz?r q.,4861789,54500,vasit?çi (agent),Yoxdur,https://bina.az/items/4861789,40.49219702,49.7532177,4,6
683,Yeni tikili,54,yoxdur,yoxdur,1,Ab?eron r.,Masaz?r q.,5038648,54500,vasit?çi (agent),Yoxdur,https://bina.az/items/5038648,40.49219702,49.7532177,1,6
684,Yeni tikili,52,yoxdur,var,2,Ab?eron r.,Masaz?r q.,4403125,55000,mülkiyy?tçi,Yoxdur,https://bina.az/items/4403125,40.48768347,49.75250691,7,7
685,Yeni tikili,54,var,yoxdur,1,Ab?eron r.,Masaz?r q.,4768447,55000,vasit?çi (agent),Yoxdur,https://bina.az/items/4768447,40.49219702,49.7532177,1,6
686,Yeni tikili,52,var,var,2,Ab?eron r.,Masaz?r q.,4921107,55000,vasit?çi (agent),Yoxdur,https://bina.az/items/4921107,40.49031016,49.74792749,6,6
687,Yeni tikili,52,yoxdur,var,2,Ab?eron r.,Masaz?r q.,5065086,55000,vasit?çi (agent),Yoxdur,https://bina.az/items/5065086,40.49367105,49.7507561,1,14
688,Yeni tikili,52,yoxdur,var,2,Ab?eron r.,Masaz?r q.,5074172,55000,vasit?çi (agent),Yoxdur,https://bina.az/items/5074172,40.4929803,49.74197388,6,6
689,Köhn? tikili,23,var,var,1,Qara Qarayev m.,Nizami r.,5164157,55000,vasit?çi (agent),Yoxdur,https://bina.az/items/5164157,40.41766288,49.93302125,5,5
690,Köhn? tikili,25,var,var,1,Memar ?c?mi m.,N?simi r.,5189208,55000,vasit?çi (agent),Yoxdur,https://bina.az/items/5189208,40.41633818,49.8161959,9,9
691,Yeni tikili,50,var,var,2,Ab?eron r.,Masaz?r q.,5252049,55000,vasit?çi (agent),Yoxdur,https://bina.az/items/5252049,40.4924178,49.75084765,4,4
692,Yeni tikili,42,var,var,2,Ab?eron r.,Masaz?r q.,5269938,55000,vasit?çi (agent),Yoxdur,https://bina.az/items/5269938,40.48574506,49.76834095,2,4
693,Köhn? tikili,32,yoxdur,var,2,Nizami m.,Zabitl?r park?,5304832,55000,vasit?çi (agent),Yoxdur,https://bina.az/items/5304832,40.3821078,49.83194135,1,2
694,Yeni tikili,42,yoxdur,var,1,Ab?eron r.,M?mm?dli q.,5305493,55000,mülkiyy?tçi,Yoxdur,https://bina.az/items/5305493,40.51387921,49.93943428,7,9
695,Yeni tikili,61,yoxdur,var,2,Ab?eron r.,Masaz?r q.,5314887,55000,vasit?çi (agent),Yoxdur,https://bina.az/items/5314887,40.49292114,49.75874216,7,14
696,Yeni tikili,43,var,var,2,Ab?eron r.,Masaz?r q.,5316862,55000,mülkiyy?tçi,Yoxdur,https://bina.az/items/5316862,40.49216438,49.75328207,6,6
697,Yeni tikili,53,yoxdur,var,2,Ab?eron r.,Mehdiabad q.,5327579,55000,vasit?çi (agent),Yoxdur,https://bina.az/items/5327579,40.4906593,49.85534301,11,11
698,Köhn? tikili,23,var,var,1,Nizami kinoteatr?,F?vvar?l?r meydan?,5331978,55000,vasit?çi (agent),Yoxdur,https://bina.az/items/5331978,40.37350407,49.83984248,1,2
699,Yeni tikili,52,yoxdur,var,2,Ab?eron r.,M?mm?dli q.,5337613,55000,mülkiyy?tçi,Yoxdur,https://bina.az/items/5337613,40.51219967,49.93747362,3,5
700,Köhn? tikili,17,var,var,1,Be?m?rt?b?,Nizami m.,5342011,55000,vasit?çi (agent),Yoxdur,https://bina.az/items/5342011,40.37816617,49.83381352,2,3
701,Yeni tikili,54,var,yoxdur,2,Ab?eron r.,Masaz?r q.,5343650,55000,vasit?çi (agent),Yoxdur,https://bina.az/items/5343650,40.49157379,49.75338681,3,6
702,Yeni tikili,42,yoxdur,var,2,Ab?eron r.,M?mm?dli q.,5344049,55000,vasit?çi (agent),Yoxdur,https://bina.az/items/5344049,40.50635993,49.94410515,3,5
703,Yeni tikili,41,var,var,2,Ab?eron r.,Masaz?r q.,5345610,55000,mülkiyy?tçi,Yoxdur,https://bina.az/items/5345610,40.48333558,49.77576624,8,8
704,Yeni tikili,51,yoxdur,yoxdur,1,Ab?eron r.,Masaz?r q.,5347746,55000,vasit?çi (agent),Yoxdur,https://bina.az/items/5347746,40.47052149,49.75632937,2,6
705,Yeni tikili,50,var,yoxdur,2,Ab?eron r.,Saray q.,5354297,55000,mülkiyy?tçi,Yoxdur,https://bina.az/items/5354297,40.5317647,49.7132454,2,9
706,Yeni tikili,74,var,var,2,Ab?eron r.,Saray q.,5361196,55000,mülkiyy?tçi,var,https://bina.az/items/5361196,40.5317647,49.7132454,5,14
707,Yeni tikili,48,var,var,2,Ab?eron r.,Masaz?r q.,5315252,55500,vasit?çi (agent),Yoxdur,https://bina.az/items/5315252,40.49094954,49.7540629,6,6
708,Köhn? tikili,23,var,var,1,Qara Qarayev m.,Nizami r.,5172242,56000,vasit?çi (agent),var,https://bina.az/items/5172242,40.41761299,49.93414879,5,5
709,Köhn? tikili,46,var,var,2,X?tai r.,?hm?dli q.,5246081,56000,vasit?çi (agent),Yoxdur,https://bina.az/items/5246081,40.35726451,49.95205552,9,9
710,Yeni tikili,50,yoxdur,var,2,Ab?eron r.,Masaz?r q.,5317900,56000,vasit?çi (agent),Yoxdur,https://bina.az/items/5317900,40.4813607,49.75592136,9,12
711,Köhn? tikili,23,var,var,1,Qara Qarayev m.,Koro?lu m.,5343261,56000,mülkiyy?tçi,Yoxdur,https://bina.az/items/5343261,40.42328172,49.92752922,5,5
712,Yeni tikili,70,yoxdur,var,3,Bin?q?di r.,Bin?q?di q.,5348328,56000,vasit?çi (agent),Yoxdur,https://bina.az/items/5348328,40.4764203,49.8202876,10,10
713,Yeni tikili,52,var,var,1,Ab?eron r.,Masaz?r q.,5356927,56000,mülkiyy?tçi,Yoxdur,https://bina.az/items/5356927,40.49111999,49.759655,1,11
714,Köhn? tikili,13,var,var,1,Neftçil?r m.,Nizami r.,5360275,56000,mülkiyy?tçi,Yoxdur,https://bina.az/items/5360275,40.4107382,49.9384708,2,5
715,Köhn? tikili,17,var,var,1,Neftçil?r m.,Nizami r.,5360350,56000,vasit?çi (agent),var,https://bina.az/items/5360350,40.41001152,49.94335525,2,5
716,Yeni tikili,86,var,var,2,Ab?eron r.,Masaz?r q.,5369409,56000,mülkiyy?tçi,Yoxdur,https://bina.az/items/5369409,40.45817963,49.75590022,8,14
717,Yeni tikili,70,yoxdur,var,2,Ab?eron r.,Masaz?r q.,5137794,56500,vasit?çi (agent),Yoxdur,https://bina.az/items/5137794,40.48561016,49.77539331,8,8
718,Yeni tikili,51,yoxdur,yoxdur,1,Ab?eron r.,Masaz?r q.,5371337,56500,mülkiyy?tçi,Yoxdur,https://bina.az/items/5371337,40.49178779,49.75424993,1,5
719,Yeni tikili,40,var,var,2,Ab?eron r.,Masaz?r q.,5353457,56700,mülkiyy?tçi,Yoxdur,https://bina.az/items/5353457,40.4862557,49.757531,3,8
720,Yeni tikili,41,yoxdur,var,2,Ab?eron r.,Masaz?r q.,5364815,56700,vasit?çi (agent),Yoxdur,https://bina.az/items/5364815,40.47776012,49.76961596,3,8
721,Yeni tikili,57,yoxdur,yoxdur,1,Ab?eron r.,Masaz?r q.,4935707,57000,vasit?çi (agent),Yoxdur,https://bina.az/items/4935707,40.48369432,49.75517152,2,6
722,Yeni tikili,48,var,var,2,Ab?eron r.,Masaz?r q.,5282544,57000,vasit?çi (agent),var,https://bina.az/items/5282544,40.48573397,49.76835818,6,6
723,Yeni tikili,58,var,yoxdur,1,Sea Breeze,Sabunçu r.,5293234,57000,mülkiyy?tçi,var,https://bina.az/items/5293234,40.59100909,49.98282287,6,9
724,Yeni tikili,57,yoxdur,yoxdur,1,Ab?eron r.,Masaz?r q.,5312227,57000,vasit?çi (agent),Yoxdur,https://bina.az/items/5312227,40.47163149,49.75778849,2,6
725,Yeni tikili,83,var,yoxdur,2,Ab?eron r.,Masaz?r q.,5351145,57000,vasit?çi (agent),Yoxdur,https://bina.az/items/5351145,40.49121676,49.7530678,6,6
726,Yeni tikili,83,var,yoxdur,2,Ab?eron r.,Masaz?r q.,5351818,57000,vasit?çi (agent),Yoxdur,https://bina.az/items/5351818,40.49019626,49.75720662,6,6
727,Yeni tikili,52,yoxdur,yoxdur,2,Bin?q?di r.,Bil?c?ri q.,5367112,57000,mülkiyy?tçi,Yoxdur,https://bina.az/items/5367112,40.45071339,49.77896276,3,4
728,Yeni tikili,38,yoxdur,var,2,Ab?eron r.,Masaz?r q.,5260494,57500,vasit?çi (agent),Yoxdur,https://bina.az/items/5260494,40.48573346,49.77418215,4,8
729,Yeni tikili,50,yoxdur,yoxdur,2,Ab?eron r.,Masaz?r q.,5281892,57500,mülkiyy?tçi,var,https://bina.az/items/5281892,40.48265005,49.75579262,5,9
730,Yeni tikili,88,var,var,2,Ab?eron r.,Saray q.,5313311,57500,mülkiyy?tçi,var,https://bina.az/items/5313311,40.55033056,49.71274973,2,14
731,Yeni tikili,35,yoxdur,var,2,Ab?eron r.,Masaz?r q.,5314697,57500,vasit?çi (agent),Yoxdur,https://bina.az/items/5314697,40.4910384,49.75338936,4,6
732,Yeni tikili,54,yoxdur,yoxdur,1,Ab?eron r.,Masaz?r q.,5332656,57500,vasit?çi (agent),Yoxdur,https://bina.az/items/5332656,40.48821406,49.75821765,3,6
733,Yeni tikili,54,yoxdur,yoxdur,1,['Ab?eron r.'],Yoxdur,5332701,57500,vasit?çi (agent),Yoxdur,https://bina.az/items/5332701,40.48794381,49.75926739,2,6
734,Yeni tikili,44,yoxdur,var,1,Sabunçu r.,Zabrat q.,5359343,57900,vasit?çi (agent),Yoxdur,https://bina.az/items/5359343,40.49408125,49.95660581,5,10
735,Köhn? tikili,29,var,var,1,H?zi Aslanov m.,X?tai r.,5307451,57999,vasit?çi (agent),Yoxdur,https://bina.az/items/5307451,40.36791193,49.96019998,3,9
736,Yeni tikili,76,yoxdur,yoxdur,2,Bin? atç?l?q m?rk?zi,X?z?r r.,5103732,58000,mülkiyy?tçi,var,https://bina.az/items/5103732,40.4634229,50.0835145,2,4
737,Yeni tikili,65,yoxdur,var,3,Ab?eron r.,Masaz?r q.,5142303,58000,vasit?çi (agent),Yoxdur,https://bina.az/items/5142303,40.49219702,49.7532177,6,6
738,Yeni tikili,61,yoxdur,yoxdur,2,Ab?eron r.,Masaz?r q.,5176323,58000,vasit?çi (agent),Yoxdur,https://bina.az/items/5176323,40.4809751,49.75376398,6,9
739,Yeni tikili,50,yoxdur,var,2,Ab?eron r.,Masaz?r q.,5180312,58000,vasit?çi (agent),Yoxdur,https://bina.az/items/5180312,40.4813607,49.75587845,3,5
740,Yeni tikili,50,yoxdur,var,2,Ab?eron r.,Masaz?r q.,5180363,58000,vasit?çi (agent),Yoxdur,https://bina.az/items/5180363,40.47904269,49.75226549,3,5
741,Yeni tikili,49,yoxdur,var,2,Ab?eron r.,Masaz?r q.,5281481,58000,vasit?çi (agent),Yoxdur,https://bina.az/items/5281481,40.4813607,49.75587845,2,5
742,Yeni tikili,49,var,var,2,Ab?eron r.,Masaz?r q.,5283136,58000,vasit?çi (agent),Yoxdur,https://bina.az/items/5283136,40.4862557,49.757531,6,6
743,Yeni tikili,50,var,var,2,Ab?eron r.,Masaz?r q.,5283149,58000,vasit?çi (agent),Yoxdur,https://bina.az/items/5283149,40.49219702,49.7532177,6,6
744,Yeni tikili,42,var,var,2,Ab?eron r.,Masaz?r q.,5320611,58000,vasit?çi (agent),var,https://bina.az/items/5320611,40.48571755,49.76836645,6,6
745,Yeni tikili,44,var,var,1,['Ab?eron r.'],Yoxdur,5321388,58000,vasit?çi (agent),Yoxdur,https://bina.az/items/5321388,40.455101,49.734119,5,6
746,Yeni tikili,55,var,var,2,Ab?eron r.,Masaz?r q.,5324032,58000,vasit?çi (agent),Yoxdur,https://bina.az/items/5324032,40.4862557,49.757531,1,9
747,Yeni tikili,35,yoxdur,var,2,Ab?eron r.,Masaz?r q.,5325172,58000,vasit?çi (agent),Yoxdur,https://bina.az/items/5325172,40.48651682,49.75675852,4,6
748,Köhn? tikili,45,var,var,2,?üv?lan q.,X?z?r r.,5327028,58000,mülkiyy?tçi,Yoxdur,https://bina.az/items/5327028,40.4973884,50.2083176,2,2
749,Köhn? tikili,35,var,yoxdur,2,H?zi Aslanov m.,X?tai r.,5340955,58000,vasit?çi (agent),Yoxdur,https://bina.az/items/5340955,40.36823089,49.94619308,9,9
750,Yeni tikili,35,yoxdur,var,2,Ab?eron r.,Masaz?r q.,5341461,58000,vasit?çi (agent),Yoxdur,https://bina.az/items/5341461,40.4910019,49.75152017,4,6
751,Yeni tikili,70,yoxdur,yoxdur,3,Bin?q?di r.,Bin?q?di q.,5347200,58000,vasit?çi (agent),Yoxdur,https://bina.az/items/5347200,40.47093579,49.8404149,2,4
752,Yeni tikili,38,var,var,2,['Ab?eron r.'],Yoxdur,5358641,58000,vasit?çi (agent),var,https://bina.az/items/5358641,40.47037572,49.73974228,8,11
753,Yeni tikili,47,var,var,2,Ab?eron r.,Masaz?r q.,5361861,58000,mülkiyy?tçi,var,https://bina.az/items/5361861,40.48914223,49.74960195,6,7
754,Yeni tikili,68,var,var,3,Ab?eron r.,Masaz?r q.,5373510,58000,vasit?çi (agent),Yoxdur,https://bina.az/items/5373510,40.49128204,49.75246699,6,6
755,Yeni tikili,67,var,var,2,Bin?q?di r.,Bin?q?di q.,4430881,59000,mülkiyy?tçi,var,https://bina.az/items/4430881,40.4694948,49.83035724,4,4
756,Yeni tikili,57,yoxdur,yoxdur,2,Ab?eron r.,Masaz?r q.,4634675,59000,vasit?çi (agent),Yoxdur,https://bina.az/items/4634675,40.48378374,49.75290759,4,7
757,Yeni tikili,70,yoxdur,yoxdur,2,Bin?q?di r.,Bin?q?di q.,5248317,59000,vasit?çi (agent),Yoxdur,https://bina.az/items/5248317,40.4764203,49.8202876,2,4
758,Köhn? tikili,33,var,yoxdur,2,Sabunçu r.,Bak?xanov q.,5320424,59000,vasit?çi (agent),Yoxdur,https://bina.az/items/5320424,40.425626,49.947598,4,7
759,Yeni tikili,60,yoxdur,yoxdur,1,Ab?eron r.,Masaz?r q.,5333817,59000,vasit?çi (agent),Yoxdur,https://bina.az/items/5333817,40.48339691,49.7574785,6,15
760,Yeni tikili,55,var,yoxdur,2,Ab?eron r.,Masaz?r q.,5359705,59000,mülkiyy?tçi,Yoxdur,https://bina.az/items/5359705,40.47246724,49.75766833,2,5
761,Yeni tikili,38,var,var,1,['Ab?eron r.'],Yoxdur,5359992,59000,vasit?çi (agent),var,https://bina.az/items/5359992,40.47036611,49.74026243,8,11
762,Yeni tikili,58,var,var,2,Ab?eron r.,Ceyranbatan q.,5370272,59000,mülkiyy?tçi,var,https://bina.az/items/5370272,40.53959604,49.66695877,9,10
763,Yeni tikili,58,yoxdur,var,2,Ab?eron r.,Ceyranbatan q.,5374600,59000,vasit?çi (agent),Yoxdur,https://bina.az/items/5374600,40.54500003,49.65655522,9,10
764,Yeni tikili,41,yoxdur,var,2,Ab?eron r.,Masaz?r q.,5070077,59500,vasit?çi (agent),Yoxdur,https://bina.az/items/5070077,40.4862557,49.77538378,7,8
765,Yeni tikili,54,yoxdur,yoxdur,1,Ab?eron r.,Masaz?r q.,5173857,59500,vasit?çi (agent),Yoxdur,https://bina.az/items/5173857,40.49219702,49.7532177,3,6
766,Yeni tikili,60,yoxdur,yoxdur,2,Suraxan? r.,Qaraçuxur q.,5317354,59500,mülkiyy?tçi,Yoxdur,https://bina.az/items/5317354,40.39221579,49.97746818,4,4
767,Yeni tikili,54,yoxdur,var,2,Ab?eron r.,Masaz?r q.,5354276,59500,mülkiyy?tçi,Yoxdur,https://bina.az/items/5354276,40.49325893,49.75281637,6,6
768,Yeni tikili,35,yoxdur,var,2,Ab?eron r.,Masaz?r q.,5314846,59800,vasit?çi (agent),Yoxdur,https://bina.az/items/5314846,40.49102094,49.7510937,2,6
769,Köhn? tikili,38,var,var,2,Suraxan? r.,Z?? q.,5292302,59900,vasit?çi (agent),Yoxdur,https://bina.az/items/5292302,40.34474757,49.97928746,4,5
770,Köhn? tikili,20,var,var,1,Qara Qarayev m.,Nizami r.,5356130,59999,vasit?çi (agent),Yoxdur,https://bina.az/items/5356130,40.41581493,49.93260762,4,5
771,Köhn? tikili,40,var,var,2,['Suraxan? r.'],Yoxdur,3417026,60000,vasit?çi (agent),Yoxdur,https://bina.az/items/3417026,40.35574301,49.9765716,4,5
772,Köhn? tikili,30,var,var,1,Z?rif? ?liyeva ad?na park,N?simi m.,4864332,60000,vasit?çi (agent),Yoxdur,https://bina.az/items/4864332,40.42287316,49.82042313,1,9
773,Yeni tikili,42,yoxdur,var,2,Ab?eron r.,Masaz?r q.,4918603,60000,vasit?çi (agent),Yoxdur,https://bina.az/items/4918603,40.49219702,49.7532177,2,5
774,Köhn? tikili,25,var,var,1,Xalqlar Dostlu?u m.,Nizami r.,5228030,60000,vasit?çi (agent),Yoxdur,https://bina.az/items/5228030,40.39887246,49.94932088,1,9
775,Yeni tikili,38,yoxdur,var,2,Ab?eron r.,Masaz?r q.,5236598,60000,vasit?çi (agent),Yoxdur,https://bina.az/items/5236598,40.48632823,49.77599413,6,8
776,Yeni tikili,42,yoxdur,var,3,Ab?eron r.,Masaz?r q.,5253166,60000,vasit?çi (agent),Yoxdur,https://bina.az/items/5253166,40.48600184,49.77616579,5,8
777,Köhn? tikili,30,var,var,1,Suraxan? r.,Hövsan q.,5263912,60000,vasit?çi (agent),Yoxdur,https://bina.az/items/5263912,40.35592236,50.06775822,3,4
778,Yeni tikili,45,var,var,2,Bin?q?di r.,Bin?q?di q.,5299711,60000,vasit?çi (agent),var,https://bina.az/items/5299711,40.46977235,49.8309189,4,4
779,Yeni tikili,35,yoxdur,var,2,Ab?eron r.,Masaz?r q.,5308537,60000,vasit?çi (agent),Yoxdur,https://bina.az/items/5308537,40.48936223,49.75244734,2,6
780,Köhn? tikili,40,var,var,2,Sabunçu r.,Sabunçu q.,5314753,60000,mülkiyy?tçi,Yoxdur,https://bina.az/items/5314753,40.4517585,49.9460046,1,2
781,Yeni tikili,35,yoxdur,var,2,Ab?eron r.,Masaz?r q.,5315296,60000,vasit?çi (agent),Yoxdur,https://bina.az/items/5315296,40.49115149,49.75487025,2,6
782,Yeni tikili,40,var,var,2,['Suraxan? r.'],Yoxdur,5317150,60000,vasit?çi (agent),Yoxdur,https://bina.az/items/5317150,40.36038752,49.97871835,4,5
783,Yeni tikili,57,yoxdur,yoxdur,1,Sea Breeze,Sabunçu r.,5322500,60000,vasit?çi (agent),Yoxdur,https://bina.az/items/5322500,40.58865534,49.97965853,6,7
784,Yeni tikili,35,yoxdur,var,2,Ab?eron r.,Masaz?r q.,5324689,60000,vasit?çi (agent),Yoxdur,https://bina.az/items/5324689,40.48873628,49.75624354,2,6
785,Yeni tikili,75,var,var,2,Yasamal r.,Yeni Yasamal q.,5328467,60000,vasit?çi (agent),var,https://bina.az/items/5328467,40.39004301,49.78995476,9,16
786,Yeni tikili,90,yoxdur,var,2,['Sabunçu r.'],Yoxdur,5329554,60000,vasit?çi (agent),Yoxdur,https://bina.az/items/5329554,40.49540427,49.95022337,9,9
787,Yeni tikili,62,yoxdur,yoxdur,2,['Bin?q?di r.'],Yoxdur,5338913,60000,mülkiyy?tçi,Yoxdur,https://bina.az/items/5338913,40.4750302,49.8223795,3,3
788,Yeni tikili,87,yoxdur,var,2,['Sabunçu r.'],Yoxdur,5340894,60000,vasit?çi (agent),Yoxdur,https://bina.az/items/5340894,40.4952478,49.950259,9,9
789,Köhn? tikili,40,var,var,2,Suraxan? r.,Hövsan q.,5344437,60000,vasit?çi (agent),Yoxdur,https://bina.az/items/5344437,40.35800964,50.07564994,5,5
790,Köhn? tikili,25,var,var,1,Xalqlar Dostlu?u m.,Nizami r.,5349625,60000,vasit?çi (agent),Yoxdur,https://bina.az/items/5349625,40.39869167,49.94885161,1,9
791,Yeni tikili,30,yoxdur,var,2,Suraxan? r.,Hövsan q.,5350427,60000,mülkiyy?tçi,Yoxdur,https://bina.az/items/5350427,40.376143,50.091873,4,5
792,Yeni tikili,30,var,var,1,X?z?r r.,Buzovna q.,5359346,60000,mülkiyy?tçi,Yoxdur,https://bina.az/items/5359346,40.52841114,50.06622138,5,5
793,Köhn? tikili,55,var,var,2,['Pirallah? r.'],Yoxdur,5364571,60000,mülkiyy?tçi,Yoxdur,https://bina.az/items/5364571,40.44806166,50.33917424,1,5
794,Yeni tikili,56,yoxdur,var,2,Ab?eron r.,Masaz?r q.,5366878,60000,vasit?çi (agent),Yoxdur,https://bina.az/items/5366878,40.47957074,49.7590874,6,6
795,Yeni tikili,42,var,var,3,X?z?r r.,M?rd?kan q.,5368174,60000,mülkiyy?tçi,Yoxdur,https://bina.az/items/5368174,40.49081936,50.14205055,2,2
796,Köhn? tikili,40,var,var,2,Suraxan? r.,Z?? q.,5370458,60000,mülkiyy?tçi,Yoxdur,https://bina.az/items/5370458,40.35958451,49.97779694,4,5
797,Yeni tikili,38,var,var,1,Ab?eron r.,Masaz?r q.,5372742,60000,mülkiyy?tçi,Yoxdur,https://bina.az/items/5372742,40.48524052,49.77782469,2,8
798,Yeni tikili,60,yoxdur,var,3,Ab?eron r.,Masaz?r q.,5374237,60000,vasit?çi (agent),Yoxdur,https://bina.az/items/5374237,40.4862557,49.757531,6,6
799,Yeni tikili,52,yoxdur,var,2,Ab?eron r.,Masaz?r q.,5087033,61000,vasit?çi (agent),Yoxdur,https://bina.az/items/5087033,40.4809751,49.75779802,4,5
800,Yeni tikili,57,var,var,2,Ab?eron r.,Masaz?r q.,5254356,61000,vasit?çi (agent),Yoxdur,https://bina.az/items/5254356,40.49096292,49.75608141,6,6
801,Yeni tikili,40,var,var,2,Ab?eron r.,Masaz?r q.,5280092,61000,vasit?çi (agent),Yoxdur,https://bina.az/items/5280092,40.49122402,49.7554806,4,6
802,Yeni tikili,35,var,var,2,Ab?eron r.,Masaz?r q.,5346404,61000,vasit?çi (agent),Yoxdur,https://bina.az/items/5346404,40.48574072,49.76895602,2,5
803,Yeni tikili,58,yoxdur,yoxdur,1,Nardaran q.,Sea Breeze,5347303,61000,vasit?çi (agent),var,https://bina.az/items/5347303,40.57724743,49.94227891,6,9
804,Köhn? tikili,35,var,var,2,X?z?r r.,Bin? q.,5321677,61300,mülkiyy?tçi,Yoxdur,https://bina.az/items/5321677,40.44701238,50.08581161,3,5
805,Yeni tikili,44,var,var,2,Ab?eron r.,Masaz?r q.,5066317,61500,vasit?çi (agent),Yoxdur,https://bina.az/items/5066317,40.49219702,49.7532177,5,6
806,Yeni tikili,44,var,var,2,Ab?eron r.,Masaz?r q.,5067164,61500,vasit?çi (agent),Yoxdur,https://bina.az/items/5067164,40.49115874,49.75599558,5,6
807,Yeni tikili,44,var,var,2,Ab?eron r.,Masaz?r q.,5158901,61500,vasit?çi (agent),Yoxdur,https://bina.az/items/5158901,40.49219702,49.7532177,5,6
808,Köhn? tikili,20,var,var,1,Qara Qarayev m.,Nizami r.,5176022,61500,vasit?çi (agent),Yoxdur,https://bina.az/items/5176022,40.41571935,49.93324118,1,5
809,Yeni tikili,44,yoxdur,var,2,Ab?eron r.,Masaz?r q.,5185113,61500,vasit?çi (agent),Yoxdur,https://bina.az/items/5185113,40.48664738,49.77074893,5,6
810,Yeni tikili,44,var,var,2,Ab?eron r.,Masaz?r q.,5294778,61500,vasit?çi (agent),var,https://bina.az/items/5294778,40.48574898,49.76836004,5,6
811,Yeni tikili,74,var,var,3,Ab?eron r.,Masaz?r q.,5320632,61500,vasit?çi (agent),var,https://bina.az/items/5320632,40.48574163,49.76835754,6,6
812,Yeni tikili,78,yoxdur,yoxdur,3,Ab?eron r.,Mehdiabad q.,5353833,61900,mülkiyy?tçi,Yoxdur,https://bina.az/items/5353833,40.50112236,49.84890029,5,5
813,Yeni tikili,50,yoxdur,var,1,Ab?eron r.,Masaz?r q.,4557023,62000,mülkiyy?tçi,Yoxdur,https://bina.az/items/4557023,40.50590515,49.75483239,8,9
814,Yeni tikili,42,yoxdur,var,2,Ab?eron r.,Masaz?r q.,4696271,62000,vasit?çi (agent),Yoxdur,https://bina.az/items/4696271,40.48511098,49.76581455,4,8
815,Yeni tikili,42,var,var,2,Ab?eron r.,Masaz?r q.,5038062,62000,vasit?çi (agent),Yoxdur,https://bina.az/items/5038062,40.49161566,49.75470812,5,6
816,Yeni tikili,42,var,var,2,Ab?eron r.,Masaz?r q.,5038125,62000,vasit?çi (agent),Yoxdur,https://bina.az/items/5038125,40.49219702,49.7532177,5,6
817,Köhn? tikili,100,var,var,3,X?z?r r.,?imal DRES q.,5058785,62000,vasit?çi (agent),var,https://bina.az/items/5058785,40.50255912,50.19966178,1,2
818,Yeni tikili,38,var,var,2,Ab?eron r.,Masaz?r q.,5095608,62000,vasit?çi (agent),Yoxdur,https://bina.az/items/5095608,40.49219702,49.7532177,3,6
819,Köhn? tikili,100,var,var,4,Sabunçu r.,Ma?ta?a q.,5124426,62000,mülkiyy?tçi,Yoxdur,https://bina.az/items/5124426,40.52706781,49.99849567,1,2
820,Yeni tikili,51,yoxdur,var,2,Ab?eron r.,Masaz?r q.,5192828,62000,vasit?çi (agent),Yoxdur,https://bina.az/items/5192828,40.49219702,49.7532177,6,6
821,Yeni tikili,42,var,var,2,Ab?eron r.,Masaz?r q.,5194375,62000,vasit?çi (agent),Yoxdur,https://bina.az/items/5194375,40.47305254,49.75608356,4,6
822,Yeni tikili,42,var,var,1,Ab?eron r.,Masaz?r q.,5274368,62000,vasit?çi (agent),Yoxdur,https://bina.az/items/5274368,40.49219702,49.7532177,5,6
823,Yeni tikili,42,var,var,2,Ab?eron r.,Masaz?r q.,5274388,62000,vasit?çi (agent),var,https://bina.az/items/5274388,40.49219702,49.7532177,5,6
824,Yeni tikili,38,var,var,2,Ab?eron r.,Masaz?r q.,5294952,62000,vasit?çi (agent),Yoxdur,https://bina.az/items/5294952,40.49271806,49.75607188,3,6
825,Yeni tikili,51,var,var,2,Ab?eron r.,Masaz?r q.,5315049,62000,vasit?çi (agent),Yoxdur,https://bina.az/items/5315049,40.48576722,49.76837767,6,6
826,Yeni tikili,60,var,var,2,Bin?q?di r.,Bin?q?di q.,5323334,62000,vasit?çi (agent),Yoxdur,https://bina.az/items/5323334,40.46910752,49.8334197,4,4
827,Yeni tikili,51,var,var,2,Ab?eron r.,Masaz?r q.,5327089,62000,mülkiyy?tçi,Yoxdur,https://bina.az/items/5327089,40.4862557,49.757531,6,6
828,Yeni tikili,64,yoxdur,yoxdur,2,Bin?q?di r.,Bin?q?di q.,5335575,62000,mülkiyy?tçi,Yoxdur,https://bina.az/items/5335575,40.44521612,49.77428913,2,4
829,Yeni tikili,42,var,var,2,Ab?eron r.,Masaz?r q.,5338568,62000,vasit?çi (agent),Yoxdur,https://bina.az/items/5338568,40.47238236,49.75723059,5,6
830,Yeni tikili,42,var,var,1,Ab?eron r.,Masaz?r q.,5338643,62000,vasit?çi (agent),Yoxdur,https://bina.az/items/5338643,40.47065208,49.75701602,5,6
831,Yeni tikili,42,var,var,2,Ab?eron r.,Masaz?r q.,5340322,62000,vasit?çi (agent),Yoxdur,https://bina.az/items/5340322,40.49148511,49.75487978,5,6
832,Köhn? tikili,14,var,var,1,Q?? park?,Be?m?rt?b?,5342531,62000,vasit?çi (agent),Yoxdur,https://bina.az/items/5342531,40.37503787,49.83752376,2,2
833,Yeni tikili,62,var,yoxdur,2,Ab?eron r.,Masaz?r q.,5346975,62000,vasit?çi (agent),var,https://bina.az/items/5346975,40.4862557,49.757531,4,5
834,Yeni tikili,38,var,var,2,Ab?eron r.,Masaz?r q.,5364140,62000,vasit?çi (agent),var,https://bina.az/items/5364140,40.49115965,49.75330384,3,6
835,Yeni tikili,62,yoxdur,var,2,Ab?eron r.,Masaz?r q.,5367507,62000,mülkiyy?tçi,Yoxdur,https://bina.az/items/5367507,40.48259137,49.75587864,4,4
836,Yeni tikili,55,var,var,2,Ab?eron r.,Masaz?r q.,5369111,62000,vasit?çi (agent),Yoxdur,https://bina.az/items/5369111,40.4921306,49.75392611,1,6
837,Yeni tikili,33,var,var,2,Ab?eron r.,Masaz?r q.,5355294,62300,vasit?çi (agent),var,https://bina.az/items/5355294,40.49219702,49.7532177,3,6
838,Yeni tikili,60,var,var,2,Ab?eron r.,Masaz?r q.,4956551,62500,vasit?çi (agent),Yoxdur,https://bina.az/items/4956551,40.49206533,49.75478442,6,6
839,Yeni tikili,44,var,var,2,Ab?eron r.,Masaz?r q.,5150824,62500,vasit?çi (agent),var,https://bina.az/items/5150824,40.48589781,49.7694397,3,6
840,Yeni tikili,36,var,var,2,Ab?eron r.,Masaz?r q.,5278551,62500,vasit?çi (agent),var,https://bina.az/items/5278551,40.48331806,49.76757319,3,6
841,Yeni tikili,49,yoxdur,var,2,Ab?eron r.,Masaz?r q.,4399931,63000,vasit?çi (agent),Yoxdur,https://bina.az/items/4399931,40.49219702,49.7532177,3,5
842,Yeni tikili,42,var,var,2,Ab?eron r.,Masaz?r q.,4813190,63000,vasit?çi (agent),var,https://bina.az/items/4813190,40.49219702,49.7532177,5,6
843,Yeni tikili,40,var,var,2,Ab?eron r.,Masaz?r q.,4970254,63000,vasit?çi (agent),Yoxdur,https://bina.az/items/4970254,40.49219702,49.7532177,5,6
844,Yeni tikili,42,var,var,2,Ab?eron r.,Masaz?r q.,5022290,63000,vasit?çi (agent),Yoxdur,https://bina.az/items/5022290,40.49155039,49.75556643,5,6
845,Yeni tikili,47,yoxdur,var,2,Ab?eron r.,Masaz?r q.,5089153,63000,vasit?çi (agent),Yoxdur,https://bina.az/items/5089153,40.48064868,49.75788385,5,6
846,Yeni tikili,42,var,var,2,Ab?eron r.,Masaz?r q.,5185817,63000,vasit?çi (agent),Yoxdur,https://bina.az/items/5185817,40.49219702,49.7532177,5,6
847,Yeni tikili,54,yoxdur,var,2,Ab?eron r.,Masaz?r q.,5192808,63000,vasit?çi (agent),Yoxdur,https://bina.az/items/5192808,40.49122402,49.75530893,6,6
848,Yeni tikili,50,yoxdur,var,2,Ab?eron r.,M?mm?dli q.,5206968,63000,vasit?çi (agent),Yoxdur,https://bina.az/items/5206968,40.50856673,49.91439952,1,5
849,Yeni tikili,60,yoxdur,yoxdur,1,Ab?eron r.,Masaz?r q.,5243171,63000,vasit?çi (agent),Yoxdur,https://bina.az/items/5243171,40.4862557,49.757531,7,14
850,Köhn? tikili,30,var,var,1,Suraxan? r.,Hövsan q.,5309272,63000,vasit?çi (agent),Yoxdur,https://bina.az/items/5309272,40.35940197,50.07642348,3,4
851,Köhn? tikili,50,var,yoxdur,2,Qarada? r.,Mü?fiqabad q.,5317323,63000,vasit?çi (agent),Yoxdur,https://bina.az/items/5317323,40.46722914,49.62333481,9,9
852,Yeni tikili,42,var,var,1,Ab?eron r.,Masaz?r q.,5325469,63000,vasit?çi (agent),Yoxdur,https://bina.az/items/5325469,40.49262015,49.74712403,7,7
853,Yeni tikili,42,var,var,1,Ab?eron r.,Masaz?r q.,5327238,63000,vasit?çi (agent),Yoxdur,https://bina.az/items/5327238,40.49318223,49.74475176,7,7
854,Yeni tikili,44,yoxdur,var,1,Suraxan? r.,Hövsan q.,5329001,63000,vasit?çi (agent),Yoxdur,https://bina.az/items/5329001,40.376143,50.091873,6,9
855,Yeni tikili,64,yoxdur,var,2,Ab?eron r.,Masaz?r q.,5332574,63000,vasit?çi (agent),Yoxdur,https://bina.az/items/5332574,40.48605986,49.77246554,8,8
856,Yeni tikili,51,var,var,2,['Ab?eron r.'],Yoxdur,5343578,63000,vasit?çi (agent),Yoxdur,https://bina.az/items/5343578,40.49032426,49.753392,6,6
857,Köhn? tikili,35,var,var,2,X?z?r r.,Bin? q.,5361079,63000,vasit?çi (agent),Yoxdur,https://bina.az/items/5361079,40.45401879,50.08900766,2,4
858,Yeni tikili,60,yoxdur,var,3,Ab?eron r.,Masaz?r q.,5371239,63000,mülkiyy?tçi,Yoxdur,https://bina.az/items/5371239,40.49415758,49.75262039,6,6
859,Yeni tikili,57,yoxdur,yoxdur,2,Ab?eron r.,Masaz?r q.,5093065,63250,vasit?çi (agent),Yoxdur,https://bina.az/items/5093065,40.48402478,49.75762545,12,14
860,Yeni tikili,50,yoxdur,var,2,Ab?eron r.,Masaz?r q.,5036568,63500,vasit?çi (agent),Yoxdur,https://bina.az/items/5036568,40.50023132,49.7585705,5,8
861,Yeni tikili,50,yoxdur,var,2,Ab?eron r.,Masaz?r q.,5110211,63500,vasit?çi (agent),Yoxdur,https://bina.az/items/5110211,40.4852765,49.75924761,3,5
862,Yeni tikili,42,var,var,2,Ab?eron r.,Masaz?r q.,5209152,63500,vasit?çi (agent),Yoxdur,https://bina.az/items/5209152,40.49148511,49.75462229,4,6
863,Yeni tikili,42,yoxdur,var,2,Ab?eron r.,Masaz?r q.,5343495,63500,mülkiyy?tçi,Yoxdur,https://bina.az/items/5343495,40.47885899,49.75126322,3,5
864,Köhn? tikili,15,var,var,1,M?rk?zi Univermaq,Be?m?rt?b?,5347035,63500,mülkiyy?tçi,Yoxdur,https://bina.az/items/5347035,40.37362015,49.83426656,2,2
865,Yeni tikili,40,var,var,1,Ab?eron r.,Masaz?r q.,5351816,63500,vasit?çi (agent),Yoxdur,https://bina.az/items/5351816,40.49318223,49.74535258,3,7
866,Yeni tikili,43,yoxdur,var,2,Ab?eron r.,Masaz?r q.,5356979,63500,vasit?çi (agent),Yoxdur,https://bina.az/items/5356979,40.47691191,49.75320996,3,5
867,Yeni tikili,42,yoxdur,var,2,Ab?eron r.,Masaz?r q.,5368811,63500,vasit?çi (agent),Yoxdur,https://bina.az/items/5368811,40.47892767,49.75175889,3,5
868,Yeni tikili,42,var,var,2,Ab?eron r.,Masaz?r q.,5301353,63700,vasit?çi (agent),var,https://bina.az/items/5301353,40.48574752,49.76836395,6,6
869,Köhn? tikili,42,var,var,1,['Ab?eron r.'],Yoxdur,5327395,63900,mülkiyy?tçi,var,https://bina.az/items/5327395,40.45752045,49.74945307,3,5
870,Köhn? tikili,40,var,var,2,?hm?dli m.,X?tai r.,5085854,64000,vasit?çi (agent),Yoxdur,https://bina.az/items/5085854,40.3575331,49.96140678,9,9
871,Yeni tikili,55,yoxdur,var,2,Ab?eron r.,Masaz?r q.,5273878,64000,vasit?çi (agent),Yoxdur,https://bina.az/items/5273878,40.49089764,49.74629671,6,7
872,Köhn? tikili,32,var,var,2,Ab?eron r.,Masaz?r q.,5303533,64000,vasit?çi (agent),var,https://bina.az/items/5303533,40.4862557,49.757531,3,6
873,Yeni tikili,36,var,var,2,Ab?eron r.,Masaz?r q.,5305565,64000,mülkiyy?tçi,Yoxdur,https://bina.az/items/5305565,40.48460589,49.7689855,3,6
874,Yeni tikili,50,var,var,2,Ab?eron r.,Masaz?r q.,5315171,64000,vasit?çi (agent),Yoxdur,https://bina.az/items/5315171,40.48342801,49.75958128,3,5
875,Köhn? tikili,40,var,var,2,['X?tai r.'],Yoxdur,5331610,64000,vasit?çi (agent),Yoxdur,https://bina.az/items/5331610,40.35884055,49.96118583,9,9
876,Yeni tikili,36,var,var,2,X?z?r r.,Bin? q.,5332381,64000,mülkiyy?tçi,var,https://bina.az/items/5332381,40.44994996,50.0903649,4,4
877,Yeni tikili,51,yoxdur,var,2,Ab?eron r.,Masaz?r q.,5333978,64000,vasit?çi (agent),Yoxdur,https://bina.az/items/5333978,40.48511821,49.75869661,3,5
878,Yeni tikili,61,yoxdur,yoxdur,2,['Ab?eron r.'],Yoxdur,5339562,64000,mülkiyy?tçi,Yoxdur,https://bina.az/items/5339562,40.46164195,49.72643852,15,18
879,Yeni tikili,36,var,var,2,Ab?eron r.,Masaz?r q.,5350107,64000,vasit?çi (agent),Yoxdur,https://bina.az/items/5350107,40.49076702,49.75447428,3,6
880,Yeni tikili,36,var,var,2,Ab?eron r.,Masaz?r q.,5350688,64000,vasit?çi (agent),Yoxdur,https://bina.az/items/5350688,40.48600298,49.76859092,3,5
881,Yeni tikili,50,var,var,2,Ab?eron r.,Masaz?r q.,5363754,64000,mülkiyy?tçi,Yoxdur,https://bina.az/items/5363754,40.45290416,49.74346524,11,11
882,Yeni tikili,38,var,var,1,Ab?eron r.,Masaz?r q.,5367741,64000,vasit?çi (agent),Yoxdur,https://bina.az/items/5367741,40.49266124,49.74714205,3,9
883,Yeni tikili,50,yoxdur,var,2,Ab?eron r.,Masaz?r q.,5368876,64000,mülkiyy?tçi,Yoxdur,https://bina.az/items/5368876,40.4862557,49.757531,3,5
884,Yeni tikili,52,yoxdur,var,2,Ab?eron r.,Masaz?r q.,4523417,64500,vasit?çi (agent),Yoxdur,https://bina.az/items/4523417,40.49219702,49.7532177,1,4
885,Yeni tikili,86,yoxdur,yoxdur,3,Bin? atç?l?q m?rk?zi,X?z?r r.,5103734,64500,mülkiyy?tçi,var,https://bina.az/items/5103734,40.4634229,50.0835145,2,4
886,Yeni tikili,64,var,var,2,Ab?eron r.,Masaz?r q.,5166202,64500,vasit?çi (agent),Yoxdur,https://bina.az/items/5166202,40.49219702,49.7532177,6,6
887,Yeni tikili,58,yoxdur,var,3,Ab?eron r.,Masaz?r q.,5189717,64500,mülkiyy?tçi,Yoxdur,https://bina.az/items/5189717,40.4862557,49.757531,6,6
888,Yeni tikili,57,yoxdur,var,3,Ab?eron r.,Masaz?r q.,5212463,64500,vasit?çi (agent),Yoxdur,https://bina.az/items/5212463,40.46904158,49.75499108,6,6
889,Yeni tikili,42,var,var,2,Ab?eron r.,Masaz?r q.,5285566,64500,vasit?çi (agent),Yoxdur,https://bina.az/items/5285566,40.49122402,49.75505144,3,6
890,Yeni tikili,42,var,var,2,Ab?eron r.,Masaz?r q.,5305257,64500,vasit?çi (agent),Yoxdur,https://bina.az/items/5305257,40.49216438,49.75326061,3,6
891,Köhn? tikili,40,var,var,2,H?zi Aslanov m.,X?tai r.,5363770,64500,vasit?çi (agent),Yoxdur,https://bina.az/items/5363770,40.36792307,49.94687496,7,7
892,Yeni tikili,45,var,var,2,Ab?eron r.,Masaz?r q.,5351611,64900,vasit?çi (agent),var,https://bina.az/items/5351611,40.49034072,49.75337993,1,6
893,Yeni tikili,73,yoxdur,yoxdur,3,Ab?eron r.,Masaz?r q.,4773271,65000,vasit?çi (agent),Yoxdur,https://bina.az/items/4773271,40.48306418,49.75333483,8,9
894,Yeni tikili,55,yoxdur,var,2,Ab?eron r.,Masaz?r q.,4898502,65000,mülkiyy?tçi,Yoxdur,https://bina.az/items/4898502,40.4813607,49.75592136,2,6
895,Yeni tikili,46,yoxdur,var,2,Sabunçu r.,Zabrat q.,5057218,65000,vasit?çi (agent),Yoxdur,https://bina.az/items/5057218,40.4953169,49.95922026,5,11
896,Yeni tikili,72,yoxdur,yoxdur,2,Suraxan? r.,Yeni Gün??li q.,5161390,65000,vasit?çi (agent),Yoxdur,https://bina.az/items/5161390,40.37793525,49.9839963,5,15
897,Yeni tikili,62,var,var,2,Ab?eron r.,Masaz?r q.,5165959,65000,vasit?çi (agent),Yoxdur,https://bina.az/items/5165959,40.47250112,49.75506302,6,6
898,Yeni tikili,57,yoxdur,var,2,Ab?eron r.,Masaz?r q.,5166217,65000,vasit?çi (agent),Yoxdur,https://bina.az/items/5166217,40.49445241,49.75525274,1,4
899,Köhn? tikili,25,var,var,1,?n?aatç?lar m.,Yasamal r.,5211665,65000,vasit?çi (agent),Yoxdur,https://bina.az/items/5211665,40.39046992,49.80233853,5,5
900,Yeni tikili,42,var,var,2,Ab?eron r.,Masaz?r q.,5219270,65000,vasit?çi (agent),Yoxdur,https://bina.az/items/5219270,40.47570569,49.75304491,4,4
901,Yeni tikili,62,var,var,2,Ab?eron r.,Masaz?r q.,5254639,65000,mülkiyy?tçi,Yoxdur,https://bina.az/items/5254639,40.4862557,49.757531,6,6
902,Yeni tikili,51,var,var,2,Ab?eron r.,Masaz?r q.,5269687,65000,vasit?çi (agent),Yoxdur,https://bina.az/items/5269687,40.4861324,49.7683552,1,5
903,Yeni tikili,68,var,var,2,Ab?eron r.,Masaz?r q.,5294375,65000,vasit?çi (agent),var,https://bina.az/items/5294375,40.49209615,49.75410731,6,6
904,Yeni tikili,42,var,var,2,Ab?eron r.,Masaz?r q.,5302520,65000,vasit?çi (agent),var,https://bina.az/items/5302520,40.48575853,49.76836012,3,6
905,Yeni tikili,64,yoxdur,var,3,Ab?eron r.,Masaz?r q.,5302860,65000,vasit?çi (agent),Yoxdur,https://bina.az/items/5302860,40.47437377,49.76432116,3,3
906,Köhn? tikili,25,var,var,1,20 Yanvar m.,Yasamal r.,5306593,65000,vasit?çi (agent),Yoxdur,https://bina.az/items/5306593,40.39972388,49.8015122,5,5
907,Yeni tikili,62,var,var,2,Ab?eron r.,Masaz?r q.,5315064,65000,vasit?çi (agent),Yoxdur,https://bina.az/items/5315064,40.48574203,49.76837884,6,6
908,Köhn? tikili,35,var,var,2,Qarada? r.,Lökbatan q.,5318652,65000,vasit?çi (agent),Yoxdur,https://bina.az/items/5318652,40.32768117,49.73039844,5,5
909,Köhn? tikili,34,var,var,1,Sabunçu r.,Bak?xanov q.,5331116,65000,vasit?çi (agent),var,https://bina.az/items/5331116,40.43147214,49.96013441,7,7
910,Yeni tikili,48,var,var,2,Ab?eron r.,Masaz?r q.,5331667,65000,vasit?çi (agent),Yoxdur,https://bina.az/items/5331667,40.49324025,49.75143702,1,6
911,Yeni tikili,74,var,var,2,['Ab?eron r.'],Yoxdur,5332675,65000,vasit?çi (agent),Yoxdur,https://bina.az/items/5332675,40.4551119,49.7445939,14,16
912,Köhn? tikili,35,var,var,1,20 Yanvar m.,?n?aatç?lar m.,5335737,65000,vasit?çi (agent),Yoxdur,https://bina.az/items/5335737,40.39788356,49.80170794,2,5
913,Yeni tikili,40,var,var,2,Ab?eron r.,Masaz?r q.,5339046,65000,vasit?çi (agent),Yoxdur,https://bina.az/items/5339046,40.47238236,49.75714476,4,10
914,Yeni tikili,36,var,var,2,Ab?eron r.,Masaz?r q.,5339320,65000,vasit?çi (agent),var,https://bina.az/items/5339320,40.49032664,49.75340904,3,6
915,Yeni tikili,48,var,var,1,Ab?eron r.,Masaz?r q.,5339485,65000,vasit?çi (agent),Yoxdur,https://bina.az/items/5339485,40.47058678,49.75581439,5,6
916,Yeni tikili,44,yoxdur,var,2,Ab?eron r.,Masaz?r q.,5339576,65000,vasit?çi (agent),Yoxdur,https://bina.az/items/5339576,40.46973795,49.75701602,1,6
917,Yeni tikili,45,var,var,2,Ab?eron r.,Masaz?r q.,5340098,65000,vasit?çi (agent),Yoxdur,https://bina.az/items/5340098,40.4862557,49.757531,5,6
918,Yeni tikili,40,var,var,2,Ab?eron r.,Masaz?r q.,5340364,65000,vasit?çi (agent),Yoxdur,https://bina.az/items/5340364,40.4862557,49.757531,5,6
919,Köhn? tikili,44,var,var,2,X?tai r.,H?zi Aslanov q.,5342753,65000,mülkiyy?tçi,Yoxdur,https://bina.az/items/5342753,40.36163469,49.95945281,9,9
920,Yeni tikili,44,var,var,2,Ab?eron r.,Masaz?r q.,5343707,65000,vasit?çi (agent),Yoxdur,https://bina.az/items/5343707,40.49115874,49.75573809,1,6
921,Yeni tikili,57,var,var,2,Ab?eron r.,Masaz?r q.,5343893,65000,vasit?çi (agent),Yoxdur,https://bina.az/items/5343893,40.49448767,49.75882799,1,4
922,Yeni tikili,42,var,var,2,Ab?eron r.,Masaz?r q.,5345534,65000,vasit?çi (agent),Yoxdur,https://bina.az/items/5345534,40.47065208,49.75675852,4,6
923,Yeni tikili,42,var,var,2,Ab?eron r.,Masaz?r q.,5345570,65000,vasit?çi (agent),Yoxdur,https://bina.az/items/5345570,40.48810792,49.76100111,4,6
924,Yeni tikili,42,var,var,2,Ab?eron r.,Masaz?r q.,5345892,65000,vasit?çi (agent),var,https://bina.az/items/5345892,40.49216438,49.75326061,4,6
925,Yeni tikili,62,var,var,2,Ab?eron r.,Masaz?r q.,5350633,65000,vasit?çi (agent),Yoxdur,https://bina.az/items/5350633,40.49056401,49.75452693,6,6
926,Yeni tikili,45,var,var,2,Ab?eron r.,Masaz?r q.,5351687,65000,vasit?çi (agent),Yoxdur,https://bina.az/items/5351687,40.47203631,49.75665553,2,6
927,Yeni tikili,57,yoxdur,var,2,Ab?eron r.,Masaz?r q.,5352033,65000,vasit?çi (agent),Yoxdur,https://bina.az/items/5352033,40.48347625,49.75681075,2,7
928,Yeni tikili,45,yoxdur,var,2,Suraxan? r.,Z?? q.,5356798,65000,mülkiyy?tçi,Yoxdur,https://bina.az/items/5356798,40.38299239,50.02897868,1,4
929,Köhn? tikili,29,var,var,1,Qarada? r.,Lökbatan q.,5357948,65000,mülkiyy?tçi,Yoxdur,https://bina.az/items/5357948,40.32552498,49.73797675,2,5
930,Köhn? tikili,18,var,var,1,Be?m?rt?b?,Q?? park?,5358076,65000,vasit?çi (agent),Yoxdur,https://bina.az/items/5358076,40.37782085,49.83575577,1,4
931,Yeni tikili,62,yoxdur,var,2,Ab?eron r.,M?mm?dli q.,5361730,65000,mülkiyy?tçi,Yoxdur,https://bina.az/items/5361730,40.51396431,49.93785757,5,5
932,Yeni tikili,62,var,var,2,Ab?eron r.,Masaz?r q.,5364175,65000,vasit?çi (agent),Yoxdur,https://bina.az/items/5364175,40.47267618,49.75298197,5,16
933,Yeni tikili,72,var,var,3,Ab?eron r.,Saray q.,5367896,65000,mülkiyy?tçi,var,https://bina.az/items/5367896,40.53141106,49.71127003,11,14
934,Yeni tikili,41,var,var,2,Ab?eron r.,Masaz?r q.,5369060,65000,mülkiyy?tçi,Yoxdur,https://bina.az/items/5369060,40.4862557,49.757531,4,6
935,Köhn? tikili,90,var,var,2,X?z?r r.,Bin? q.,5369663,65000,vasit?çi (agent),var,https://bina.az/items/5369663,40.44932942,50.08743812,1,5
936,Yeni tikili,52,yoxdur,var,2,Ab?eron r.,Masaz?r q.,5370397,65000,vasit?çi (agent),Yoxdur,https://bina.az/items/5370397,40.4895196,49.75349696,6,6
937,Yeni tikili,73,var,var,2,Ab?eron r.,Masaz?r q.,5371181,65000,mülkiyy?tçi,Yoxdur,https://bina.az/items/5371181,40.4862557,49.757531,6,6
938,Köhn? tikili,26,var,var,1,20 Yanvar m.,Yasamal r.,5371264,65000,vasit?çi (agent),Yoxdur,https://bina.az/items/5371264,40.3995798,49.80092311,5,5
939,Yeni tikili,50,yoxdur,yoxdur,1,Ab?eron r.,Masaz?r q.,5371538,65000,mülkiyy?tçi,Yoxdur,https://bina.az/items/5371538,40.51568102,49.75282807,7,9
940,Köhn? tikili,30,var,var,2,Suraxan? r.,?mircan q.,5372575,65000,vasit?çi (agent),Yoxdur,https://bina.az/items/5372575,40.42164465,49.99685139,2,4
941,Yeni tikili,74,var,var,2,Ab?eron r.,Masaz?r q.,5374199,65000,vasit?çi (agent),Yoxdur,https://bina.az/items/5374199,40.49102094,49.7533253,6,6
942,Yeni tikili,74,var,var,2,Ab?eron r.,Masaz?r q.,5374233,65000,vasit?çi (agent),Yoxdur,https://bina.az/items/5374233,40.48989793,49.75670119,6,6
943,Yeni tikili,51,yoxdur,var,2,Ab?eron r.,Masaz?r q.,5091231,65500,vasit?çi (agent),Yoxdur,https://bina.az/items/5091231,40.47809526,49.75032122,2,6
944,Yeni tikili,60,var,var,2,Ab?eron r.,Masaz?r q.,5345434,65500,vasit?çi (agent),Yoxdur,https://bina.az/items/5345434,40.4862557,49.757531,11,15
945,Yeni tikili,42,var,var,1,['Ab?eron r.'],Yoxdur,5370961,65500,vasit?çi (agent),var,https://bina.az/items/5370961,40.4551119,49.7445939,13,13
946,Yeni tikili,65,var,var,3,Ab?eron r.,Masaz?r q.,5375448,65500,mülkiyy?tçi,Yoxdur,https://bina.az/items/5375448,40.4862557,49.757531,8,8
947,Yeni tikili,58,yoxdur,var,2,Ab?eron r.,Masaz?r q.,4934344,66000,vasit?çi (agent),Yoxdur,https://bina.az/items/4934344,40.48090982,49.75505144,5,11
948,Yeni tikili,60,yoxdur,yoxdur,1,Ab?eron r.,Masaz?r q.,5210689,66000,vasit?çi (agent),Yoxdur,https://bina.az/items/5210689,40.45981954,49.75573809,9,15
949,Yeni tikili,42,var,var,2,Ab?eron r.,Masaz?r q.,5221503,66000,vasit?çi (agent),var,https://bina.az/items/5221503,40.48820536,49.75679858,4,9
950,Yeni tikili,66,yoxdur,var,2,Ab?eron r.,Masaz?r q.,5274072,66000,vasit?çi (agent),Yoxdur,https://bina.az/items/5274072,40.4862557,49.757531,8,8
951,Yeni tikili,35,yoxdur,var,2,Ab?eron r.,Masaz?r q.,5276627,66000,vasit?çi (agent),Yoxdur,https://bina.az/items/5276627,40.49219702,49.7532177,1,6
952,Yeni tikili,52,yoxdur,var,2,Ab?eron r.,Masaz?r q.,5298557,66000,vasit?çi (agent),Yoxdur,https://bina.az/items/5298557,40.4862557,49.757531,2,6
953,Yeni tikili,35,var,var,1,Suraxan? r.,?mircan q.,5308420,66000,vasit?çi (agent),Yoxdur,https://bina.az/items/5308420,40.41975422,49.99675029,1,4
954,Yeni tikili,41,var,var,2,Ab?eron r.,Masaz?r q.,5309265,66000,vasit?çi (agent),Yoxdur,https://bina.az/items/5309265,40.49386034,49.74671633,7,10
955,Yeni tikili,36,var,var,2,Ab?eron r.,Masaz?r q.,5329562,66000,mülkiyy?tçi,var,https://bina.az/items/5329562,40.48894972,49.75866237,3,6
956,Yeni tikili,55,yoxdur,var,2,Ab?eron r.,Mehdiabad q.,5336119,66000,vasit?çi (agent),Yoxdur,https://bina.az/items/5336119,40.48954455,49.8543795,5,6
957,Köhn? tikili,32,var,Yoxdur,2,Ayna Sultanova heyk?li,Bin?q?di r.,5358710,66000,vasit?çi (agent),Yoxdur,https://bina.az/items/5358710,40.41595917,49.84893879,2,5
958,Yeni tikili,66,yoxdur,yoxdur,2,Ab?eron r.,M?mm?dli q.,5360475,66000,mülkiyy?tçi,Yoxdur,https://bina.az/items/5360475,40.5039028,49.8991331,2,5
959,Köhn? tikili,50,var,var,2,['Pirallah? r.'],Yoxdur,5366773,66000,vasit?çi (agent),Yoxdur,https://bina.az/items/5366773,40.45652387,50.33945599,1,5
960,Yeni tikili,42,var,var,2,Ab?eron r.,Masaz?r q.,5207285,66500,vasit?çi (agent),Yoxdur,https://bina.az/items/5207285,40.49219702,49.7532177,1,6
961,Yeni tikili,52,yoxdur,var,2,Ab?eron r.,Masaz?r q.,5244960,66500,vasit?çi (agent),Yoxdur,https://bina.az/items/5244960,40.4921306,49.74800379,2,7
962,Yeni tikili,44,var,var,2,Ab?eron r.,Masaz?r q.,5281061,66500,vasit?çi (agent),Yoxdur,https://bina.az/items/5281061,40.49271806,49.75435526,4,6
963,Yeni tikili,45,var,var,2,Ab?eron r.,Masaz?r q.,5333851,66500,vasit?çi (agent),var,https://bina.az/items/5333851,40.49408993,49.74712372,5,9
964,Yeni tikili,44,var,var,2,Ab?eron r.,Masaz?r q.,5364339,66500,vasit?çi (agent),Yoxdur,https://bina.az/items/5364339,40.49395824,49.75212367,3,6
965,Yeni tikili,45,var,var,2,X?z?r r.,?imal DRES q.,5370988,66500,mülkiyy?tçi,Yoxdur,https://bina.az/items/5370988,40.49608786,50.20061714,3,3
966,Köhn? tikili,48,var,var,2,H?zi Aslanov m.,X?tai r.,5344296,66999,vasit?çi (agent),Yoxdur,https://bina.az/items/5344296,40.37309748,49.95346069,9,9
967,Köhn? tikili,42,var,var,2,H?zi Aslanov m.,X?tai r.,5344534,66999,vasit?çi (agent),Yoxdur,https://bina.az/items/5344534,40.36302184,49.959956,9,9
968,Yeni tikili,56,yoxdur,var,3,Ab?eron r.,Masaz?r q.,4999315,67000,vasit?çi (agent),Yoxdur,https://bina.az/items/4999315,40.49084213,49.75611448,6,8
969,Yeni tikili,54,yoxdur,var,2,Ab?eron r.,Masaz?r q.,5097370,67000,vasit?çi (agent),Yoxdur,https://bina.az/items/5097370,40.4863874,49.76617813,3,6
970,Köhn? tikili,32,var,var,1,Suraxan? r.,Hövsan q.,5218322,67000,vasit?çi (agent),var,https://bina.az/items/5218322,40.38021932,50.09161551,9,9
971,Yeni tikili,44,yoxdur,var,2,Ab?eron r.,Masaz?r q.,5227399,67000,vasit?çi (agent),Yoxdur,https://bina.az/items/5227399,40.49219702,49.7532177,4,6
972,Yeni tikili,43,var,var,3,Ab?eron r.,Masaz?r q.,5241297,67000,vasit?çi (agent),Yoxdur,https://bina.az/items/5241297,40.49262678,49.74709454,2,10
973,Yeni tikili,58,yoxdur,yoxdur,1,Sea Breeze,Sabunçu r.,5257179,67000,mülkiyy?tçi,var,https://bina.az/items/5257179,40.59198675,49.98539779,7,9
974,Yeni tikili,44,var,var,2,Ab?eron r.,Masaz?r q.,5297978,67000,vasit?çi (agent),Yoxdur,https://bina.az/items/5297978,40.49181149,49.75505144,3,6
975,Yeni tikili,73,yoxdur,yoxdur,3,Ab?eron r.,Masaz?r q.,5315363,67000,vasit?çi (agent),Yoxdur,https://bina.az/items/5315363,40.4894329,49.75504191,5,6
976,Yeni tikili,65,yoxdur,var,3,Ab?eron r.,Masaz?r q.,5318361,67000,vasit?çi (agent),Yoxdur,https://bina.az/items/5318361,40.49190214,49.7552994,5,5
977,Köhn? tikili,55,var,var,2,Ab?eron r.,Mehdiabad q.,5318799,67000,vasit?çi (agent),var,https://bina.az/items/5318799,40.48620264,49.8510431,4,4
978,Yeni tikili,53,yoxdur,var,2,Ab?eron r.,Masaz?r q.,5339876,67000,mülkiyy?tçi,Yoxdur,https://bina.az/items/5339876,40.48698815,49.75763065,7,8
979,Yeni tikili,56,yoxdur,var,2,Ab?eron r.,Mehdiabad q.,5343484,67000,vasit?çi (agent),Yoxdur,https://bina.az/items/5343484,40.49206784,49.83988036,5,6
980,Yeni tikili,42,yoxdur,var,2,Ab?eron r.,Masaz?r q.,5348226,67000,vasit?çi (agent),Yoxdur,https://bina.az/items/5348226,40.48162505,49.77130969,5,8
981,Yeni tikili,52,yoxdur,var,2,Bin?q?di r.,Bin?q?di q.,5349591,67000,vasit?çi (agent),Yoxdur,https://bina.az/items/5349591,40.47425979,49.82415779,3,15
982,Yeni tikili,58,var,var,2,Ab?eron r.,Masaz?r q.,5355230,67000,vasit?çi (agent),Yoxdur,https://bina.az/items/5355230,40.48608888,49.76821214,6,6
983,Yeni tikili,82,var,yoxdur,2,Bin?q?di r.,Bin?q?di q.,5356342,67000,mülkiyy?tçi,Yoxdur,https://bina.az/items/5356342,40.47519571,49.82211967,2,4
984,Yeni tikili,45,var,var,2,Xoc?s?n m.,Bin?q?di r.,5357039,67000,mülkiyy?tçi,Yoxdur,https://bina.az/items/5357039,40.428765,49.772983,8,9
985,Yeni tikili,30,var,var,1,Qarada? r.,Lökbatan q.,5359307,67000,mülkiyy?tçi,Yoxdur,https://bina.az/items/5359307,40.32566871,49.72715026,12,12
986,Yeni tikili,63,var,var,3,Ab?eron r.,Masaz?r q.,5363324,67000,mülkiyy?tçi,Yoxdur,https://bina.az/items/5363324,40.49195177,49.75589203,6,6
987,Köhn? tikili,35,var,yoxdur,1,Suraxan? r.,Hövsan q.,5368468,67000,vasit?çi (agent),var,https://bina.az/items/5368468,40.37993531,50.09230215,8,9
988,Yeni tikili,49,yoxdur,var,2,['Ab?eron r.'],Yoxdur,5372042,67000,mülkiyy?tçi,Yoxdur,https://bina.az/items/5372042,40.455101,49.734119,2,11
989,Yeni tikili,56,yoxdur,var,3,Ab?eron r.,Masaz?r q.,4788809,67500,vasit?çi (agent),Yoxdur,https://bina.az/items/4788809,40.48963893,49.75880541,6,8
990,Yeni tikili,59,yoxdur,var,2,Ab?eron r.,Masaz?r q.,4828556,67500,vasit?çi (agent),Yoxdur,https://bina.az/items/4828556,40.48263259,49.75358279,2,9
991,Yeni tikili,44,yoxdur,var,2,Ab?eron r.,Masaz?r q.,5200493,67500,vasit?çi (agent),Yoxdur,https://bina.az/items/5200493,40.49187676,49.75384981,2,6
992,Yeni tikili,38,var,var,2,Ab?eron r.,Masaz?r q.,5216846,67500,vasit?çi (agent),Yoxdur,https://bina.az/items/5216846,40.49262118,49.74710623,2,9
993,Yeni tikili,38,var,var,2,Ab?eron r.,Masaz?r q.,5220634,67500,vasit?çi (agent),Yoxdur,https://bina.az/items/5220634,40.49369715,49.74602969,2,9
994,Yeni tikili,45,var,var,2,Ab?eron r.,Masaz?r q.,5331004,67500,vasit?çi (agent),Yoxdur,https://bina.az/items/5331004,40.49376243,49.74594386,6,9
995,Yeni tikili,44,var,var,2,Ab?eron r.,Masaz?r q.,5344891,67500,vasit?çi (agent),Yoxdur,https://bina.az/items/5344891,40.49219702,49.7532177,2,6
996,Köhn? tikili,42,yoxdur,var,2,H?zi Aslanov m.,X?tai r.,5363288,67999,vasit?çi (agent),Yoxdur,https://bina.az/items/5363288,40.37328939,49.94896613,9,9
997,Yeni tikili,64,var,var,2,Ab?eron r.,Masaz?r q.,4660092,68000,vasit?çi (agent),var,https://bina.az/items/4660092,40.49062929,49.75607188,5,6
998,Yeni tikili,41,var,var,2,Ab?eron r.,Masaz?r q.,5007540,68000,vasit?çi (agent),Yoxdur,https://bina.az/items/5007540,40.49350859,49.74449427,6,7
999,Yeni tikili,54,yoxdur,var,2,Ab?eron r.,Masaz?r q.,5051557,68000,vasit?çi (agent),Yoxdur,https://bina.az/items/5051557,40.48110567,49.75711138,4,8
1000,Yeni tikili,60,var,var,2,Ab?eron r.,Masaz?r q.,5088514,68000,vasit?çi (agent),Yoxdur,https://bina.az/items/5088514,40.49219702,49.7532177,6,6
1001,Yeni tikili,60,var,var,2,Ab?eron r.,Masaz?r q.,5088522,68000,vasit?çi (agent),Yoxdur,https://bina.az/items/5088522,40.46729076,49.76651005,6,6
1002,Köhn? tikili,42,var,var,2,['X?tai r.'],Yoxdur,5194919,68000,vasit?çi (agent),Yoxdur,https://bina.az/items/5194919,40.35896328,49.9600719,9,9
1003,Yeni tikili,44,yoxdur,var,2,Ab?eron r.,Masaz?r q.,5200927,68000,vasit?çi (agent),Yoxdur,https://bina.az/items/5200927,40.49219702,49.7532177,2,6
1004,Yeni tikili,70,var,var,2,Ab?eron r.,Masaz?r q.,5226753,68000,vasit?çi (agent),Yoxdur,https://bina.az/items/5226753,40.49200005,49.7533253,6,6
1005,Yeni tikili,52,var,var,2,Ab?eron r.,Masaz?r q.,5245294,68000,vasit?çi (agent),Yoxdur,https://bina.az/items/5245294,40.49265279,49.75083621,2,6
1006,Yeni tikili,44,yoxdur,var,2,Ab?eron r.,Masaz?r q.,5245738,68000,vasit?çi (agent),Yoxdur,https://bina.az/items/5245738,40.49219702,49.7532177,2,6
1007,Yeni tikili,56,var,var,2,Ab?eron r.,Masaz?r q.,5247444,68000,vasit?çi (agent),Yoxdur,https://bina.az/items/5247444,40.49219702,49.7532177,1,6
1008,Yeni tikili,56,yoxdur,var,2,Ab?eron r.,Masaz?r q.,5275030,68000,vasit?çi (agent),Yoxdur,https://bina.az/items/5275030,40.4862557,49.757531,6,8
1009,Yeni tikili,44,yoxdur,var,2,Ab?eron r.,Masaz?r q.,5285024,68000,vasit?çi (agent),Yoxdur,https://bina.az/items/5285024,40.49219702,49.7532177,2,6
1010,Yeni tikili,42,yoxdur,var,1,Ab?eron r.,Masaz?r q.,5313414,68000,mülkiyy?tçi,Yoxdur,https://bina.az/items/5313414,40.48318749,49.7779587,4,8
1011,Köhn? tikili,46,var,yoxdur,2,Suraxan? r.,Yeni Suraxan? q.,5316678,68000,vasit?çi (agent),var,https://bina.az/items/5316678,40.43143704,50.0375497,3,3
1012,Yeni tikili,56,var,var,2,Ab?eron r.,Masaz?r q.,5326852,68000,vasit?çi (agent),Yoxdur,https://bina.az/items/5326852,40.49269473,49.75493596,1,6
1013,Yeni tikili,43,var,var,2,Ab?eron r.,Masaz?r q.,5330580,68000,vasit?çi (agent),Yoxdur,https://bina.az/items/5330580,40.49357386,49.74269183,5,8
1014,Yeni tikili,79,yoxdur,var,2,Ab?eron r.,M?mm?dli q.,5332424,68000,mülkiyy?tçi,Yoxdur,https://bina.az/items/5332424,40.50701253,49.91183281,5,5
1015,Yeni tikili,80,yoxdur,var,2,Ab?eron r.,M?mm?dli q.,5333029,68000,vasit?çi (agent),Yoxdur,https://bina.az/items/5333029,40.51324012,49.93837513,5,5
1016,Yeni tikili,79,var,var,3,Ab?eron r.,M?mm?dli q.,5333199,68000,vasit?çi (agent),Yoxdur,https://bina.az/items/5333199,40.50890502,49.9154377,5,5
1017,Yeni tikili,42,var,var,2,Ab?eron r.,Masaz?r q.,5334747,68000,vasit?çi (agent),Yoxdur,https://bina.az/items/5334747,40.49266911,49.74712403,5,8
1018,Yeni tikili,47,var,var,2,Ab?eron r.,Masaz?r q.,5339193,68000,vasit?çi (agent),var,https://bina.az/items/5339193,40.47045619,49.73987134,7,11
1019,Yeni tikili,100,yoxdur,var,3,Yasamal r.,Yeni Yasamal q.,5355899,68000,vasit?çi (agent),var,https://bina.az/items/5355899,40.39626979,49.78893142,15,16
1020,Köhn? tikili,45,var,var,2,Bin?q?di r.,7-ci mikrorayon q.,5358390,68000,vasit?çi (agent),Yoxdur,https://bina.az/items/5358390,40.4301447,49.8531172,5,5
1021,Köhn? tikili,80,var,var,4,Sabunçu r.,Zabrat q.,5361816,68000,mülkiyy?tçi,Yoxdur,https://bina.az/items/5361816,40.49154516,49.94626518,2,2
1022,Yeni tikili,67,var,var,4,Ab?eron r.,Masaz?r q.,5367531,68000,vasit?çi (agent),Yoxdur,https://bina.az/items/5367531,40.49108621,49.757531,5,5
1023,Yeni tikili,53,var,var,2,Ab?eron r.,Masaz?r q.,5369341,68000,vasit?çi (agent),Yoxdur,https://bina.az/items/5369341,40.47765139,49.75253133,3,8
1024,Köhn? tikili,42,var,var,2,X?tai r.,?hm?dli q.,5371249,68000,mülkiyy?tçi,Yoxdur,https://bina.az/items/5371249,40.35795787,49.96015489,9,9
1025,Yeni tikili,100,var,var,4,Sabunçu r.,Zabrat q.,5375575,68000,vasit?çi (agent),Yoxdur,https://bina.az/items/5375575,40.49264525,49.94536199,2,2
1026,Yeni tikili,57,yoxdur,var,2,Ab?eron r.,Masaz?r q.,4783001,68500,vasit?çi (agent),Yoxdur,https://bina.az/items/4783001,40.49219702,49.7532177,4,6
1027,Yeni tikili,57,var,var,3,Ab?eron r.,Masaz?r q.,5192215,68500,vasit?çi (agent),Yoxdur,https://bina.az/items/5192215,40.49161566,49.7552231,6,6
1028,Yeni tikili,44,var,var,2,Ab?eron r.,Masaz?r q.,5217247,68500,vasit?çi (agent),Yoxdur,https://bina.az/items/5217247,40.48971543,49.75263865,1,6
1029,Yeni tikili,44,var,var,2,Ab?eron r.,Masaz?r q.,5217332,68500,mülkiyy?tçi,Yoxdur,https://bina.az/items/5217332,40.49273202,49.75319337,2,6
1030,Yeni tikili,44,var,var,2,Ab?eron r.,Masaz?r q.,5219026,68500,vasit?çi (agent),Yoxdur,https://bina.az/items/5219026,40.49168094,49.75479395,1,6
1031,Yeni tikili,44,var,var,2,Ab?eron r.,Masaz?r q.,5227156,68500,vasit?çi (agent),Yoxdur,https://bina.az/items/5227156,40.4899124,49.75974083,1,6
1032,Yeni tikili,42,var,var,2,Ab?eron r.,Masaz?r q.,5305241,68500,vasit?çi (agent),var,https://bina.az/items/5305241,40.49216438,49.75326061,2,6
1033,Yeni tikili,44,var,var,2,Ab?eron r.,Masaz?r q.,5325427,68500,vasit?çi (agent),Yoxdur,https://bina.az/items/5325427,40.49216438,49.75326061,1,6
1034,Yeni tikili,44,var,var,2,Ab?eron r.,Masaz?r q.,5326750,68500,vasit?çi (agent),Yoxdur,https://bina.az/items/5326750,40.4904661,49.75611479,1,6
1035,Yeni tikili,54,var,var,2,Ab?eron r.,Masaz?r q.,5344857,68500,vasit?çi (agent),Yoxdur,https://bina.az/items/5344857,40.49219702,49.7532177,1,6
1036,Yeni tikili,73,var,var,3,Ab?eron r.,Masaz?r q.,5345217,68500,vasit?çi (agent),Yoxdur,https://bina.az/items/5345217,40.4862557,49.757531,1,6
1037,Yeni tikili,72,yoxdur,var,3,Ab?eron r.,Masaz?r q.,5345287,68500,vasit?çi (agent),Yoxdur,https://bina.az/items/5345287,40.49115874,49.75196154,1,6
1038,Yeni tikili,72,var,yoxdur,2,Ab?eron r.,Masaz?r q.,5345586,68500,vasit?çi (agent),Yoxdur,https://bina.az/items/5345586,40.48756096,49.75958289,1,6
1039,Yeni tikili,72,var,yoxdur,3,Ab?eron r.,Masaz?r q.,5350738,68500,vasit?çi (agent),Yoxdur,https://bina.az/items/5350738,40.49216438,49.75326061,1,6
1040,Yeni tikili,57,yoxdur,var,2,Ab?eron r.,Masaz?r q.,5366178,68500,vasit?çi (agent),Yoxdur,https://bina.az/items/5366178,40.48109842,49.75478442,5,11
1041,Yeni tikili,58,var,yoxdur,2,Ab?eron r.,Masaz?r q.,5373886,68760,mülkiyy?tçi,Yoxdur,https://bina.az/items/5373886,40.4862557,49.757531,9,10
1042,Yeni tikili,55,var,var,2,Ab?eron r.,Masaz?r q.,4751924,69000,vasit?çi (agent),Yoxdur,https://bina.az/items/4751924,40.50409211,49.75478411,4,8
1043,Köhn? tikili,50,var,var,2,Suraxan? r.,Hövsan q.,5315426,69000,vasit?çi (agent),Yoxdur,https://bina.az/items/5315426,40.376143,50.091873,1,5
1044,Yeni tikili,40,var,var,1,?hm?dli m.,X?tai r.,5334057,69000,mülkiyy?tçi,var,https://bina.az/items/5334057,40.382631,49.945952,13,13
1045,Köhn? tikili,45,var,var,2,['X?tai r.'],Yoxdur,5335566,69000,vasit?çi (agent),Yoxdur,https://bina.az/items/5335566,40.36270716,49.95984222,2,9
1046,Yeni tikili,14,var,var,1,Nizami kinoteatr?,Milli Konservatoriya,5336127,69000,vasit?çi (agent),Yoxdur,https://bina.az/items/5336127,40.37553032,49.8422053,2,2
1047,Köhn? tikili,48,var,yoxdur,2,Suraxan? r.,Hövsan q.,5355527,69000,vasit?çi (agent),Yoxdur,https://bina.az/items/5355527,40.38032761,50.091873,1,5
1048,Yeni tikili,46,var,var,2,['X?tai r.'],Yoxdur,5358995,69000,vasit?çi (agent),Yoxdur,https://bina.az/items/5358995,40.36219737,49.95493425,13,13
1049,Yeni tikili,52,yoxdur,var,2,Ab?eron r.,Masaz?r q.,4938844,69500,vasit?çi (agent),Yoxdur,https://bina.az/items/4938844,40.48410144,49.75504191,3,8
1050,Yeni tikili,50,yoxdur,var,2,Ab?eron r.,Masaz?r q.,5185518,69500,vasit?çi (agent),Yoxdur,https://bina.az/items/5185518,40.47875539,49.75342066,7,7
1051,Yeni tikili,57,var,var,3,Ab?eron r.,Masaz?r q.,5190931,69500,vasit?çi (agent),Yoxdur,https://bina.az/items/5190931,40.49219702,49.7532177,6,6
1052,Yeni tikili,56,yoxdur,var,3,Ab?eron r.,Masaz?r q.,5192231,69500,vasit?çi (agent),Yoxdur,https://bina.az/items/5192231,40.49219702,49.7532177,6,6
1053,Yeni tikili,44,var,var,2,Ab?eron r.,Masaz?r q.,5280173,69500,vasit?çi (agent),Yoxdur,https://bina.az/items/5280173,40.49168094,49.7554806,2,6
1054,Yeni tikili,42,var,var,2,Ab?eron r.,Masaz?r q.,5289964,69500,vasit?çi (agent),Yoxdur,https://bina.az/items/5289964,40.49219702,49.7532177,2,6
1055,Yeni tikili,57,yoxdur,yoxdur,2,Ab?eron r.,Masaz?r q.,5329606,69500,mülkiyy?tçi,Yoxdur,https://bina.az/items/5329606,40.4862557,49.757531,2,6
1056,Yeni tikili,69,var,yoxdur,2,Ab?eron r.,Masaz?r q.,5339904,69500,mülkiyy?tçi,Yoxdur,https://bina.az/items/5339904,40.50900992,49.75316436,7,11
1057,Yeni tikili,42,var,var,2,Ab?eron r.,Masaz?r q.,5123745,69900,vasit?çi (agent),var,https://bina.az/items/5123745,40.48532813,49.77125284,5,8
1058,Köhn? tikili,40,var,var,1,['Ab?eron r.'],Yoxdur,5346248,69900,mülkiyy?tçi,Yoxdur,https://bina.az/items/5346248,40.4551119,49.7445939,3,4
1059,Yeni tikili,70,var,yoxdur,2,Ab?eron r.,Masaz?r q.,3856731,70000,mülkiyy?tçi,Yoxdur,https://bina.az/items/3856731,40.4862557,49.757531,3,8
1060,Köhn? tikili,83,var,var,3,X?z?r r.,M?rd?kan q.,4127956,70000,mülkiyy?tçi,Yoxdur,https://bina.az/items/4127956,40.47857,50.150065,1,1
1061,Yeni tikili,44,yoxdur,var,2,Ab?eron r.,Masaz?r q.,4161864,70000,vasit?çi (agent),Yoxdur,https://bina.az/items/4161864,40.4862557,49.757531,2,6
1062,Yeni tikili,83,var,var,3,Ab?eron r.,Masaz?r q.,4821472,70000,vasit?çi (agent),Yoxdur,https://bina.az/items/4821472,40.49219702,49.7532177,6,6
1063,Köhn? tikili,65,var,var,3,['S?bail r.'],Yoxdur,4964020,70000,vasit?çi (agent),Yoxdur,https://bina.az/items/4964020,40.33604934,49.81839998,1,1
1064,Köhn? tikili,43,var,var,2,?hm?dli m.,X?tai r.,5005840,70000,vasit?çi (agent),Yoxdur,https://bina.az/items/5005840,40.382631,49.945952,8,9
1065,Yeni tikili,60,yoxdur,var,2,Ab?eron r.,Masaz?r q.,5074878,70000,vasit?çi (agent),Yoxdur,https://bina.az/items/5074878,40.4862557,49.757531,5,6
1066,Yeni tikili,70,var,yoxdur,2,Ab?eron r.,Masaz?r q.,5091362,70000,vasit?çi (agent),Yoxdur,https://bina.az/items/5091362,40.48600184,49.77633745,3,8
1067,Yeni tikili,50,var,var,3,Ab?eron r.,Masaz?r q.,5188723,70000,vasit?çi (agent),Yoxdur,https://bina.az/items/5188723,40.49168094,49.75393564,9,9
1068,Yeni tikili,50,var,var,3,Ab?eron r.,Masaz?r q.,5190992,70000,vasit?çi (agent),Yoxdur,https://bina.az/items/5190992,40.49219702,49.7532177,9,9
1069,Yeni tikili,50,var,var,2,Ab?eron r.,Masaz?r q.,5205622,70000,vasit?çi (agent),Yoxdur,https://bina.az/items/5205622,40.49154313,49.75126536,1,6
1070,Yeni tikili,58,var,var,2,Ab?eron r.,Ceyranbatan q.,5216184,70000,vasit?çi (agent),Yoxdur,https://bina.az/items/5216184,40.54324628,49.66270107,11,16
1071,Yeni tikili,41,var,var,2,Bin?q?di r.,Sulut?p? q.,5226756,70000,vasit?çi (agent),var,https://bina.az/items/5226756,40.43672728,49.74881093,2,4
1072,Yeni tikili,82,var,var,3,Ab?eron r.,Masaz?r q.,5243557,70000,vasit?çi (agent),Yoxdur,https://bina.az/items/5243557,40.49168094,49.75453646,6,6
1073,Köhn? tikili,30,var,Yoxdur,1,Nizami kinoteatr?,Q?? park?,5256965,70000,vasit?çi (agent),Yoxdur,https://bina.az/items/5256965,40.37447383,49.83922597,1,2
1074,Yeni tikili,56,var,var,2,Ab?eron r.,Masaz?r q.,5266486,70000,vasit?çi (agent),Yoxdur,https://bina.az/items/5266486,40.49141984,49.75402147,5,6
1075,Yeni tikili,44,var,var,2,Ab?eron r.,Masaz?r q.,5279733,70000,vasit?çi (agent),Yoxdur,https://bina.az/items/5279733,40.49219702,49.7532177,3,6
1076,Yeni tikili,56,var,var,3,Ab?eron r.,Masaz?r q.,5280685,70000,vasit?çi (agent),Yoxdur,https://bina.az/items/5280685,40.49219702,49.7532177,4,6
1077,Köhn? tikili,30,var,var,1,M?rk?zi Univermaq,F?vvar?l?r meydan?,5283757,70000,vasit?çi (agent),Yoxdur,https://bina.az/items/5283757,40.37396732,49.83773013,1,2
1078,Yeni tikili,83,var,var,3,Ab?eron r.,Masaz?r q.,5296949,70000,vasit?çi (agent),var,https://bina.az/items/5296949,40.48580461,49.76844461,3,6
1079,Yeni tikili,57,var,var,2,Ab?eron r.,Masaz?r q.,5303128,70000,vasit?çi (agent),Yoxdur,https://bina.az/items/5303128,40.49297916,49.75401194,5,6
1080,Köhn? tikili,73,var,var,3,S?bail r.,20-ci sah? q.,5304159,70000,mülkiyy?tçi,Yoxdur,https://bina.az/items/5304159,40.33231771,49.8159588,1,1
1081,Köhn? tikili,45,var,var,2,Azadl?q Prospekti m.,Bin?q?di r.,5308539,70000,vasit?çi (agent),Yoxdur,https://bina.az/items/5308539,40.42951421,49.85008242,5,5
1082,Yeni tikili,90,yoxdur,yoxdur,3,Bin?q?di r.,Bin?q?di q.,5309933,70000,vasit?çi (agent),Yoxdur,https://bina.az/items/5309933,40.46394892,49.84114446,5,5
1083,Yeni tikili,40,var,var,2,['X?tai r.'],Yoxdur,5312483,70000,vasit?çi (agent),Yoxdur,https://bina.az/items/5312483,40.36230318,49.96019296,2,9
1084,Yeni tikili,57,var,var,3,['Ab?eron r.'],Yoxdur,5324460,70000,vasit?çi (agent),Yoxdur,https://bina.az/items/5324460,40.4551119,49.7445939,6,6
1085,Yeni tikili,58,var,var,2,Ab?eron r.,Saray q.,5326773,70000,mülkiyy?tçi,var,https://bina.az/items/5326773,40.55115002,49.71391261,7,14
1086,Yeni tikili,42,var,var,2,Ab?eron r.,Masaz?r q.,5332870,70000,vasit?çi (agent),Yoxdur,https://bina.az/items/5332870,40.49216438,49.75326061,4,6
1087,Yeni tikili,39,yoxdur,yoxdur,1,['X?tai r.'],Yoxdur,5333168,70000,vasit?çi (agent),Yoxdur,https://bina.az/items/5333168,40.38194082,49.93290424,8,14
1088,Yeni tikili,42,var,var,2,Ab?eron r.,Masaz?r q.,5333498,70000,vasit?çi (agent),Yoxdur,https://bina.az/items/5333498,40.47006442,49.75770266,4,6
1089,Yeni tikili,42,var,var,2,Ab?eron r.,Masaz?r q.,5333700,70000,vasit?çi (agent),Yoxdur,https://bina.az/items/5333700,40.48553762,49.75821765,4,6
1090,Yeni tikili,58,yoxdur,var,3,Ab?eron r.,Masaz?r q.,5334696,70000,vasit?çi (agent),Yoxdur,https://bina.az/items/5334696,40.4813607,49.75592136,4,12
1091,Köhn? tikili,35,var,yoxdur,1,X?tai r.,?hm?dli q.,5336709,70000,vasit?çi (agent),Yoxdur,https://bina.az/items/5336709,40.39199755,49.96206529,5,5
1092,Yeni tikili,34,yoxdur,var,1,Suraxan? r.,?mircan q.,5342696,68000,mülkiyy?tçi,Yoxdur,https://bina.az/items/5342696,40.4261472,49.9873397,2,12
1093,Yeni tikili,49,var,var,1,Ab?eron r.,Masaz?r q.,5346994,70000,mülkiyy?tçi,var,https://bina.az/items/5346994,40.47037572,49.73974228,10,11
1094,Yeni tikili,35,yoxdur,var,1,Suraxan? r.,?mircan q.,5350916,70000,vasit?çi (agent),Yoxdur,https://bina.az/items/5350916,40.42773905,49.98877541,2,12
1095,Yeni tikili,83,var,yoxdur,3,Ab?eron r.,Masaz?r q.,5351015,70000,vasit?çi (agent),var,https://bina.az/items/5351015,40.48429729,49.76812219,3,5
1096,Yeni tikili,56,var,var,3,Ab?eron r.,Masaz?r q.,5353578,70000,vasit?çi (agent),Yoxdur,https://bina.az/items/5353578,40.4721016,49.75614054,6,6
1097,Yeni tikili,53,yoxdur,yoxdur,2,Bin?q?di r.,Bin?q?di q.,5359219,70000,mülkiyy?tçi,Yoxdur,https://bina.az/items/5359219,40.4764203,49.8202876,3,4
1098,Yeni tikili,60,var,var,3,['Pirallah? r.'],Yoxdur,5363878,70000,mülkiyy?tçi,Yoxdur,https://bina.az/items/5363878,40.474968,50.331135,1,4
1099,Köhn? tikili,60,var,var,3,['Pirallah? r.'],Yoxdur,5369310,70000,mülkiyy?tçi,Yoxdur,https://bina.az/items/5369310,40.474968,50.331135,4,4
1100,Köhn? tikili,30,var,var,1,Suraxan? r.,?mircan q.,5372866,70000,mülkiyy?tçi,var,https://bina.az/items/5372866,40.41862993,49.99752939,4,4
1101,Köhn? tikili,40,var,var,1,Suraxan? r.,?mircan q.,5373889,70000,mülkiyy?tçi,Yoxdur,https://bina.az/items/5373889,40.4261472,49.9873397,4,4
1102,Yeni tikili,70,yoxdur,var,3,Ab?eron r.,Masaz?r q.,5374501,70000,vasit?çi (agent),Yoxdur,https://bina.az/items/5374501,40.4862557,49.757531,8,8
1103,Köhn? tikili,44,var,var,2,X?tai r.,H?zi Aslanov q.,4991088,76500,mülkiyy?tçi,Yoxdur,https://bina.az/items/4991088,40.35767983,49.96020602,9,9
1104,Köhn? tikili,40,var,var,2,Xalqlar Dostlu?u m.,Nizami r.,5080724,99700,vasit?çi (agent),Yoxdur,https://bina.az/items/5080724,40.39927937,49.94840872,2,5
1105,Yeni tikili,49,yoxdur,var,1,Sabunçu r.,Nardaran q.,5231603,95000,mülkiyy?tçi,var,https://bina.az/items/5231603,40.58823899,49.95621535,1,7
1106,Yeni tikili,70,var,var,2,Ab?eron r.,Masaz?r q.,5027119,83000,vasit?çi (agent),var,https://bina.az/items/5027119,40.48309334,49.7716339,6,8
1107,Yeni tikili,83,yoxdur,yoxdur,2,Ab?eron r.,Masaz?r q.,5242838,78000,vasit?çi (agent),Yoxdur,https://bina.az/items/5242838,40.49219702,49.7532177,5,6
1108,Köhn? tikili,57,var,yoxdur,3,Suraxan? r.,Yeni Suraxan? q.,5322922,76000,mülkiyy?tçi,Yoxdur,https://bina.az/items/5322922,40.431,50.035,2,3
1109,Yeni tikili,30,var,var,1,Qarada? r.,Lökbatan q.,5301737,85000,mülkiyy?tçi,Yoxdur,https://bina.az/items/5301737,40.3239914,49.72881232,4,4
1110,Yeni tikili,52,var,var,2,Suraxan? r.,Hövsan q.,5368628,84000,vasit?çi (agent),Yoxdur,https://bina.az/items/5368628,40.38113239,50.07237473,1,7
1111,Yeni tikili,54,var,var,2,Suraxan? r.,Hövsan q.,5170617,93000,vasit?çi (agent),Yoxdur,https://bina.az/items/5170617,40.3800284,50.06890297,6,7
1112,Yeni tikili,44,yoxdur,var,2,?n?aatç?lar m.,20 Yanvar m.,5231458,78000,mülkiyy?tçi,Yoxdur,https://bina.az/items/5231458,40.39536986,49.80667008,1,24
1113,Yeni tikili,52,var,var,2,Suraxan? r.,Hövsan q.,4996160,85000,vasit?çi (agent),Yoxdur,https://bina.az/items/4996160,40.38040014,50.06999363,1,7
1114,Yeni tikili,83,var,yoxdur,2,Ab?eron r.,Masaz?r q.,5326898,72000,vasit?çi (agent),Yoxdur,https://bina.az/items/5326898,40.47006442,49.75615771,5,6
1115,Köhn? tikili,45,var,var,2,Neftçil?r m.,Nizami r.,5375979,85000,mülkiyy?tçi,Yoxdur,https://bina.az/items/5375979,40.40962283,49.94167515,9,9
1116,Yeni tikili,55,var,var,3,Qarada? r.,Lökbatan q.,5375983,97000,vasit?çi (agent),var,https://bina.az/items/5375983,40.32234728,49.73704134,3,5
1117,Yeni tikili,56,yoxdur,var,3,Suraxan? r.,Z?? q.,5303338,96000,vasit?çi (agent),Yoxdur,https://bina.az/items/5303338,40.34549747,49.97796535,6,11
1118,Yeni tikili,83,var,var,3,Ab?eron r.,Masaz?r q.,5053135,98000,vasit?çi (agent),Yoxdur,https://bina.az/items/5053135,40.48534903,49.76938517,3,6
1119,Yeni tikili,73,var,var,3,Ab?eron r.,Masaz?r q.,5375913,90000,vasit?çi (agent),Yoxdur,https://bina.az/items/5375913,40.49128197,49.75428016,4,6
1120,Yeni tikili,53,yoxdur,yoxdur,1,X?z?r r.,Buzovna q.,5209056,75600,mülkiyy?tçi,Yoxdur,https://bina.az/items/5209056,40.5156142,50.1013274,2,4
1121,Köhn? tikili,45,var,var,2,Sabunçu r.,Bak?xanov q.,5316172,98000,vasit?çi (agent),Yoxdur,https://bina.az/items/5316172,40.4228812,49.95957035,1,5
1122,Yeni tikili,100,var,var,3,Ab?eron r.,Masaz?r q.,5364798,76500,mülkiyy?tçi,Yoxdur,https://bina.az/items/5364798,40.49265279,49.75341113,6,6
1123,Yeni tikili,55,var,var,2,['Bin?q?di r.'],Yoxdur,5236521,98000,mülkiyy?tçi,Yoxdur,https://bina.az/items/5236521,40.45222126,49.77862358,8,16
1124,Yeni tikili,55,var,var,2,Ab?eron r.,Masaz?r q.,5135100,86000,mülkiyy?tçi,Yoxdur,https://bina.az/items/5135100,40.49111999,49.759655,10,11
1125,Köhn? tikili,40,var,var,2,?n?aatç?lar m.,Yasamal r.,5370765,99000,vasit?çi (agent),Yoxdur,https://bina.az/items/5370765,40.39115815,49.80321739,5,5
1126,Yeni tikili,72,var,var,3,Ab?eron r.,Masaz?r q.,5328324,89000,vasit?çi (agent),Yoxdur,https://bina.az/items/5328324,40.49166346,49.7559871,1,6
1127,Yeni tikili,42,var,var,2,Ab?eron r.,Masaz?r q.,5301070,73500,vasit?çi (agent),Yoxdur,https://bina.az/items/5301070,40.49219702,49.7532177,2,6
1128,Yeni tikili,73,var,var,2,Ab?eron r.,Masaz?r q.,5094428,80000,vasit?çi (agent),Yoxdur,https://bina.az/items/5094428,40.49219702,49.7532177,1,6
1129,Yeni tikili,76,var,var,2,Ab?eron r.,Masaz?r q.,4732577,90000,vasit?çi (agent),var,https://bina.az/items/4732577,40.49219702,49.7532177,5,6
1130,Yeni tikili,67,var,var,2,Sabunçu r.,Bak?xanov q.,5362955,78000,mülkiyy?tçi,var,https://bina.az/items/5362955,40.4366673,49.95772602,6,19
1131,Yeni tikili,52,var,var,2,Ab?eron r.,Masaz?r q.,5134650,74000,vasit?çi (agent),Yoxdur,https://bina.az/items/5134650,40.49219702,49.7532177,5,6
1132,Yeni tikili,106,yoxdur,var,2,Neftçil?r m.,Nizami r.,5370663,99000,vasit?çi (agent),Yoxdur,https://bina.az/items/5370663,40.40871118,49.93719547,16,16
1133,Yeni tikili,58,var,var,3,?n?aatç?lar m.,Yasamal r.,5375672,96000,vasit?çi (agent),var,https://bina.az/items/5375672,40.39386853,49.79487244,12,12
1134,Köhn? tikili,70,var,var,3,Bin?q?di r.,Bil?c?ri q.,5375639,95000,vasit?çi (agent),Yoxdur,https://bina.az/items/5375639,40.43786924,49.80885314,1,5
1135,Köhn? tikili,35,var,var,1,Bin?q?di r.,Bil?c?ri q.,5375625,75000,vasit?çi (agent),Yoxdur,https://bina.az/items/5375625,40.43371179,49.81523674,1,5
1136,Yeni tikili,60,yoxdur,var,2,Ab?eron r.,Masaz?r q.,4785422,83500,vasit?çi (agent),Yoxdur,https://bina.az/items/4785422,40.4862557,49.757531,5,8
1137,Yeni tikili,53,var,var,3,Ab?eron r.,Masaz?r q.,5124873,73000,vasit?çi (agent),Yoxdur,https://bina.az/items/5124873,40.48429843,49.7574234,8,8
1138,Yeni tikili,50,var,var,2,?n?aatç?lar m.,Yasamal r.,5342355,98000,vasit?çi (agent),var,https://bina.az/items/5342355,40.39383658,49.79439919,20,20
1139,Köhn? tikili,30,var,var,2,Axundov ba??,Sovetski,5375543,87000,vasit?çi (agent),Yoxdur,https://bina.az/items/5375543,40.36922715,49.82784305,1,4
1140,Yeni tikili,83,yoxdur,yoxdur,2,Ab?eron r.,Masaz?r q.,5321464,75000,vasit?çi (agent),Yoxdur,https://bina.az/items/5321464,40.46758316,49.75718768,2,6
1141,Yeni tikili,55,yoxdur,var,3,Ab?eron r.,Masaz?r q.,5350781,80000,vasit?çi (agent),Yoxdur,https://bina.az/items/5350781,40.49196742,49.75401194,4,6
1142,Köhn? tikili,30,var,var,2,Axundov ba??,Sovetski,5375044,87000,mülkiyy?tçi,Yoxdur,https://bina.az/items/5375044,40.36902533,49.82774424,1,4
1143,Yeni tikili,56,yoxdur,var,2,Ab?eron r.,Masaz?r q.,5375410,80000,mülkiyy?tçi,Yoxdur,https://bina.az/items/5375410,40.4814291,49.74991387,2,5
1144,Yeni tikili,65,yoxdur,var,3,Ab?eron r.,Masaz?r q.,5300417,79000,vasit?çi (agent),Yoxdur,https://bina.az/items/5300417,40.47055414,49.75392611,5,8
1145,Yeni tikili,70,var,var,2,Suraxan? r.,Hövsan q.,5204235,89500,vasit?çi (agent),var,https://bina.az/items/5204235,40.38581453,50.0717783,1,7
1146,Köhn? tikili,40,var,var,1,H?zi Aslanov m.,?hm?dli m.,5375249,89000,vasit?çi (agent),Yoxdur,https://bina.az/items/5375249,40.3773231,49.95959288,8,9
1147,Köhn? tikili,50,var,var,2,Suraxan? r.,Hövsan q.,5270235,92000,vasit?çi (agent),var,https://bina.az/items/5270235,40.38050196,50.09135802,1,9
1148,Köhn? tikili,3,var,var,1,Neftçil?r m.,Nizami r.,5374756,98700,vasit?çi (agent),Yoxdur,https://bina.az/items/5374756,40.40220396,49.94127779,3,5
1149,Yeni tikili,53,yoxdur,var,2,Ab?eron r.,Masaz?r q.,5365128,71000,vasit?çi (agent),Yoxdur,https://bina.az/items/5365128,40.49235653,49.75326391,4,6
1150,Yeni tikili,55,yoxdur,var,2,Ab?eron r.,Masaz?r q.,5266154,84500,mülkiyy?tçi,Yoxdur,https://bina.az/items/5266154,40.48426464,49.75747736,6,14
1151,Yeni tikili,50,var,var,2,Xalqlar Dostlu?u m.,Nizami r.,5305855,93000,vasit?çi (agent),var,https://bina.az/items/5305855,40.40947092,49.95682497,11,11
1152,Yeni tikili,47,var,var,1,Suraxan? r.,Qaraçuxur q.,5372103,86900,mülkiyy?tçi,var,https://bina.az/items/5372103,40.399836,49.978407,9,9
1153,Yeni tikili,30,var,yoxdur,1,Pedaqoji Universiteti,Sahil ba??,5342606,81000,mülkiyy?tçi,Yoxdur,https://bina.az/items/5342606,40.37528463,49.84906674,1,4
1154,Yeni tikili,62,yoxdur,yoxdur,2,Suraxan? r.,Qaraçuxur q.,5349804,92000,vasit?çi (agent),Yoxdur,https://bina.az/items/5349804,40.39264624,49.97799582,6,13
1155,Köhn? tikili,50,var,var,2,['X?tai r.'],Yoxdur,5375142,88000,vasit?çi (agent),var,https://bina.az/items/5375142,40.3420215,49.9769311,3,5
1156,Köhn? tikili,62,var,var,3,Suraxan? r.,Hövsan q.,5365638,85000,vasit?çi (agent),Yoxdur,https://bina.az/items/5365638,40.35745188,50.0762425,5,5
1157,Köhn? tikili,40,var,var,1,X?tai r.,?hm?dli q.,5348064,89000,mülkiyy?tçi,Yoxdur,https://bina.az/items/5348064,40.36164919,49.96726605,8,9
1158,Köhn? tikili,30,var,var,1,Sabunçu r.,Bak?xanov q.,5280563,90000,vasit?çi (agent),Yoxdur,https://bina.az/items/5280563,40.42034557,49.96562297,3,5
1159,Yeni tikili,86,yoxdur,var,3,Yasamal r.,Yeni Yasamal q.,5368644,89000,mülkiyy?tçi,var,https://bina.az/items/5368644,40.39624085,49.78825527,16,16
1160,Yeni tikili,45,var,var,2,Xalqlar Dostlu?u m.,Nizami r.,5375023,83000,vasit?çi (agent),var,https://bina.az/items/5375023,40.39804931,49.94627206,9,9
1161,Yeni tikili,52,var,var,3,Ab?eron r.,Masaz?r q.,5364567,85000,mülkiyy?tçi,var,https://bina.az/items/5364567,40.49107704,49.75954325,3,11
1162,Köhn? tikili,36,var,var,1,Köhn? Gün??li q.,X?tai r.,5374958,87500,mülkiyy?tçi,var,https://bina.az/items/5374958,40.378181,49.931383,5,9
1163,Yeni tikili,35,var,var,1,['X?tai r.'],Yoxdur,5368947,76000,vasit?çi (agent),Yoxdur,https://bina.az/items/5368947,40.37798485,49.91344439,1,4
1164,Yeni tikili,71,yoxdur,yoxdur,3,S?bail r.,Badamdar q.,5175818,90000,mülkiyy?tçi,Yoxdur,https://bina.az/items/5175818,40.33541764,49.79399278,3,5
1165,Yeni tikili,70,var,var,2,Ab?eron r.,Masaz?r q.,5221376,85000,vasit?çi (agent),Yoxdur,https://bina.az/items/5221376,40.49219702,49.7532177,4,6
1166,Köhn? tikili,40,var,var,2,Suraxan? r.,Yeni Gün??li q.,5089930,86000,vasit?çi (agent),Yoxdur,https://bina.az/items/5089930,40.3784041,49.97831649,1,9
1167,Köhn? tikili,40,var,var,1,Neftçil?r m.,Nizami r.,5374913,98700,vasit?çi (agent),var,https://bina.az/items/5374913,40.40517375,49.94987695,3,5
1168,Yeni tikili,72,var,var,3,Ab?eron r.,Masaz?r q.,5261865,87500,vasit?çi (agent),var,https://bina.az/items/5261865,40.48364447,49.76542742,4,5
1169,Yeni tikili,51,var,var,2,Ab?eron r.,Masaz?r q.,5028446,76000,vasit?çi (agent),Yoxdur,https://bina.az/items/5028446,40.48331806,49.76860316,1,5
1170,Yeni tikili,56,var,var,2,Ab?eron r.,Masaz?r q.,5368858,73000,mülkiyy?tçi,var,https://bina.az/items/5368858,40.49114256,49.75967651,5,6
1171,Köhn? tikili,38,var,var,1,Yasamal bazar?,ASAN Xidm?t ?3,5124771,96500,vasit?çi (agent),Yoxdur,https://bina.az/items/5124771,40.38215579,49.80381729,5,5
1172,Yeni tikili,54,yoxdur,var,2,Qarada? r.,Lökbatan q.,5374839,83000,vasit?çi (agent),Yoxdur,https://bina.az/items/5374839,40.30225461,49.74219118,14,16
1173,Yeni tikili,77,var,var,3,Suraxan? r.,Hövsan q.,5117176,97000,vasit?çi (agent),Yoxdur,https://bina.az/items/5117176,40.38636188,50.07107427,12,12
1174,Yeni tikili,57,var,var,2,Ab?eron r.,Masaz?r q.,5373713,73000,vasit?çi (agent),Yoxdur,https://bina.az/items/5373713,40.49095566,49.75392611,5,6
1175,Köhn? tikili,40,var,var,2,X?tai r.,H?zi Aslanov m.,5317004,95900,vasit?çi (agent),var,https://bina.az/items/5317004,40.35853302,49.96084313,3,5
1176,Köhn? tikili,45,var,var,3,Suraxan? r.,Qaraçuxur q.,5303824,85000,vasit?çi (agent),Yoxdur,https://bina.az/items/5303824,40.39702268,49.97269111,1,3
1177,Yeni tikili,66,var,var,3,Ab?eron r.,Saray q.,5323929,75000,mülkiyy?tçi,Yoxdur,https://bina.az/items/5323929,40.5317647,49.7132454,13,14
1178,Yeni tikili,106,yoxdur,var,2,Neftçil?r m.,Nizami r.,5306261,97000,vasit?çi (agent),Yoxdur,https://bina.az/items/5306261,40.4088378,49.93738322,16,16
1179,Köhn? tikili,40,var,var,2,['X?tai r.'],Yoxdur,5374627,80000,mülkiyy?tçi,Yoxdur,https://bina.az/items/5374627,40.361829,49.95938527,2,9
1180,Yeni tikili,52,var,var,2,Ab?eron r.,Masaz?r q.,5248249,75000,vasit?çi (agent),Yoxdur,https://bina.az/items/5248249,40.49148511,49.75281984,2,6
1181,Yeni tikili,50,var,var,2,Melissa Park,20 Yanvar m.,5363203,75000,vasit?çi (agent),Yoxdur,https://bina.az/items/5363203,40.39936414,49.80586831,2,19
1182,Yeni tikili,55,yoxdur,var,2,Bin?q?di r.,M.?.R?sulzad? q.,5374405,85000,vasit?çi (agent),Yoxdur,https://bina.az/items/5374405,40.44694126,49.84374775,1,5
1183,Yeni tikili,73,var,var,3,Ab?eron r.,Masaz?r q.,5262020,89000,vasit?çi (agent),Yoxdur,https://bina.az/items/5262020,40.48532578,49.76857837,4,5
1184,Köhn? tikili,30,var,yoxdur,1,Neftçil?r m.,Qara Qarayev m.,5309654,97000,mülkiyy?tçi,Yoxdur,https://bina.az/items/5309654,40.41445996,49.94479179,3,5
1185,Yeni tikili,63,var,var,3,Ab?eron r.,Masaz?r q.,5374518,78750,vasit?çi (agent),var,https://bina.az/items/5374518,40.45881878,49.75597936,3,9
1186,Yeni tikili,55,var,var,2,?n?aatç?lar m.,Yasamal r.,5370228,79000,vasit?çi (agent),Yoxdur,https://bina.az/items/5370228,40.39288697,49.79413204,11,11
1187,Köhn? tikili,40,var,var,2,Qara Qarayev m.,Nizami r.,5209160,113000,vasit?çi (agent),var,https://bina.az/items/5209160,40.41756639,49.93489524,9,9
1188,Köhn? tikili,64,var,var,2,['Bin?q?di r.'],Yoxdur,4931698,110000,mülkiyy?tçi,var,https://bina.az/items/4931698,40.43895386,49.81305474,7,9
1189,Köhn? tikili,48,var,var,2,Azadl?q Prospekti m.,Bin?q?di r.,5265908,102000,vasit?çi (agent),Yoxdur,https://bina.az/items/5265908,40.4209144,49.8427795,5,5
1190,Köhn? tikili,48,var,var,2,ASAN Xidm?t ?3,Yasamal bazar?,4761345,112000,vasit?çi (agent),Yoxdur,https://bina.az/items/4761345,40.37881779,49.80496096,2,4
1191,Yeni tikili,40,var,var,2,Suraxan? r.,Yeni Gün??li q.,5354332,92000,vasit?çi (agent),Yoxdur,https://bina.az/items/5354332,40.37578397,49.97999298,5,12
1192,Yeni tikili,82,var,yoxdur,2,Ab?eron r.,M?mm?dli q.,5224828,105000,vasit?çi (agent),Yoxdur,https://bina.az/items/5224828,40.51217593,49.94065778,5,10
1193,Yeni tikili,77,var,var,3,Suraxan? r.,Hövsan q.,5271506,104500,vasit?çi (agent),var,https://bina.az/items/5271506,40.38643561,50.06907463,3,12
1194,Köhn? tikili,40,var,var,1,Az?rbaycan turizm institutu,N?riman N?rimanov m.,5356703,112000,vasit?çi (agent),Yoxdur,https://bina.az/items/5356703,40.40153111,49.86332905,9,9
1195,Köhn? tikili,98,var,yoxdur,4,Suraxan? r.,Qaraçuxur q.,5342824,115000,mülkiyy?tçi,Yoxdur,https://bina.az/items/5342824,40.40549425,49.97691393,9,9
1196,Köhn? tikili,45,var,var,2,Bak? Dövl?t Universiteti,ASAN Xidm?t ?3,5306074,120000,vasit?çi (agent),Yoxdur,https://bina.az/items/5306074,40.3748221,49.80540276,4,4
1197,Köhn? tikili,40,var,var,1,Yasamal bazar?,ASAN Xidm?t ?3,4940455,96000,vasit?çi (agent),Yoxdur,https://bina.az/items/4940455,40.38217349,49.80397815,5,5
1198,Yeni tikili,55,yoxdur,var,2,Ab?eron r.,Masaz?r q.,5374342,86000,vasit?çi (agent),Yoxdur,https://bina.az/items/5374342,40.48088781,49.75488366,6,13
1199,Yeni tikili,40,var,var,1,Suraxan? r.,Hövsan q.,5365766,74000,vasit?çi (agent),Yoxdur,https://bina.az/items/5365766,40.3803271,50.07146348,2,7
1200,Yeni tikili,73,var,var,3,Ab?eron r.,Masaz?r q.,5354679,89000,vasit?çi (agent),var,https://bina.az/items/5354679,40.486877,49.7655344,3,5
1201,Yeni tikili,52,yoxdur,yoxdur,1,Bin?q?di r.,Bin?q?di q.,5333036,80000,mülkiyy?tçi,Yoxdur,https://bina.az/items/5333036,40.4764203,49.8202876,14,17
1202,Köhn? tikili,28,var,var,1,Elml?r Akademiyas? m.,Hüseyn Cavid park?,5241167,115000,vasit?çi (agent),Yoxdur,https://bina.az/items/5241167,40.37587005,49.81575704,4,4
1203,Yeni tikili,58,yoxdur,var,2,Ab?eron r.,Masaz?r q.,4940039,83500,vasit?çi (agent),Yoxdur,https://bina.az/items/4940039,40.47360384,49.75266916,5,8
1204,Köhn? tikili,38,var,var,1,Bak? Dövl?t Universiteti,ASAN Xidm?t ?3,5310096,107500,vasit?çi (agent),Yoxdur,https://bina.az/items/5310096,40.37695109,49.8093399,2,5
1205,Köhn? tikili,65,var,var,2,Suraxan? r.,Hövsan q.,5369134,92000,vasit?çi (agent),Yoxdur,https://bina.az/items/5369134,40.36044841,50.08045752,6,9
1206,Köhn? tikili,60,var,var,2,H?zi Aslanov m.,X?tai r.,5374270,120000,vasit?çi (agent),Yoxdur,https://bina.az/items/5374270,40.36468592,49.95056616,3,9
1207,Yeni tikili,50,var,var,2,Azadl?q Prospekti m.,Bin?q?di r.,5374266,118000,vasit?çi (agent),var,https://bina.az/items/5374266,40.42161275,49.84356271,9,9
1208,Köhn? tikili,45,var,var,2,?hm?dli m.,X?tai r.,5353086,114000,mülkiyy?tçi,Yoxdur,https://bina.az/items/5353086,40.38322755,49.9569781,1,9
1209,Yeni tikili,73,var,var,2,Ab?eron r.,M?mm?dli q.,5316307,96000,mülkiyy?tçi,var,https://bina.az/items/5316307,40.51701729,49.93866665,4,10
1210,Köhn? tikili,60,var,var,2,?hm?dli m.,X?tai r.,5180935,110000,vasit?çi (agent),Yoxdur,https://bina.az/items/5180935,40.382631,49.945952,4,5
1211,Köhn? tikili,40,var,var,2,?hm?dli m.,X?tai r.,5004396,71000,vasit?çi (agent),Yoxdur,https://bina.az/items/5004396,40.382631,49.945952,3,9
1212,Yeni tikili,65,yoxdur,var,2,?hm?dli m.,X?tai r.,5072533,110000,vasit?çi (agent),Yoxdur,https://bina.az/items/5072533,40.382631,49.945952,10,14
1213,Yeni tikili,67,var,var,3,Ab?eron r.,Masaz?r q.,5177338,81000,mülkiyy?tçi,var,https://bina.az/items/5177338,40.50748995,49.75432665,3,8
1214,Köhn? tikili,35,var,var,1,Neftçil?r m.,Qara Qarayev m.,5349650,104000,vasit?çi (agent),Yoxdur,https://bina.az/items/5349650,40.41353401,49.94288281,3,5
1215,Köhn? tikili,53,var,var,2,Suraxan? r.,Hövsan q.,5269759,93000,vasit?çi (agent),Yoxdur,https://bina.az/items/5269759,40.376143,50.091873,3,9
1216,Yeni tikili,82,yoxdur,var,3,Ab?eron r.,Masaz?r q.,5312163,84500,mülkiyy?tçi,Yoxdur,https://bina.az/items/5312163,40.49025453,49.74725572,6,7
1217,Köhn? tikili,50,var,var,2,Memar ?c?mi m.,N?simi r.,5365145,108000,vasit?çi (agent),var,https://bina.az/items/5365145,40.41714159,49.81381536,5,5
1218,Köhn? tikili,45,var,var,1,Suraxan? r.,Yeni Gün??li q.,5374225,85000,vasit?çi (agent),Yoxdur,https://bina.az/items/5374225,40.38447659,49.98043002,7,9
1219,Yeni tikili,90,var,yoxdur,2,Ab?eron r.,Masaz?r q.,5202634,95000,vasit?çi (agent),Yoxdur,https://bina.az/items/5202634,40.48978796,49.75814135,6,8
1220,Yeni tikili,60,var,var,2,['X?tai r.'],Yoxdur,5254988,117000,vasit?çi (agent),var,https://bina.az/items/5254988,40.36872735,49.96419204,5,6
1221,Yeni tikili,56,var,var,2,Ab?eron r.,Masaz?r q.,5374207,89000,vasit?çi (agent),Yoxdur,https://bina.az/items/5374207,40.4862557,49.757531,3,11
1222,Köhn? tikili,35,yoxdur,var,1,Elml?r Akademiyas? m.,Bak? Dövl?t Universiteti,5374203,75000,vasit?çi (agent),Yoxdur,https://bina.az/items/5374203,40.37525921,49.81290187,1,6
1223,Köhn? tikili,45,var,var,2,Neftçil?r m.,Nizami r.,5349452,98700,vasit?çi (agent),Yoxdur,https://bina.az/items/5349452,40.40240862,49.94187324,3,5
1224,Köhn? tikili,80,yoxdur,var,4,Bin?q?di r.,Bin?q?di q.,5374075,85000,mülkiyy?tçi,Yoxdur,https://bina.az/items/5374075,40.46830826,49.82720694,2,2
1225,Yeni tikili,50,var,var,3,20 Yanvar m.,Memar ?c?mi m.,5352043,119500,mülkiyy?tçi,Yoxdur,https://bina.az/items/5352043,40.40823802,49.80718088,5,5
1226,Köhn? tikili,42,var,var,2,?n?aatç?lar m.,Yasamal r.,5362273,96000,vasit?çi (agent),Yoxdur,https://bina.az/items/5362273,40.39234608,49.80304309,5,5
1227,Köhn? tikili,35,var,var,1,??rq bazar?,28 May m.,5374166,110000,vasit?çi (agent),Yoxdur,https://bina.az/items/5374166,40.38433875,49.85404324,2,2
1228,Köhn? tikili,35,yoxdur,var,2,20 Yanvar m.,Memar ?c?mi m.,5363465,110000,vasit?çi (agent),Yoxdur,https://bina.az/items/5363465,40.40884171,49.80958016,4,5
1229,Yeni tikili,74,yoxdur,yoxdur,2,X?z?r r.,M?rd?kan q.,5301935,108315,mülkiyy?tçi,var,https://bina.az/items/5301935,40.48601205,50.15658975,3,4
1230,Yeni tikili,55,yoxdur,yoxdur,1,X?z?r r.,M?rd?kan q.,5124477,80475,mülkiyy?tçi,Yoxdur,https://bina.az/items/5124477,40.48573159,50.15658817,3,4
1231,Yeni tikili,81,var,var,2,Ab?eron r.,Masaz?r q.,5374142,105000,mülkiyy?tçi,Yoxdur,https://bina.az/items/5374142,40.49274365,49.756198,5,6
1232,Yeni tikili,85,var,var,3,Ab?eron r.,M?mm?dli q.,4854583,100000,vasit?çi (agent),Yoxdur,https://bina.az/items/4854583,40.51222811,49.94113809,4,9
1233,Yeni tikili,54,yoxdur,var,2,Qarada? r.,Lökbatan q.,5374133,83000,mülkiyy?tçi,Yoxdur,https://bina.az/items/5374133,40.30154981,49.74351261,14,16
1234,Köhn? tikili,55,var,var,2,Suraxan? r.,Yeni Gün??li q.,5352455,105000,mülkiyy?tçi,var,https://bina.az/items/5352455,40.38422911,49.98335123,4,9
1235,Köhn? tikili,40,var,var,1,Yasamal r.,Yasamal q.,5374121,119000,vasit?çi (agent),var,https://bina.az/items/5374121,40.37720916,49.7944271,6,9
1236,Yeni tikili,65,yoxdur,var,3,?n?aatç?lar m.,20 Yanvar m.,5210623,94000,mülkiyy?tçi,Yoxdur,https://bina.az/items/5210623,40.39562038,49.80671167,1,24
1237,Yeni tikili,73,var,var,3,Ab?eron r.,Masaz?r q.,4731512,85000,vasit?çi (agent),var,https://bina.az/items/4731512,40.49219702,49.7532177,2,6
1238,Köhn? tikili,45,var,var,2,Bin?q?di r.,9-cu mikrorayon q.,5148575,108000,vasit?çi (agent),var,https://bina.az/items/5148575,40.4279335,49.8135998,6,9
1239,Köhn? tikili,45,var,var,2,??rq bazar?,28 May m.,5374106,116000,vasit?çi (agent),Yoxdur,https://bina.az/items/5374106,40.38466564,49.85481572,4,5
1240,Yeni tikili,55,yoxdur,yoxdur,1,Qarada? r.,Lökbatan q.,5348513,82000,mülkiyy?tçi,Yoxdur,https://bina.az/items/5348513,40.31356679,49.73622322,9,18
1241,Köhn? tikili,55,var,var,3,D?rn?gül m.,Bin?q?di r.,5330643,117000,vasit?çi (agent),Yoxdur,https://bina.az/items/5330643,40.42798864,49.85470507,5,5
1242,Köhn? tikili,64,var,var,2,S?bail r.,20-ci sah? q.,5263746,80000,vasit?çi (agent),Yoxdur,https://bina.az/items/5263746,40.32986118,49.81889963,1,2
1243,Yeni tikili,65,var,yoxdur,2,Ab?eron r.,Masaz?r q.,5374086,95000,mülkiyy?tçi,Yoxdur,https://bina.az/items/5374086,40.4649943,49.75546421,5,14
1244,Yeni tikili,30,var,var,1,Melissa Park,20 Yanvar m.,5374085,110000,vasit?çi (agent),Yoxdur,https://bina.az/items/5374085,40.39775603,49.80838346,5,16
1245,Köhn? tikili,50,var,var,2,?hm?dli m.,X?tai r.,5098464,107000,vasit?çi (agent),Yoxdur,https://bina.az/items/5098464,40.382631,49.945952,1,9
1246,Yeni tikili,75,yoxdur,yoxdur,3,Sabunçu r.,Bak?xanov q.,5365121,79000,mülkiyy?tçi,Yoxdur,https://bina.az/items/5365121,40.425626,49.947598,4,4
1247,Köhn? tikili,60,var,var,3,Memar ?c?mi m.,N?simi r.,5337173,110000,vasit?çi (agent),Yoxdur,https://bina.az/items/5337173,40.41090224,49.8168072,1,5
1248,Yeni tikili,54,yoxdur,var,2,Ab?eron r.,Masaz?r q.,5347094,76000,vasit?çi (agent),Yoxdur,https://bina.az/items/5347094,40.44730516,49.75787432,4,6
1249,Yeni tikili,44,var,var,2,Ab?eron r.,Masaz?r q.,5267414,72000,vasit?çi (agent),Yoxdur,https://bina.az/items/5267414,40.49219702,49.7532177,3,6
1250,Köhn? tikili,45,var,var,1,Suraxan? r.,Qaraçuxur q.,5295522,83900,vasit?çi (agent),var,https://bina.az/items/5295522,40.39895359,49.97632561,9,9
1251,Yeni tikili,37,yoxdur,yoxdur,1,Qara Qarayev m.,Nizami r.,5353042,104000,vasit?çi (agent),Yoxdur,https://bina.az/items/5353042,40.41766525,49.9342651,14,16
1252,Köhn? tikili,30,var,yoxdur,1,Memar ?c?mi m.,8 Noyabr m.,5365528,87000,vasit?çi (agent),Yoxdur,https://bina.az/items/5365528,40.4083972,49.82054865,5,5
1253,Yeni tikili,96,var,var,4,Ab?eron r.,Masaz?r q.,4612569,117000,vasit?çi (agent),Yoxdur,https://bina.az/items/4612569,40.49219702,49.7532177,3,6
1254,Yeni tikili,60,var,var,2,['X?tai r.'],Yoxdur,5360780,118200,vasit?çi (agent),var,https://bina.az/items/5360780,40.36723213,49.96481741,5,6
1255,Köhn? tikili,60,var,var,2,X?tai r.,Köhn? Gün??li q.,5292431,118000,vasit?çi (agent),Yoxdur,https://bina.az/items/5292431,40.36371423,49.96852931,1,9
1256,Yeni tikili,59,yoxdur,var,2,H?zi Aslanov m.,X?tai r.,5278399,118000,vasit?çi (agent),Yoxdur,https://bina.az/items/5278399,40.37335595,49.96400814,13,13
1257,Yeni tikili,30,var,var,1,Melissa Park,20 Yanvar m.,5362664,103000,vasit?çi (agent),var,https://bina.az/items/5362664,40.39828772,49.80768794,5,20
1258,Köhn? tikili,47,var,var,2,Bin?q?di r.,9-cu mikrorayon q.,5180356,109000,vasit?çi (agent),Yoxdur,https://bina.az/items/5180356,40.4279335,49.8135998,5,9
1259,Yeni tikili,90,var,var,3,Ab?eron r.,Masaz?r q.,5337519,105000,vasit?çi (agent),Yoxdur,https://bina.az/items/5337519,40.51015073,49.75405769,7,8
1260,Yeni tikili,76,yoxdur,yoxdur,3,['X?tai r.'],Yoxdur,5356618,119500,vasit?çi (agent),Yoxdur,https://bina.az/items/5356618,40.38277442,49.92999673,4,14
1261,Yeni tikili,55,var,var,2,N?riman N?rimanov m.,N?riman N?rimanov park?,5359360,98000,vasit?çi (agent),Yoxdur,https://bina.az/items/5359360,40.40449015,49.87435162,3,5
1262,Yeni tikili,75,var,var,3,Ab?eron r.,Masaz?r q.,5134535,97000,vasit?çi (agent),var,https://bina.az/items/5134535,40.49219702,49.7532177,3,6
1263,Yeni tikili,77,var,var,3,Suraxan? r.,Hövsan q.,5207006,107000,vasit?çi (agent),Yoxdur,https://bina.az/items/5207006,40.38811039,50.07208568,6,12
1264,Yeni tikili,27,var,yoxdur,1,20 Yanvar m.,Yasamal r.,5279914,85000,vasit?çi (agent),var,https://bina.az/items/5279914,40.39797192,49.80908863,20,20
1265,Köhn? tikili,40,var,var,2,Bin?q?di r.,7-ci mikrorayon q.,5125527,91000,vasit?çi (agent),Yoxdur,https://bina.az/items/5125527,40.42896196,49.85261959,5,5
1266,Yeni tikili,60,yoxdur,var,3,Bin?q?di r.,Bil?c?ri q.,5371125,105000,vasit?çi (agent),Yoxdur,https://bina.az/items/5371125,40.440334,49.8056617,4,5
1267,Yeni tikili,62,yoxdur,yoxdur,2,Suraxan? r.,Yeni Gün??li q.,5298829,85000,mülkiyy?tçi,Yoxdur,https://bina.az/items/5298829,40.37786814,49.97412431,2,3
1268,Köhn? tikili,40,var,var,1,Memar ?c?mi m.,N?simi r.,4085080,92000,vasit?çi (agent),Yoxdur,https://bina.az/items/4085080,40.4136237,49.8112751,2,5
1269,Yeni tikili,54,yoxdur,var,2,Ab?eron r.,Masaz?r q.,5355278,75000,mülkiyy?tçi,Yoxdur,https://bina.az/items/5355278,40.49436622,49.75637255,11,13
1270,Yeni tikili,64,var,var,2,Ab?eron r.,Masaz?r q.,5284451,102000,vasit?çi (agent),Yoxdur,https://bina.az/items/5284451,40.49265279,49.75186617,5,7
1271,Köhn? tikili,60,var,var,2,Memar ?c?mi m.,N?simi r.,5268899,107000,mülkiyy?tçi,Yoxdur,https://bina.az/items/5268899,40.41789843,49.81752992,5,5
1272,Köhn? tikili,74,var,var,3,Sabunçu r.,Sabunçu q.,5295505,99900,vasit?çi (agent),Yoxdur,https://bina.az/items/5295505,40.44311302,49.94377883,1,2
1273,Yeni tikili,40,yoxdur,var,2,H?zi Aslanov m.,X?tai r.,5254608,100000,vasit?çi (agent),Yoxdur,https://bina.az/items/5254608,40.37375954,49.964329,10,13
1274,Köhn? tikili,55,var,var,2,Memar ?c?mi m.,8 Noyabr m.,5373953,105000,vasit?çi (agent),Yoxdur,https://bina.az/items/5373953,40.41059747,49.82277377,5,5
1275,Köhn? tikili,32,var,var,2,Memar ?c?mi m.,8 Noyabr m.,5357539,102000,mülkiyy?tçi,Yoxdur,https://bina.az/items/5357539,40.40881339,49.82004613,3,5
1276,Köhn? tikili,45,var,yoxdur,1,Suraxan? r.,Yeni Gün??li q.,5362184,86500,mülkiyy?tçi,Yoxdur,https://bina.az/items/5362184,40.36745378,49.9739013,3,9
1277,Köhn? tikili,53,var,yoxdur,2,?hm?dli m.,X?tai r.,4993565,120000,mülkiyy?tçi,var,https://bina.az/items/4993565,40.382631,49.945952,9,9
1278,Yeni tikili,40,var,var,2,Ab?eron r.,Masaz?r q.,5293350,73000,vasit?çi (agent),Yoxdur,https://bina.az/items/5293350,40.49262015,49.74716694,5,7
1279,Yeni tikili,41,var,var,2,Ab?eron r.,Masaz?r q.,5320803,75000,vasit?çi (agent),Yoxdur,https://bina.az/items/5320803,40.49262015,49.7471884,2,7
1280,Yeni tikili,40,var,var,2,Ab?eron r.,Masaz?r q.,5334823,71000,vasit?çi (agent),Yoxdur,https://bina.az/items/5334823,40.4925916,49.74714012,3,7
1281,Yeni tikili,57,var,var,2,Ab?eron r.,Masaz?r q.,5285228,75000,vasit?çi (agent),Yoxdur,https://bina.az/items/5285228,40.49122402,49.75590975,4,6
1282,Yeni tikili,82,yoxdur,yoxdur,2,Ab?eron r.,Gör?dil q.,5361917,90000,mülkiyy?tçi,Yoxdur,https://bina.az/items/5361917,40.55769619,49.82802887,2,3
1283,Köhn? tikili,35,var,var,1,H?zi Aslanov m.,X?tai r.,5373936,81500,vasit?çi (agent),Yoxdur,https://bina.az/items/5373936,40.37095319,49.94436378,5,5
1284,Yeni tikili,54,yoxdur,var,3,Suraxan? r.,Qaraçuxur q.,4909508,118000,mülkiyy?tçi,Yoxdur,https://bina.az/items/4909508,40.39216761,49.9746064,10,14
1285,Yeni tikili,48,yoxdur,yoxdur,1,Sabunçu r.,Bak?xanov q.,5300591,98000,vasit?çi (agent),Yoxdur,https://bina.az/items/5300591,40.42908028,49.96080995,5,8
1286,Yeni tikili,67,var,yoxdur,2,Bin?q?di r.,Bil?c?ri q.,5309169,115000,vasit?çi (agent),var,https://bina.az/items/5309169,40.43099199,49.7925296,3,15
1287,Köhn? tikili,55,var,var,2,Suraxan? r.,Massiv V q.,5373902,115000,vasit?çi (agent),var,https://bina.az/items/5373902,40.38236254,49.98423222,6,9
1288,Yeni tikili,55,var,var,3,Sabunçu r.,Bak?xanov q.,5364004,116000,vasit?çi (agent),var,https://bina.az/items/5364004,40.43531656,49.95688694,13,14
1289,Yeni tikili,75,var,var,3,Ab?eron r.,Mehdiabad q.,5372274,110000,mülkiyy?tçi,Yoxdur,https://bina.az/items/5372274,40.49102682,49.85543916,4,10
1290,Yeni tikili,71,yoxdur,yoxdur,2,Suraxan? r.,Yeni Gün??li q.,5216420,102000,vasit?çi (agent),Yoxdur,https://bina.az/items/5216420,40.38188786,49.97931915,9,18
1291,Yeni tikili,77,var,var,3,Suraxan? r.,Hövsan q.,5278385,108000,mülkiyy?tçi,Yoxdur,https://bina.az/items/5278385,40.376143,50.091873,6,12
1292,Köhn? tikili,64,var,var,2,H?zi Aslanov m.,X?tai r.,5368036,120000,vasit?çi (agent),var,https://bina.az/items/5368036,40.37026083,49.96301161,1,9
1293,Yeni tikili,100,var,var,4,Suraxan? r.,Hövsan q.,5293801,72000,vasit?çi (agent),var,https://bina.az/items/5293801,40.37787572,50.07629473,4,9
1294,Yeni tikili,60,var,var,2,H?zi Aslanov m.,X?tai r.,5373602,115000,vasit?çi (agent),Yoxdur,https://bina.az/items/5373602,40.37374483,49.96523708,9,14
1295,Yeni tikili,50,var,var,2,Ab?eron r.,Masaz?r q.,5346514,79600,mülkiyy?tçi,Yoxdur,https://bina.az/items/5346514,40.49448038,49.75339958,5,6
1296,Köhn? tikili,51,var,var,2,Suraxan? r.,?mircan q.,5373868,98000,mülkiyy?tçi,var,https://bina.az/items/5373868,40.42124539,49.99903116,5,5
1297,Yeni tikili,90,var,var,3,Sabunçu r.,Bak?xanov q.,5308535,117000,mülkiyy?tçi,Yoxdur,https://bina.az/items/5308535,40.43542379,49.94126017,1,2
1298,Yeni tikili,54,yoxdur,var,2,Ab?eron r.,Masaz?r q.,5310284,72000,mülkiyy?tçi,Yoxdur,https://bina.az/items/5310284,40.4838152,49.75792549,3,6
1299,Yeni tikili,38,yoxdur,yoxdur,1,Qara Qarayev m.,Nizami r.,5368584,106500,mülkiyy?tçi,Yoxdur,https://bina.az/items/5368584,40.41601389,49.93075857,15,17
1300,Köhn? tikili,48,var,var,2,Bin?q?di r.,Bil?c?ri q.,5373838,93900,vasit?çi (agent),Yoxdur,https://bina.az/items/5373838,40.42870529,49.80626251,2,2
1301,Köhn? tikili,45,var,var,2,S?bail r.,Badamdar q.,5373826,117980,vasit?çi (agent),var,https://bina.az/items/5373826,40.33835473,49.80237739,3,5
1302,Köhn? tikili,35,var,Yoxdur,2,X?tai r.,Köhn? Gün??li q.,5364664,83000,mülkiyy?tçi,Yoxdur,https://bina.az/items/5364664,40.35741638,49.97158059,9,9
1303,Köhn? tikili,40,var,var,2,Xalqlar Dostlu?u m.,Nizami r.,5354076,83500,vasit?çi (agent),var,https://bina.az/items/5354076,40.39764675,49.95243073,9,9
1304,Yeni tikili,57,var,var,2,Ab?eron r.,Masaz?r q.,5373823,73000,vasit?çi (agent),Yoxdur,https://bina.az/items/5373823,40.48910238,49.75750083,5,6
1305,Yeni tikili,85,var,var,4,Suraxan? r.,Hövsan q.,5373820,109000,vasit?çi (agent),Yoxdur,https://bina.az/items/5373820,40.37645359,50.07764656,7,7
1306,Yeni tikili,83,var,yoxdur,2,Ab?eron r.,Masaz?r q.,4364555,72000,vasit?çi (agent),Yoxdur,https://bina.az/items/4364555,40.49112668,49.75090263,5,6
1307,Köhn? tikili,10,var,var,1,?ç?ri ??h?r,Azneft meydan?,5373802,90000,vasit?çi (agent),var,https://bina.az/items/5373802,40.36426892,49.83586765,1,4
1308,Köhn? tikili,31,var,var,2,20 Yanvar m.,N?simi r.,5373801,120000,vasit?çi (agent),Yoxdur,https://bina.az/items/5373801,40.40502314,49.80761205,4,5
1309,Köhn? tikili,50,var,var,2,Memar ?c?mi m.,N?simi r.,4768834,98000,vasit?çi (agent),var,https://bina.az/items/4768834,40.4132762,49.81060853,3,5
1310,Yeni tikili,65,yoxdur,yoxdur,2,Sabunçu r.,Nardaran q.,5353201,80000,vasit?çi (agent),Yoxdur,https://bina.az/items/5353201,40.58977795,49.97965667,2,7
1311,Köhn? tikili,46,var,var,2,Memar ?c?mi m.,20 Yanvar m.,5235014,112000,vasit?çi (agent),Yoxdur,https://bina.az/items/5235014,40.41201326,49.80790552,2,5
1312,Köhn? tikili,55,var,var,2,Bak? Dövl?t Universiteti,Elml?r Akademiyas? m.,5360415,115000,vasit?çi (agent),Yoxdur,https://bina.az/items/5360415,40.37480649,49.80756871,5,5
1313,Köhn? tikili,45,var,var,2,S?bail r.,Badamdar q.,5373731,118000,vasit?çi (agent),var,https://bina.az/items/5373731,40.3389901,49.80087,3,5
1314,Köhn? tikili,60,var,var,2,X?tai r.,Köhn? Gün??li q.,5373722,112000,vasit?çi (agent),Yoxdur,https://bina.az/items/5373722,40.35387208,49.96970877,9,9
1315,Köhn? tikili,59,var,var,2,Suraxan? r.,Yeni Gün??li q.,5373707,108900,vasit?çi (agent),Yoxdur,https://bina.az/items/5373707,40.38642484,49.97999298,9,9
1316,Yeni tikili,94,yoxdur,var,3,Ab?eron r.,Masaz?r q.,4903125,119000,vasit?çi (agent),Yoxdur,https://bina.az/items/4903125,40.46063167,49.7554806,6,8
1317,Yeni tikili,54,var,var,2,Suraxan? r.,Hövsan q.,5264694,94000,vasit?çi (agent),var,https://bina.az/items/5264694,40.376143,50.091873,5,7
1318,Yeni tikili,44,yoxdur,var,2,X?tai r.,?hm?dli q.,5292017,119000,vasit?çi (agent),Yoxdur,https://bina.az/items/5292017,40.36282296,49.94960171,3,12
1319,Köhn? tikili,60,var,var,2,Bin?q?di r.,Bil?c?ri q.,5373660,120000,mülkiyy?tçi,Yoxdur,https://bina.az/items/5373660,40.43734981,49.79509948,5,5
1320,Yeni tikili,51,var,var,1,M?rk?zi Univermaq,F?vvar?l?r meydan?,5373639,108000,vasit?çi (agent),Yoxdur,https://bina.az/items/5373639,40.37282306,49.83649843,3,3
1321,Yeni tikili,32,var,var,2,M?rk?zi Univermaq,Be?m?rt?b?,5373628,107000,vasit?çi (agent),Yoxdur,https://bina.az/items/5373628,40.37371577,49.8357671,2,2
1322,Köhn? tikili,35,var,var,2,Neftçil?r m.,Nizami r.,5372289,92000,vasit?çi (agent),Yoxdur,https://bina.az/items/5372289,40.40398655,49.93642581,5,5
1323,Köhn? tikili,35,var,var,1,Neftçil?r m.,Nizami r.,5373596,91000,vasit?çi (agent),Yoxdur,https://bina.az/items/5373596,40.41021537,49.94332309,4,5
1324,Yeni tikili,73,var,var,3,Ab?eron r.,Masaz?r q.,5338252,87500,vasit?çi (agent),Yoxdur,https://bina.az/items/5338252,40.47065208,49.75710185,4,6
1325,Yeni tikili,55,yoxdur,var,2,Bin?q?di r.,Bil?c?ri q.,5366638,85000,vasit?çi (agent),Yoxdur,https://bina.az/items/5366638,40.4512096,49.78018071,3,4
1326,Yeni tikili,45,var,var,1,Az?rbaycan turizm institutu,Respublika stadionu,5373565,112000,vasit?çi (agent),var,https://bina.az/items/5373565,40.40065786,49.85848487,9,9
1327,Yeni tikili,58,var,var,2,Ab?eron r.,Masaz?r q.,5299048,82000,vasit?çi (agent),Yoxdur,https://bina.az/items/5299048,40.4862557,49.757531,2,6
1328,Köhn? tikili,40,var,var,1,Memar ?c?mi m.,N?simi r.,4004479,94000,mülkiyy?tçi,Yoxdur,https://bina.az/items/4004479,40.4136237,49.8112751,2,5
1329,Köhn? tikili,50,var,var,2,Memar ?c?mi m.,N?simi r.,5362528,109000,vasit?çi (agent),Yoxdur,https://bina.az/items/5362528,40.41663176,49.81439617,5,5
1330,Yeni tikili,40,var,var,2,Bin?q?di r.,Bil?c?ri q.,5373515,94900,vasit?çi (agent),Yoxdur,https://bina.az/items/5373515,40.43191239,49.80687823,3,4
1331,Yeni tikili,66,yoxdur,var,2,Neapol dair?si,?hm?dli m.,5361322,120000,vasit?çi (agent),Yoxdur,https://bina.az/items/5361322,40.38138261,49.9599751,15,17
1332,Yeni tikili,58,var,var,2,Suraxan? r.,Yeni Gün??li q.,5341566,119000,vasit?çi (agent),Yoxdur,https://bina.az/items/5341566,40.3844089,49.97457504,5,16
1333,Yeni tikili,67,var,var,2,Sabunçu r.,Bak?xanov q.,4574420,117000,vasit?çi (agent),Yoxdur,https://bina.az/items/4574420,40.43596502,49.95841235,18,19
1334,Köhn? tikili,65,var,var,2,X?tai r.,Köhn? Gün??li q.,5373478,120000,mülkiyy?tçi,var,https://bina.az/items/5373478,40.36219632,49.96477338,9,9
1335,Yeni tikili,48,var,var,1,H?zi Aslanov m.,X?tai r.,5226707,115000,vasit?çi (agent),var,https://bina.az/items/5226707,40.36595708,49.95295855,3,18
1336,Köhn? tikili,70,var,var,2,H?zi Aslanov m.,X?tai r.,5226358,118000,vasit?çi (agent),var,https://bina.az/items/5226358,40.36733692,49.95998032,2,9
1337,Yeni tikili,41,yoxdur,var,2,Neapol dair?si,?hm?dli m.,5225674,105000,vasit?çi (agent),Yoxdur,https://bina.az/items/5225674,40.38274314,49.96447906,13,13
1338,Köhn? tikili,60,var,var,2,Suraxan? r.,Yeni Gün??li q.,5224565,115000,vasit?çi (agent),var,https://bina.az/items/5224565,40.37860372,49.981377,8,9
1339,Köhn? tikili,50,var,var,2,['X?tai r.'],Yoxdur,5373460,88000,vasit?çi (agent),var,https://bina.az/items/5373460,40.34973272,49.9596213,3,5
1340,Yeni tikili,33,var,var,1,Yasamal bazar?,ASAN Xidm?t ?3,5296071,98000,vasit?çi (agent),Yoxdur,https://bina.az/items/5296071,40.38007479,49.80446528,5,5
1341,Yeni tikili,77,var,var,3,Suraxan? r.,Hövsan q.,5137600,105000,vasit?çi (agent),var,https://bina.az/items/5137600,40.38579818,50.0717783,10,12
1342,Yeni tikili,70,var,var,3,Ab?eron r.,Masaz?r q.,5347978,85000,vasit?çi (agent),var,https://bina.az/items/5347978,40.49198488,49.75014925,2,6
1343,Yeni tikili,100,var,var,3,Ab?eron r.,Masaz?r q.,5373404,120000,vasit?çi (agent),var,https://bina.az/items/5373404,40.490311,49.75339516,5,6
1344,Köhn? tikili,40,var,var,2,Bin?q?di r.,Bil?c?ri q.,5363199,83000,vasit?çi (agent),Yoxdur,https://bina.az/items/5363199,40.43139929,49.7953342,3,5
1345,Köhn? tikili,63,var,var,2,?hm?dli m.,X?tai r.,5351689,115000,vasit?çi (agent),Yoxdur,https://bina.az/items/5351689,40.38742221,49.96489774,8,9
1346,Yeni tikili,50,var,var,2,Melissa Park,20 Yanvar m.,5373337,120000,vasit?çi (agent),var,https://bina.az/items/5373337,40.39808997,49.80795656,2,19
1347,Yeni tikili,106,yoxdur,var,3,Ab?eron r.,Masaz?r q.,5373309,105000,vasit?çi (agent),Yoxdur,https://bina.az/items/5373309,40.488671,49.75718768,9,13
1348,Yeni tikili,50,var,var,2,Suraxan? r.,Yeni Gün??li q.,5346322,105000,vasit?çi (agent),var,https://bina.az/items/5346322,40.37588382,49.97774568,3,16
1349,Yeni tikili,47,var,var,2,Suraxan? r.,Qaraçuxur q.,5373303,87000,vasit?çi (agent),var,https://bina.az/items/5373303,40.39893725,49.97827825,9,9
1350,Yeni tikili,60,yoxdur,var,2,?hm?dli m.,X?tai r.,5373299,120000,mülkiyy?tçi,Yoxdur,https://bina.az/items/5373299,40.382631,49.945952,17,17
1351,Köhn? tikili,55,var,var,2,H?zi Aslanov m.,X?tai r.,5230561,115000,vasit?çi (agent),var,https://bina.az/items/5230561,40.37044057,49.96061344,8,9
1352,Yeni tikili,49,yoxdur,yoxdur,1,Suraxan? r.,Bülbül? q.,5368272,83000,mülkiyy?tçi,Yoxdur,https://bina.az/items/5368272,40.4365714,49.9688673,5,8
1353,Yeni tikili,70,var,var,3,Ab?eron r.,Masaz?r q.,5288407,95000,vasit?çi (agent),Yoxdur,https://bina.az/items/5288407,40.47308245,49.75308687,2,8
1354,Yeni tikili,100,var,var,3,Ab?eron r.,Masaz?r q.,5373217,120000,mülkiyy?tçi,var,https://bina.az/items/5373217,40.4862557,49.757531,5,6
1355,Köhn? tikili,55,var,var,2,S?bail r.,Bay?l q.,5226417,115000,vasit?çi (agent),Yoxdur,https://bina.az/items/5226417,40.3249782,49.81769545,1,2
1356,Köhn? tikili,38,var,var,2,Bin?q?di r.,9-cu mikrorayon q.,5353454,119500,vasit?çi (agent),var,https://bina.az/items/5353454,40.4279335,49.8135998,7,9
1357,Yeni tikili,78,var,yoxdur,2,Suraxan? r.,Yeni Gün??li q.,5305878,92000,vasit?çi (agent),var,https://bina.az/items/5305878,40.38127066,49.97869492,15,15
1358,Yeni tikili,52,var,var,3,Ab?eron r.,Masaz?r q.,5373153,86000,vasit?çi (agent),Yoxdur,https://bina.az/items/5373153,40.49049874,49.75538523,3,11
1359,Köhn? tikili,35,var,var,2,Neftçil?r m.,Nizami r.,5330704,105000,vasit?çi (agent),Yoxdur,https://bina.az/items/5330704,40.40613897,49.93466201,2,5
1360,Köhn? tikili,48,var,var,2,Z?rif? ?liyeva ad?na park,N?simi m.,5373129,109000,vasit?çi (agent),Yoxdur,https://bina.az/items/5373129,40.42245229,49.81590292,2,9
1361,Yeni tikili,98,var,yoxdur,3,Ab?eron r.,Masaz?r q.,5373125,106000,vasit?çi (agent),Yoxdur,https://bina.az/items/5373125,40.49343606,49.75693019,2,6
1362,Köhn? tikili,58,var,var,2,Memar ?c?mi m.,N?simi r.,5362616,109000,vasit?çi (agent),Yoxdur,https://bina.az/items/5362616,40.41623039,49.81537083,5,5
1363,Yeni tikili,36,yoxdur,var,2,['X?tai r.'],Yoxdur,5354266,83000,vasit?çi (agent),Yoxdur,https://bina.az/items/5354266,40.38277442,49.929986,11,14
1364,Yeni tikili,50,var,var,2,N?simi bazar?,Koala park?,5373090,120000,vasit?çi (agent),Yoxdur,https://bina.az/items/5373090,40.39371554,49.84307571,18,18
1365,Yeni tikili,72,yoxdur,var,2,Suraxan? r.,Yeni Gün??li q.,5120319,84000,vasit?çi (agent),Yoxdur,https://bina.az/items/5120319,40.3779114,49.98421136,15,16
1366,Köhn? tikili,50,var,var,2,Z?rif? ?liyeva ad?na park,N?simi m.,5315106,120000,vasit?çi (agent),var,https://bina.az/items/5315106,40.42443008,49.81722094,7,9
1367,Köhn? tikili,60,var,var,2,Neapol dair?si,?hm?dli m.,5372990,120000,vasit?çi (agent),var,https://bina.az/items/5372990,40.38215121,49.96487959,9,9
1368,Köhn? tikili,25,var,var,1,Bak? Slavyan Universiteti,Az?rbaycan Dill?r Universiteti,5372959,98000,vasit?çi (agent),Yoxdur,https://bina.az/items/5372959,40.38126508,49.84465214,1,1
1369,Köhn? tikili,45,var,var,2,S?bail r.,Badamdar q.,5372961,118000,vasit?çi (agent),var,https://bina.az/items/5372961,40.33876237,49.79987245,3,5
1370,Köhn? tikili,45,var,var,2,H?zi Aslanov m.,X?tai r.,5372920,115000,vasit?çi (agent),var,https://bina.az/items/5372920,40.36772132,49.96174151,8,9
1371,Köhn? tikili,60,var,var,2,Suraxan? r.,Massiv D q.,5372901,120000,mülkiyy?tçi,Yoxdur,https://bina.az/items/5372901,40.38491137,49.98900146,9,9
1372,Yeni tikili,54,yoxdur,var,1,H?zi Aslanov m.,X?tai r.,5164222,120000,vasit?çi (agent),Yoxdur,https://bina.az/items/5164222,40.3712464,49.9449113,12,16
1373,Yeni tikili,105,yoxdur,var,3,Ab?eron r.,M?mm?dli q.,5372850,85000,vasit?çi (agent),Yoxdur,https://bina.az/items/5372850,40.51260253,49.93874396,1,5
1374,Köhn? tikili,55,var,var,2,H?zi Aslanov m.,X?tai r.,5166587,120000,vasit?çi (agent),Yoxdur,https://bina.az/items/5166587,40.378181,49.931383,9,9
1375,Köhn? tikili,60,var,var,2,H?zi Aslanov m.,X?tai r.,5370148,120000,vasit?çi (agent),Yoxdur,https://bina.az/items/5370148,40.36774589,49.95531917,1,9
1376,Köhn? tikili,60,var,var,2,['X?tai r.'],Yoxdur,5206939,120000,vasit?çi (agent),Yoxdur,https://bina.az/items/5206939,40.378181,49.931383,1,9
1377,Yeni tikili,55,yoxdur,var,1,H?zi Aslanov m.,X?tai r.,5372833,120000,mülkiyy?tçi,Yoxdur,https://bina.az/items/5372833,40.37035457,49.94476267,12,16
1378,Yeni tikili,77,var,var,3,Ab?eron r.,Masaz?r q.,5372814,82000,vasit?çi (agent),Yoxdur,https://bina.az/items/5372814,40.45742419,49.7561866,3,9
1379,Köhn? tikili,74,var,var,3,X?z?r r.,Bin? q.,5372804,110000,mülkiyy?tçi,Yoxdur,https://bina.az/items/5372804,40.44795777,50.086913,5,5
1380,Yeni tikili,106,yoxdur,var,4,Ab?eron r.,Mehdiabad q.,5372797,120000,mülkiyy?tçi,Yoxdur,https://bina.az/items/5372797,40.49112387,49.85558903,6,11
1381,Köhn? tikili,62,var,yoxdur,2,X?tai r.,H?zi Aslanov q.,5338683,77000,vasit?çi (agent),Yoxdur,https://bina.az/items/5338683,40.34235742,49.97637749,1,5
1382,Köhn? tikili,42,var,var,2,S?bail r.,Badamdar q.,5372754,118000,mülkiyy?tçi,var,https://bina.az/items/5372754,40.33892187,49.80002044,3,5
1383,Köhn? tikili,30,var,var,1,Yasamal bazar?,?n?aatç?lar m.,4667933,98000,vasit?çi (agent),Yoxdur,https://bina.az/items/4667933,40.38476779,49.80369384,4,5
1384,Köhn? tikili,55,var,var,2,?hm?dli m.,Ukrayna dair?si,5300420,115000,vasit?çi (agent),Yoxdur,https://bina.az/items/5300420,40.38212062,49.95071411,2,9
1385,Köhn? tikili,50,var,var,2,Neapol dair?si,H?zi Aslanov m.,5358672,115000,vasit?çi (agent),Yoxdur,https://bina.az/items/5358672,40.37872357,49.96190439,8,9
1386,Köhn? tikili,60,var,var,2,Suraxan? r.,?mircan q.,5372671,112000,mülkiyy?tçi,var,https://bina.az/items/5372671,40.41709862,49.99927698,3,5
1387,Köhn? tikili,40,var,yoxdur,1,['X?tai r.'],Yoxdur,5349149,86000,vasit?çi (agent),Yoxdur,https://bina.az/items/5349149,40.36796894,49.96912867,7,9
1388,Köhn? tikili,40,var,var,1,X?tai r.,Köhn? Gün??li q.,5347862,92000,vasit?çi (agent),Yoxdur,https://bina.az/items/5347862,40.36389308,49.96519193,8,9
1389,Köhn? tikili,34,var,var,1,Memar ?c?mi m.,8 Noyabr m.,5367728,100000,vasit?çi (agent),Yoxdur,https://bina.az/items/5367728,40.40961384,49.81772371,4,5
1390,Yeni tikili,80,var,var,3,Ab?eron r.,Masaz?r q.,4624314,75000,vasit?çi (agent),Yoxdur,https://bina.az/items/4624314,40.49219702,49.7532177,6,6
1391,Yeni tikili,44,yoxdur,yoxdur,2,H?zi Aslanov m.,X?tai r.,5011541,93500,vasit?çi (agent),Yoxdur,https://bina.az/items/5011541,40.36987897,49.95116998,7,13
1392,Yeni tikili,36,yoxdur,yoxdur,2,Qara Qarayev m.,Nizami r.,5312957,102000,vasit?çi (agent),Yoxdur,https://bina.az/items/5312957,40.41761299,49.93414879,3,17
1393,Köhn? tikili,90,var,var,3,X?tai r.,Köhn? Gün??li q.,5102853,120000,vasit?çi (agent),Yoxdur,https://bina.az/items/5102853,40.359593,49.97128591,9,9
1394,Köhn? tikili,29,var,var,1,Neftçil?r m.,Qara Qarayev m.,5368022,94000,vasit?çi (agent),Yoxdur,https://bina.az/items/5368022,40.41491093,49.94086538,5,5
1395,Yeni tikili,75,var,var,3,Ab?eron r.,Masaz?r q.,5132278,99000,mülkiyy?tçi,Yoxdur,https://bina.az/items/5132278,40.49249018,49.75487637,4,6
1396,Yeni tikili,37,yoxdur,yoxdur,1,Qara Qarayev m.,Neftçil?r m.,5012351,105000,vasit?çi (agent),Yoxdur,https://bina.az/items/5012351,40.41525452,49.93725984,11,17
1397,Köhn? tikili,35,var,var,2,['N?rimanov r.'],Yoxdur,4811833,95000,vasit?çi (agent),Yoxdur,https://bina.az/items/4811833,40.41100957,49.833254,5,5
1398,Köhn? tikili,55,var,var,2,Suraxan? r.,Hövsan q.,5259314,93000,vasit?çi (agent),var,https://bina.az/items/5259314,40.36464331,50.07416468,7,9
1399,Yeni tikili,60,var,yoxdur,2,Suraxan? r.,Qaraçuxur q.,5372541,115000,vasit?çi (agent),var,https://bina.az/items/5372541,40.3908806,49.97438369,12,13
1400,Köhn? tikili,35,var,var,2,Bin?q?di r.,7-ci mikrorayon q.,5372509,112000,vasit?çi (agent),Yoxdur,https://bina.az/items/5372509,40.42795517,49.85298207,4,5
1401,Yeni tikili,54,yoxdur,var,3,Suraxan? r.,Qaraçuxur q.,4916495,115000,vasit?çi (agent),Yoxdur,https://bina.az/items/4916495,40.3924066,49.97520912,9,14
1402,Köhn? tikili,45,var,var,2,N?riman N?rimanov m.,N?riman N?rimanov park?,5359379,98000,vasit?çi (agent),Yoxdur,https://bina.az/items/5359379,40.40475047,49.87479329,3,5
1403,Yeni tikili,119,yoxdur,yoxdur,4,Ab?eron r.,Masaz?r q.,5367854,105000,mülkiyy?tçi,Yoxdur,https://bina.az/items/5367854,40.4862557,49.757531,9,13
1404,Köhn? tikili,40,var,var,2,Xalqlar Dostlu?u m.,Nizami r.,5372447,118500,vasit?çi (agent),var,https://bina.az/items/5372447,40.40223725,49.95630103,5,9
1405,Köhn? tikili,46,var,var,1,Prezident park?,Dövl?t ?dar?çilik Akademiyas?,5372425,117000,mülkiyy?tçi,Yoxdur,https://bina.az/items/5372425,40.36529808,49.82853985,2,2
1406,Köhn? tikili,36,var,var,1,?n?aatç?lar m.,Yasamal r.,5372424,99000,vasit?çi (agent),Yoxdur,https://bina.az/items/5372424,40.39027922,49.8027475,5,5
1407,Yeni tikili,55,var,var,2,Yasamal r.,Yeni Yasamal q.,5372406,93000,vasit?çi (agent),Yoxdur,https://bina.az/items/5372406,40.39120868,49.78954546,12,12
1408,Köhn? tikili,73,var,var,2,Massiv V q.,Yeni Gün??li q.,5372400,115000,vasit?çi (agent),Yoxdur,https://bina.az/items/5372400,40.38213677,49.98478278,6,9
1409,Yeni tikili,66,yoxdur,var,2,Ab?eron r.,Masaz?r q.,5274978,75000,vasit?çi (agent),Yoxdur,https://bina.az/items/5274978,40.4862557,49.757531,5,8
1410,Köhn? tikili,45,var,var,1,N?simi m.,9-cu mikrorayon q.,5239521,107000,vasit?çi (agent),Yoxdur,https://bina.az/items/5239521,40.42620207,49.81596551,9,9
1411,Köhn? tikili,45,var,var,1,Z?rif? ?liyeva ad?na park,N?simi m.,5339794,108500,mülkiyy?tçi,Yoxdur,https://bina.az/items/5339794,40.42343345,49.81717309,9,9
1412,Köhn? tikili,60,var,var,2,['Bin?q?di r.'],Yoxdur,5353842,120000,mülkiyy?tçi,Yoxdur,https://bina.az/items/5353842,40.41153551,49.83475685,5,5
1413,Köhn? tikili,50,var,var,2,['X?tai r.'],Yoxdur,5372336,88000,vasit?çi (agent),var,https://bina.az/items/5372336,40.3498799,49.96212469,3,5
1414,Köhn? tikili,40,var,var,2,Memar ?c?mi m.,N?simi r.,5372323,112000,vasit?çi (agent),Yoxdur,https://bina.az/items/5372323,40.41142269,49.81511784,2,5
1415,Köhn? tikili,75,var,var,3,Suraxan? r.,Hövsan q.,5344445,85000,vasit?çi (agent),Yoxdur,https://bina.az/items/5344445,40.35625033,50.07623558,2,3
1416,Köhn? tikili,45,var,var,2,Suraxan? r.,Hövsan q.,5344432,78000,vasit?çi (agent),Yoxdur,https://bina.az/items/5344432,40.35875286,50.06603692,4,5
1417,Köhn? tikili,40,var,var,2,Neftçil?r m.,Qara Qarayev m.,5372316,99000,mülkiyy?tçi,Yoxdur,https://bina.az/items/5372316,40.41500636,49.94427773,2,5
1418,Yeni tikili,76,var,var,3,Suraxan? r.,Hövsan q.,5203145,105000,vasit?çi (agent),Yoxdur,https://bina.az/items/5203145,40.3880773,50.07210949,9,12
1419,Yeni tikili,76,var,var,3,Suraxan? r.,Hövsan q.,5164136,103000,vasit?çi (agent),Yoxdur,https://bina.az/items/5164136,40.38700989,50.07241724,5,12
1420,Köhn? tikili,40,var,var,1,?n?aatç?lar m.,Yasamal r.,5372288,110000,vasit?çi (agent),Yoxdur,https://bina.az/items/5372288,40.39400623,49.79525954,3,9
1421,Köhn? tikili,35,var,var,1,['Suraxan? r.'],Yoxdur,5334692,85000,vasit?çi (agent),var,https://bina.az/items/5334692,40.37990894,49.98456776,7,9
1422,Yeni tikili,60,var,var,2,Ab?eron r.,Masaz?r q.,5317591,73500,vasit?çi (agent),var,https://bina.az/items/5317591,40.49216438,49.75326061,2,6
1423,Köhn? tikili,51,var,var,2,Suraxan? r.,?mircan q.,5344274,105000,vasit?çi (agent),Yoxdur,https://bina.az/items/5344274,40.42096948,49.99827305,5,5
1424,Köhn? tikili,40,var,yoxdur,1,Bak? Slavyan Universiteti,28 May m.,5296279,95000,vasit?çi (agent),Yoxdur,https://bina.az/items/5296279,40.38322854,49.84722763,1,2
1425,Köhn? tikili,65,var,var,2,['X?tai r.'],Yoxdur,5372239,112000,vasit?çi (agent),var,https://bina.az/items/5372239,40.35567392,49.97154277,8,9
1426,Köhn? tikili,35,var,yoxdur,1,8 Noyabr m.,Memar ?c?mi m.,5372233,87000,vasit?çi (agent),Yoxdur,https://bina.az/items/5372233,40.40838607,49.8235909,5,5
1427,Köhn? tikili,35,var,var,1,Yasamal bazar?,?n?aatç?lar m.,5372200,95000,vasit?çi (agent),Yoxdur,https://bina.az/items/5372200,40.38481753,49.80416683,5,5
1428,Yeni tikili,53,var,var,2,Sabunçu r.,Bak?xanov q.,5334573,109000,vasit?çi (agent),var,https://bina.az/items/5334573,40.4369527,49.9583745,12,19
1429,Köhn? tikili,35,var,yoxdur,1,Memar ?c?mi m.,N?simi r.,5372173,87000,vasit?çi (agent),Yoxdur,https://bina.az/items/5372173,40.40827928,49.82180528,5,5
1430,Köhn? tikili,65,var,var,2,X?tai r.,Köhn? Gün??li q.,5372140,110000,vasit?çi (agent),var,https://bina.az/items/5372140,40.39079643,49.97776254,2,9
1431,Köhn? tikili,60,var,var,2,H?zi Aslanov m.,X?tai r.,5372104,112000,vasit?çi (agent),var,https://bina.az/items/5372104,40.3738301,49.95405277,8,9
1432,Köhn? tikili,40,var,var,2,Xalqlar Dostlu?u m.,Nizami r.,5293748,83000,vasit?çi (agent),Yoxdur,https://bina.az/items/5293748,40.39750218,49.95274916,9,9
1433,Yeni tikili,72,var,var,3,Ab?eron r.,Masaz?r q.,5372057,87000,vasit?çi (agent),Yoxdur,https://bina.az/items/5372057,40.4862557,49.76765902,9,9
1434,Köhn? tikili,80,var,var,2,X?tai r.,Köhn? Gün??li q.,5372038,112000,vasit?çi (agent),Yoxdur,https://bina.az/items/5372038,40.35971154,49.97073873,8,9
1435,Yeni tikili,39,yoxdur,yoxdur,1,Qara Qarayev m.,Nizami r.,5103076,104000,vasit?çi (agent),Yoxdur,https://bina.az/items/5103076,40.41775813,49.93128119,16,17
1436,Yeni tikili,60,var,var,2,Suraxan? r.,Yeni Gün??li q.,5339345,119000,vasit?çi (agent),Yoxdur,https://bina.az/items/5339345,40.37369973,49.97528302,5,15
1437,Köhn? tikili,60,var,var,2,['X?tai r.'],Yoxdur,5371956,111999,vasit?çi (agent),var,https://bina.az/items/5371956,40.34973696,49.96850332,8,9
1438,Köhn? tikili,50,var,var,2,Bin?q?di r.,9-cu mikrorayon q.,5371958,120000,vasit?çi (agent),Yoxdur,https://bina.az/items/5371958,40.42533902,49.81311913,1,9
1439,Köhn? tikili,55,var,var,2,Memar ?c?mi m.,8 Noyabr m.,5352602,106000,vasit?çi (agent),Yoxdur,https://bina.az/items/5352602,40.40908207,49.82280461,5,5
1440,Köhn? tikili,40,var,var,1,['X?tai r.'],Yoxdur,5316283,87000,vasit?çi (agent),var,https://bina.az/items/5316283,40.36687646,49.96492681,10,16
1441,Yeni tikili,82,var,var,2,Ab?eron r.,Masaz?r q.,5371920,105000,vasit?çi (agent),Yoxdur,https://bina.az/items/5371920,40.49156924,49.75967677,10,13
1442,Köhn? tikili,35,var,var,1,H?zi Aslanov m.,X?tai r.,5287647,81500,vasit?çi (agent),Yoxdur,https://bina.az/items/5287647,40.36523393,49.94820356,5,5
1443,Yeni tikili,75,var,var,2,Ab?eron r.,Masaz?r q.,5020953,105000,vasit?çi (agent),var,https://bina.az/items/5020953,40.49219702,49.7532177,4,6
1444,Yeni tikili,65,yoxdur,yoxdur,3,['X?tai r.'],Yoxdur,5337807,95000,vasit?çi (agent),Yoxdur,https://bina.az/items/5337807,40.36611515,49.94496793,13,13
1445,Yeni tikili,82,var,var,3,Ab?eron r.,Masaz?r q.,4862306,75000,vasit?çi (agent),Yoxdur,https://bina.az/items/4862306,40.49219702,49.7532177,6,6
1446,Yeni tikili,92,var,yoxdur,3,Ab?eron r.,Masaz?r q.,4976880,90000,vasit?çi (agent),var,https://bina.az/items/4976880,40.48364447,49.76963313,8,9
1447,Yeni tikili,55,var,var,2,H?zi Aslanov m.,Ukrayna dair?si,5262068,105000,vasit?çi (agent),Yoxdur,https://bina.az/items/5262068,40.37468836,49.95185322,17,17
1448,Köhn? tikili,37,var,var,1,H?zi Aslanov m.,X?tai r.,5285761,81500,vasit?çi (agent),Yoxdur,https://bina.az/items/5285761,40.37084302,49.94565148,5,5
1449,Yeni tikili,54,yoxdur,var,2,Ab?eron r.,Masaz?r q.,5222598,75000,vasit?çi (agent),Yoxdur,https://bina.az/items/5222598,40.49219702,49.7532177,3,6
1450,Köhn? tikili,67,var,var,3,Bin?q?di r.,Bil?c?ri q.,5371841,110000,vasit?çi (agent),Yoxdur,https://bina.az/items/5371841,40.43641443,49.80694916,1,5
1451,Köhn? tikili,60,var,var,2,X?tai r.,Köhn? Gün??li q.,5155788,112000,mülkiyy?tçi,Yoxdur,https://bina.az/items/5155788,40.35754116,49.97048736,8,9
1452,Yeni tikili,54,yoxdur,var,2,Ab?eron r.,Masaz?r q.,5103192,73000,vasit?çi (agent),Yoxdur,https://bina.az/items/5103192,40.49219702,49.7532177,5,6
1453,Köhn? tikili,35,var,var,2,ASAN Xidm?t ?3,Yasamal bazar?,5313106,109000,vasit?çi (agent),Yoxdur,https://bina.az/items/5313106,40.37920192,49.80558323,5,5
1454,Yeni tikili,75,var,var,2,Ab?eron r.,Masaz?r q.,4971594,83000,vasit?çi (agent),Yoxdur,https://bina.az/items/4971594,40.49168094,49.75256235,3,6
1455,Köhn? tikili,40,var,var,2,?n?aatç?lar m.,Yasamal r.,5371756,110000,vasit?çi (agent),var,https://bina.az/items/5371756,40.39407598,49.79696741,3,9
1456,Köhn? tikili,58,var,var,3,Memar ?c?mi m.,N?simi r.,5362014,108000,vasit?çi (agent),Yoxdur,https://bina.az/items/5362014,40.41093177,49.81645015,5,5
1457,Yeni tikili,38,var,var,1,?n?aatç?lar m.,Yasamal r.,5365546,100000,vasit?çi (agent),var,https://bina.az/items/5365546,40.38549453,49.81116478,10,10
1458,Yeni tikili,57,yoxdur,yoxdur,2,Yasamal r.,Yeni Yasamal q.,5371727,114000,vasit?çi (agent),Yoxdur,https://bina.az/items/5371727,40.39595233,49.78859131,15,17
1459,Köhn? tikili,60,var,var,2,Memar ?c?mi m.,N?simi r.,5371709,120000,vasit?çi (agent),Yoxdur,https://bina.az/items/5371709,40.4177364,49.81262499,5,5
1460,Köhn? tikili,60,var,var,2,Suraxan? r.,Yeni Gün??li q.,5361197,109000,vasit?çi (agent),Yoxdur,https://bina.az/items/5361197,40.38289507,49.98132267,9,9
1461,Köhn? tikili,40,var,var,1,ASAN Xidm?t ?3,Bak? Dövl?t Universiteti,5143547,118000,vasit?çi (agent),Yoxdur,https://bina.az/items/5143547,40.37558868,49.8054894,3,5
1462,Köhn? tikili,33,var,yoxdur,1,Qara Qarayev m.,Nizami r.,5359109,91000,vasit?çi (agent),Yoxdur,https://bina.az/items/5359109,40.41802422,49.92996565,5,5
1463,Yeni tikili,64,var,var,2,Ab?eron r.,Masaz?r q.,4893980,90000,vasit?çi (agent),var,https://bina.az/items/4893980,40.4813607,49.75587845,7,14
1464,Yeni tikili,74,var,var,2,Ab?eron r.,Masaz?r q.,5302303,97000,vasit?çi (agent),Yoxdur,https://bina.az/items/5302303,40.47111028,49.7563076,1,6
1465,Yeni tikili,75,var,var,3,Ab?eron r.,Masaz?r q.,5305844,97000,vasit?çi (agent),Yoxdur,https://bina.az/items/5305844,40.46804024,49.75735934,3,6
1466,Köhn? tikili,45,var,var,2,Azadl?q Prospekti m.,Bin?q?di r.,5296791,115000,vasit?çi (agent),Yoxdur,https://bina.az/items/5296791,40.42844599,49.85234472,3,5
1467,Köhn? tikili,10,var,var,1,?ç?ri ??h?r m.,S?bail r.,5335943,100000,vasit?çi (agent),Yoxdur,https://bina.az/items/5335943,40.3644541,49.83544941,1,4
1468,Köhn? tikili,16,var,var,1,Elml?r Akademiyas? m.,Yasamal r.,5319244,87000,mülkiyy?tçi,Yoxdur,https://bina.az/items/5319244,40.37926623,49.81076945,1,5
1469,Köhn? tikili,19,var,var,1,Qarada? r.,Lökbatan q.,5316142,79000,mülkiyy?tçi,Yoxdur,https://bina.az/items/5316142,40.32800748,49.71663509,1,5
1470,Köhn? tikili,20,var,var,1,M?rk?zi Univermaq,Q?? park?,5094538,73500,vasit?çi (agent),Yoxdur,https://bina.az/items/5094538,40.3742892,49.83750558,1,3
1471,Köhn? tikili,20,var,var,1,M?rk?zi Univermaq,Be?m?rt?b?,5290666,73000,vasit?çi (agent),Yoxdur,https://bina.az/items/5290666,40.37397758,49.83623075,1,1
1472,Yeni tikili,20,var,var,1,M?rk?zi Univermaq,F?vvar?l?r meydan?,5304664,72000,vasit?çi (agent),Yoxdur,https://bina.az/items/5304664,40.37300318,49.83491186,1,2
1473,Köhn? tikili,20,yoxdur,var,1,Filarmoniya ba??,Dövl?t ?dar?çilik Akademiyas?,5318191,75000,vasit?çi (agent),Yoxdur,https://bina.az/items/5318191,40.3656469,49.83093933,1,3
1474,Köhn? tikili,20,var,yoxdur,1,G?nclik m.,N?rimanov r.,5319390,80000,vasit?çi (agent),Yoxdur,https://bina.az/items/5319390,40.40052277,49.85153675,4,4
1475,Köhn? tikili,20,var,var,1,Bak? Slavyan Universiteti,Az?rbaycan Dill?r Universiteti,5338851,94000,vasit?çi (agent),Yoxdur,https://bina.az/items/5338851,40.38123079,49.84453445,1,1
1476,Köhn? tikili,20,var,var,1,28 May m.,Az?rbaycan Dövl?t Neft v? S?naye Universiteti,5345259,95000,vasit?çi (agent),Yoxdur,https://bina.az/items/5345259,40.38145215,49.84650435,1,1
1477,Köhn? tikili,20,var,yoxdur,1,N?riman N?rimanov m.,N?rimanov r.,5347030,92000,mülkiyy?tçi,Yoxdur,https://bina.az/items/5347030,40.40305554,49.86447573,4,4
1478,Köhn? tikili,20,var,var,1,N?riman N?rimanov m.,N?riman N?rimanov park?,5349563,92000,vasit?çi (agent),Yoxdur,https://bina.az/items/5349563,40.40093068,49.86778571,4,4
1479,Köhn? tikili,20,var,var,1,N?riman N?rimanov park?,N?riman N?rimanov m.,5353453,92000,vasit?çi (agent),Yoxdur,https://bina.az/items/5353453,40.40199026,49.87137735,4,4
1480,Köhn? tikili,20,var,var,1,S?m?d Vur?un park?,Port Baku,5357256,85000,vasit?çi (agent),Yoxdur,https://bina.az/items/5357256,40.37726226,49.85546744,2,3
1481,Köhn? tikili,22,var,var,1,N?riman N?rimanov park?,N?riman N?rimanov m.,5365258,92000,vasit?çi (agent),Yoxdur,https://bina.az/items/5365258,40.40129826,49.87190675,4,4
1482,Yeni tikili,23,var,var,1,Filarmoniya ba??,Dövl?t ?dar?çilik Akademiyas?,5344359,77000,vasit?çi (agent),Yoxdur,https://bina.az/items/5344359,40.365334,49.83041868,1,3
1483,Köhn? tikili,23,yoxdur,var,1,?ç?ri ??h?r m.,Filarmoniya ba??,5345682,77000,vasit?çi (agent),Yoxdur,https://bina.az/items/5345682,40.3659533,49.83158112,1,3
1484,Yeni tikili,23,var,var,1,Q?? park?,Be?m?rt?b?,5349608,75000,mülkiyy?tçi,Yoxdur,https://bina.az/items/5349608,40.37809105,49.83676019,1,2
1485,Yeni tikili,24,var,var,1,Nizami m.,Be?m?rt?b?,5199607,72000,vasit?çi (agent),var,https://bina.az/items/5199607,40.37924381,49.82977867,2,3
1486,Köhn? tikili,25,var,var,1,Bin?q?di r.,7-ci mikrorayon q.,4694894,77000,vasit?çi (agent),Yoxdur,https://bina.az/items/4694894,40.4301447,49.8531172,1,9
1487,Köhn? tikili,25,var,var,1,M?rk?zi Univermaq,F?vvar?l?r meydan?,5104153,105000,vasit?çi (agent),Yoxdur,https://bina.az/items/5104153,40.37223498,49.8358674,3,3
1488,Köhn? tikili,25,var,var,1,Q?? park?,Be?m?rt?b?,5307150,78500,vasit?çi (agent),Yoxdur,https://bina.az/items/5307150,40.37862922,49.83659463,1,2
1489,Köhn? tikili,25,var,var,1,Be?m?rt?b?,M?rk?zi Univermaq,5317289,73500,vasit?çi (agent),Yoxdur,https://bina.az/items/5317289,40.37422083,49.83440665,1,3
1490,Köhn? tikili,25,var,var,1,?ç?ri ??h?r m.,Filarmoniya ba??,5341051,75000,vasit?çi (agent),Yoxdur,https://bina.az/items/5341051,40.36596965,49.83158112,1,3
1491,Köhn? tikili,25,var,yoxdur,1,Nizami m.,Yasamal r.,5348302,75000,mülkiyy?tçi,Yoxdur,https://bina.az/items/5348302,40.38154226,49.82988885,2,3
1492,Köhn? tikili,25,var,var,1,F?vvar?l?r meydan?,Az?rbaycan kinoteatr?,5356686,72000,vasit?çi (agent),Yoxdur,https://bina.az/items/5356686,40.37073019,49.83808974,1,3
1493,Köhn? tikili,25,var,var,1,Sahil m.,Xalça Muzeyi,5363879,110000,mülkiyy?tçi,Yoxdur,https://bina.az/items/5363879,40.37112827,49.84206801,1,3
1494,Köhn? tikili,25,var,var,1,Bak? Slavyan Universiteti,28 May m.,5365579,94000,vasit?çi (agent),var,https://bina.az/items/5365579,40.38206997,49.84592872,1,2
1495,Köhn? tikili,25,var,var,1,Filarmoniya ba??,Dövl?t ?dar?çilik Akademiyas?,5369327,73000,vasit?çi (agent),Yoxdur,https://bina.az/items/5369327,40.365448,49.83064031,1,3
1496,Köhn? tikili,26,var,var,1,N?rimanov heyk?li,Axundov ba??,5288248,122000,vasit?çi (agent),Yoxdur,https://bina.az/items/5288248,40.36711439,49.82686673,2,3
1497,Köhn? tikili,26,var,var,1,Axundov ba??,Prezident park?,5288959,120000,vasit?çi (agent),Yoxdur,https://bina.az/items/5288959,40.3668171,49.82739215,2,3
1498,Köhn? tikili,27,var,var,2,Xalça Muzeyi,Sahil m.,5235448,115000,vasit?çi (agent),Yoxdur,https://bina.az/items/5235448,40.37118271,49.84105528,1,3
1499,Köhn? tikili,27,var,var,1,M?rk?zi Univermaq,Be?m?rt?b?,5304603,120000,vasit?çi (agent),var,https://bina.az/items/5304603,40.37322977,49.83505924,1,2
1500,Köhn? tikili,27,var,var,1,Milli Konservatoriya,Bak? Musiqi Akademiyas?,5320615,85000,vasit?çi (agent),Yoxdur,https://bina.az/items/5320615,40.37696966,49.84614311,2,3
1501,Yeni tikili,27,var,var,1,20 Yanvar m.,Yasamal r.,5334644,109000,vasit?çi (agent),Yoxdur,https://bina.az/items/5334644,40.39778565,49.80834246,9,20
1502,Köhn? tikili,27,var,yoxdur,2,?n?aatç?lar m.,Yasamal r.,5366798,96000,mülkiyy?tçi,Yoxdur,https://bina.az/items/5366798,40.39026934,49.80186858,5,5
1503,Köhn? tikili,28,var,var,1,S?m?d Vur?un park?,Port Baku,5247973,89000,vasit?çi (agent),Yoxdur,https://bina.az/items/5247973,40.37733848,49.85544814,2,3
1504,Köhn? tikili,28,var,var,1,Az?rbaycan Dövl?t Neft v? S?naye Universiteti,28 May m.,5263937,107000,vasit?çi (agent),Yoxdur,https://bina.az/items/5263937,40.38020596,49.8456807,2,2
1505,Köhn? tikili,28,var,yoxdur,1,N?riman N?rimanov m.,N?riman N?rimanov park?,5307231,94000,vasit?çi (agent),Yoxdur,https://bina.az/items/5307231,40.40215545,49.86966286,2,5
1506,Köhn? tikili,28,var,var,1,Memar ?c?mi m.,N?simi r.,5327502,98000,vasit?çi (agent),Yoxdur,https://bina.az/items/5327502,40.41640571,49.81335736,2,5
1507,Köhn? tikili,29,var,var,1,M.Hüseynzad? park?,Sevil Qaz?yeva park?,5307735,135000,mülkiyy?tçi,Yoxdur,https://bina.az/items/5307735,40.3877737,49.82860836,2,6
1508,Köhn? tikili,29,var,var,1,ASAN Xidm?t ?3,Yasamal bazar?,5315071,120000,mülkiyy?tçi,Yoxdur,https://bina.az/items/5315071,40.379828,49.808782,4,4
1509,Yeni tikili,29,var,Yoxdur,1,20 Yanvar m.,Yasamal r.,5319814,108000,vasit?çi (agent),Yoxdur,https://bina.az/items/5319814,40.40280031,49.80743616,5,16
1510,Köhn? tikili,29,var,var,2,Memar ?c?mi m.,20 Yanvar m.,5320587,102000,mülkiyy?tçi,var,https://bina.az/items/5320587,40.40994324,49.80964799,5,5
1511,Köhn? tikili,29,var,yoxdur,1,Neftçil?r m.,Qara Qarayev m.,5340614,100000,mülkiyy?tçi,Yoxdur,https://bina.az/items/5340614,40.4107382,49.9384708,1,5
1512,Köhn? tikili,29,var,var,2,Memar ?c?mi m.,20 Yanvar m.,5347278,125000,mülkiyy?tçi,Yoxdur,https://bina.az/items/5347278,40.41062058,49.81359959,1,5
1513,Köhn? tikili,29,var,var,1,Qara Qarayev m.,Nizami r.,5368486,125000,vasit?çi (agent),Yoxdur,https://bina.az/items/5368486,40.41771013,49.9341422,2,5
1514,Köhn? tikili,29,var,var,2,Memar ?c?mi m.,20 Yanvar m.,5357872,104000,vasit?çi (agent),Yoxdur,https://bina.az/items/5357872,40.40974649,49.80804569,5,5
1515,Köhn? tikili,29,var,var,2,Yasamal bazar?,ASAN Xidm?t ?3,5163073,125000,mülkiyy?tçi,Yoxdur,https://bina.az/items/5163073,40.38139549,49.80753719,3,5
1516,Köhn? tikili,29,var,var,1,Qara Qarayev m.,Nizami r.,5295448,98500,vasit?çi (agent),Yoxdur,https://bina.az/items/5295448,40.41162757,49.93142335,1,5
1517,Köhn? tikili,30,var,var,1,Elml?r Akademiyas? m.,Yasamal r.,4593447,109000,vasit?çi (agent),Yoxdur,https://bina.az/items/4593447,40.37783703,49.81105494,4,5
1518,Köhn? tikili,30,var,var,2,Bin?q?di r.,7-ci mikrorayon q.,4773088,75000,vasit?çi (agent),Yoxdur,https://bina.az/items/4773088,40.43268043,49.85246006,1,9
1519,Köhn? tikili,30,var,var,1,Memar ?c?mi m.,N?simi r.,4793398,115000,vasit?çi (agent),Yoxdur,https://bina.az/items/4793398,40.41643361,49.80781776,2,5
1520,Köhn? tikili,30,var,var,1,Rusiya s?firliyi,Park Zorge,4809388,135000,vasit?çi (agent),Yoxdur,https://bina.az/items/4809388,40.38793764,49.8366635,2,5
1521,Köhn? tikili,30,var,Yoxdur,1,Qara Qarayev m.,Nizami r.,5068436,110000,vasit?çi (agent),Yoxdur,https://bina.az/items/5068436,40.41955105,49.92528646,3,5
1522,Köhn? tikili,30,var,var,1,Neftçi bazas?,N?rimanov r.,5099634,120000,mülkiyy?tçi,Yoxdur,https://bina.az/items/5099634,40.40436817,49.83584713,1,5
1523,Yeni tikili,30,var,var,1,20 Yanvar m.,Yasamal r.,5164727,103000,vasit?çi (agent),var,https://bina.az/items/5164727,40.39779382,49.80834246,5,20
1524,Köhn? tikili,30,var,var,1,Q?? park?,Nizami kinoteatr?,5170596,120000,vasit?çi (agent),Yoxdur,https://bina.az/items/5170596,40.37413792,49.83827487,1,1
1525,Köhn? tikili,30,var,var,1,N?riman N?rimanov m.,Bakmil m.,5174626,126000,mülkiyy?tçi,var,https://bina.az/items/5174626,40.41068593,49.86953974,4,5
1526,Köhn? tikili,30,var,var,1,?n?aatç?lar m.,Yasamal r.,5176215,103000,vasit?çi (agent),Yoxdur,https://bina.az/items/5176215,40.38680003,49.80783657,3,5
1527,Yeni tikili,30,var,var,1,20 Yanvar m.,Yasamal r.,5177419,105000,vasit?çi (agent),Yoxdur,https://bina.az/items/5177419,40.39781016,49.808321,14,20
1528,Yeni tikili,30,var,var,1,20 Yanvar m.,Yasamal r.,5183249,106000,vasit?çi (agent),var,https://bina.az/items/5183249,40.40086882,49.80742567,5,16
1529,Köhn? tikili,30,var,var,1,Yasamal r.,Elml?r Akademiyas? m.,5189719,106000,vasit?çi (agent),Yoxdur,https://bina.az/items/5189719,40.38415633,49.81462695,4,5
1530,Köhn? tikili,30,var,var,1,?n?aatç?lar m.,Yasamal r.,5189741,107000,vasit?çi (agent),Yoxdur,https://bina.az/items/5189741,40.38981059,49.8067975,3,5
1531,Yeni tikili,30,var,var,1,20 Yanvar m.,?n?aatç?lar m.,5196175,103000,vasit?çi (agent),var,https://bina.az/items/5196175,40.39743929,49.80613929,5,20
1532,Köhn? tikili,30,var,var,1,Prezident park?,??lal? park?,5204218,130000,vasit?çi (agent),Yoxdur,https://bina.az/items/5204218,40.36513941,49.82750749,3,3
1533,Köhn? tikili,30,var,yoxdur,1,Memar ?c?mi m.,N?simi r.,5207696,103000,vasit?çi (agent),Yoxdur,https://bina.az/items/5207696,40.41722107,49.81359508,3,5
1534,Köhn? tikili,30,var,var,1,Memar ?c?mi m.,N?simi r.,5231801,110000,vasit?çi (agent),Yoxdur,https://bina.az/items/5231801,40.4136237,49.8112751,4,5
1535,Köhn? tikili,30,var,var,2,Memar ?c?mi m.,N?simi r.,5237697,95000,vasit?çi (agent),Yoxdur,https://bina.az/items/5237697,40.41437522,49.81968148,5,5
1536,Köhn? tikili,30,var,var,1,Memar ?c?mi m.,N?simi r.,5245499,105000,vasit?çi (agent),Yoxdur,https://bina.az/items/5245499,40.4136237,49.8112751,1,5
1537,Köhn? tikili,30,var,var,1,Elml?r Akademiyas? m.,Yasamal r.,5253243,82500,vasit?çi (agent),Yoxdur,https://bina.az/items/5253243,40.37863157,49.81142536,5,5
1538,Köhn? tikili,30,var,var,1,N?riman N?rimanov m.,N?rimanov r.,5253969,125000,vasit?çi (agent),Yoxdur,https://bina.az/items/5253969,40.4089166,49.8639996,1,5
1539,Köhn? tikili,30,var,var,2,?n?aatç?lar m.,Yasamal r.,5265572,96000,vasit?çi (agent),Yoxdur,https://bina.az/items/5265572,40.39029169,49.80363058,5,5
1540,Köhn? tikili,30,var,var,2,?n?aatç?lar m.,Yasamal r.,5287248,109000,vasit?çi (agent),Yoxdur,https://bina.az/items/5287248,40.38980085,49.80291501,2,5
1541,Köhn? tikili,30,var,var,2,?n?aatç?lar m.,Yasamal r.,5288177,107000,vasit?çi (agent),Yoxdur,https://bina.az/items/5288177,40.38542094,49.80582928,4,5
1542,Köhn? tikili,30,var,var,2,M?rk?zi Univermaq,M.?.Sabir park?,5294728,114000,vasit?çi (agent),Yoxdur,https://bina.az/items/5294728,40.37205313,49.83313238,1,2
1543,Köhn? tikili,30,var,var,1,Nizami kinoteatr?,Xaqani ba??,5302664,100000,vasit?çi (agent),Yoxdur,https://bina.az/items/5302664,40.37451123,49.84214462,2,2
1544,Köhn? tikili,30,var,var,2,G?nclik m.,Respublika stadionu,5304305,124000,vasit?çi (agent),Yoxdur,https://bina.az/items/5304305,40.4032305,49.85374283,3,5
1545,Köhn? tikili,30,var,var,1,20 Yanvar m.,Yasamal r.,5305592,103000,vasit?çi (agent),Yoxdur,https://bina.az/items/5305592,40.39905901,49.80551017,3,5
1546,Köhn? tikili,30,var,var,2,N?simi m.,Bin?q?di r.,5305710,89000,vasit?çi (agent),Yoxdur,https://bina.az/items/5305710,40.42487403,49.82785355,5,5
1547,Köhn? tikili,30,var,var,1,Dövl?t ?dar?çilik Akademiyas?,?ç?ri ??h?r m.,5307262,77000,vasit?çi (agent),var,https://bina.az/items/5307262,40.36612841,49.83095036,1,4
1548,Köhn? tikili,30,var,var,1,Neftçil?r m.,Nizami r.,5308134,84500,vasit?çi (agent),var,https://bina.az/items/5308134,40.41285927,49.9488887,5,5
1549,Köhn? tikili,30,var,yoxdur,1,Yasamal r.,Yasamal q.,5308237,106000,vasit?çi (agent),Yoxdur,https://bina.az/items/5308237,40.38624912,49.81532444,4,5
1550,Köhn? tikili,30,yoxdur,var,1,Memar ?c?mi m.,20 Yanvar m.,5308977,108000,mülkiyy?tçi,Yoxdur,https://bina.az/items/5308977,40.40919328,49.80925022,1,5
1551,Yeni tikili,30,var,var,1,20 Yanvar m.,?n?aatç?lar m.,5309566,115000,vasit?çi (agent),var,https://bina.az/items/5309566,40.39727989,49.80613028,4,17
1552,Yeni tikili,30,var,var,1,?n?aatç?lar m.,20 Yanvar m.,5309613,115000,vasit?çi (agent),var,https://bina.az/items/5309613,40.39492112,49.80693506,4,16
1553,Yeni tikili,30,var,var,1,20 Yanvar m.,Yasamal r.,5309703,115000,vasit?çi (agent),Yoxdur,https://bina.az/items/5309703,40.39779382,49.80834246,4,17
1554,Yeni tikili,30,var,var,1,20 Yanvar m.,?n?aatç?lar m.,5309722,115000,vasit?çi (agent),var,https://bina.az/items/5309722,40.39760697,49.80618178,4,17
1555,Yeni tikili,30,var,var,1,20 Yanvar m.,?n?aatç?lar m.,5309877,115000,vasit?çi (agent),Yoxdur,https://bina.az/items/5309877,40.39665646,49.80884916,4,17
1556,Yeni tikili,30,var,var,1,20 Yanvar m.,Yasamal r.,5310922,115000,vasit?çi (agent),Yoxdur,https://bina.az/items/5310922,40.40229163,49.80684159,18,20
1557,Yeni tikili,30,var,var,1,20 Yanvar m.,Yasamal r.,5310964,115000,vasit?çi (agent),var,https://bina.az/items/5310964,40.39797357,49.80737686,4,17
1558,Köhn? tikili,30,var,var,2,Ke?l? bazar?,Nizami r.,5311770,114000,mülkiyy?tçi,var,https://bina.az/items/5311770,40.39592272,49.89302206,1,5
1559,Köhn? tikili,30,var,var,2,?n?aatç?lar m.,Yasamal r.,5312498,97000,mülkiyy?tçi,Yoxdur,https://bina.az/items/5312498,40.39000564,49.80023497,5,5
1560,Köhn? tikili,30,var,var,1,?n?aatç?lar m.,Yasamal r.,5313538,103000,vasit?çi (agent),Yoxdur,https://bina.az/items/5313538,40.38887972,49.80743213,3,5
1561,Köhn? tikili,30,yoxdur,yoxdur,1,N?riman N?rimanov m.,N?rimanov r.,5314014,118000,mülkiyy?tçi,Yoxdur,https://bina.az/items/5314014,40.40522874,49.86768365,5,5
1562,Yeni tikili,50,var,var,2,Azadl?q Prospekti m.,D?rn?gül m.,5249123,146500,vasit?çi (agent),var,https://bina.az/items/5249123,40.42570184,49.85225889,10,10
1563,Yeni tikili,63,yoxdur,var,2,Neftçil?r m.,Nizami r.,5158709,165000,mülkiyy?tçi,Yoxdur,https://bina.az/items/5158709,40.41466192,49.95021021,4,14
1564,Yeni tikili,55,yoxdur,yoxdur,2,Az?rbaycan turizm institutu,G?nclik m.,5358345,180000,vasit?çi (agent),Yoxdur,https://bina.az/items/5358345,40.39767465,49.86271214,7,17
1565,Yeni tikili,62,var,var,2,H?zi Aslanov m.,X?tai r.,5272746,175000,mülkiyy?tçi,var,https://bina.az/items/5272746,40.37146335,49.95718825,13,17
1566,Yeni tikili,95,var,var,2,Yasamal r.,Yeni Yasamal q.,5376969,169000,vasit?çi (agent),Yoxdur,https://bina.az/items/5376969,40.39021042,49.78811507,3,16
1567,Köhn? tikili,68,var,var,3,H?zi Aslanov m.,X?tai r.,5174422,169000,vasit?çi (agent),Yoxdur,https://bina.az/items/5174422,40.36763031,49.95501721,6,9
1568,Yeni tikili,62,yoxdur,var,2,Neftçil?r m.,Nizami r.,5317232,159000,mülkiyy?tçi,Yoxdur,https://bina.az/items/5317232,40.41454328,49.95024011,11,14
1569,Yeni tikili,70,var,var,2,ASAN Xidm?t ?3,Elml?r Akademiyas? m.,5295898,185000,vasit?çi (agent),var,https://bina.az/items/5295898,40.37719135,49.80755734,5,16
1570,Köhn? tikili,80,var,var,3,Elml?r Akademiyas? m.,Yasamal r.,5376968,182000,vasit?çi (agent),Yoxdur,https://bina.az/items/5376968,40.37804823,49.8136328,5,5
1571,Yeni tikili,62,var,var,2,Memar ?c?mi m.,Bin?q?di r.,4051082,138000,vasit?çi (agent),Yoxdur,https://bina.az/items/4051082,40.41683327,49.80850086,5,18
1572,Yeni tikili,80,var,var,2,H?zi Aslanov m.,X?tai r.,5366630,173000,mülkiyy?tçi,var,https://bina.az/items/5366630,40.3711231,49.95600004,17,18
1573,Köhn? tikili,60,var,var,2,H?zi Aslanov m.,X?tai r.,5141356,136000,vasit?çi (agent),var,https://bina.az/items/5141356,40.37414179,49.96518029,6,9
1574,Yeni tikili,88,var,var,3,['X?tai r.'],Yoxdur,5156286,169000,vasit?çi (agent),Yoxdur,https://bina.az/items/5156286,40.37314774,49.94050974,3,16
1575,Köhn? tikili,50,var,var,2,Az?rbaycan turizm institutu,Respublika stadionu,5376199,156000,vasit?çi (agent),var,https://bina.az/items/5376199,40.39983977,49.858288,1,9
1576,Yeni tikili,114,yoxdur,yoxdur,3,Avtova?zal m.,Bin?q?di r.,5376960,185000,vasit?çi (agent),Yoxdur,https://bina.az/items/5376960,40.42158335,49.79519036,13,16
1577,Köhn? tikili,70,var,var,3,N?riman N?rimanov park?,N?riman N?rimanov m.,5078971,190000,vasit?çi (agent),Yoxdur,https://bina.az/items/5078971,40.40062924,49.87445374,5,5
1578,Köhn? tikili,60,var,var,2,Xalqlar Dostlu?u m.,Nizami r.,5174222,142000,vasit?çi (agent),var,https://bina.az/items/5174222,40.39656329,49.95165654,7,9
1579,Yeni tikili,79,var,yoxdur,2,Neapol dair?si,?hm?dli m.,5376956,133000,vasit?çi (agent),Yoxdur,https://bina.az/items/5376956,40.38637015,49.96468177,14,17
1580,Yeni tikili,101,var,var,3,Yasamal r.,Yeni Yasamal q.,4473123,175000,vasit?çi (agent),Yoxdur,https://bina.az/items/4473123,40.38971455,49.78797142,10,20
1581,Köhn? tikili,66,var,var,3,Azadl?q Prospekti m.,Bin?q?di r.,5364988,170000,vasit?çi (agent),var,https://bina.az/items/5364988,40.42458875,49.83842137,1,9
1582,Yeni tikili,48,yoxdur,yoxdur,1,Sabunçu r.,Nardaran q.,5325504,190000,mülkiyy?tçi,Yoxdur,https://bina.az/items/5325504,40.58671587,49.95735333,4,7
1583,Yeni tikili,56,yoxdur,var,2,ASAN Xidm?t ?3,Yasamal bazar?,5097430,183000,mülkiyy?tçi,Yoxdur,https://bina.az/items/5097430,40.379828,49.808782,11,12
1584,Yeni tikili,95,var,var,2,['Nizami r.'],Yoxdur,5373237,185000,vasit?çi (agent),var,https://bina.az/items/5373237,40.40888379,49.9578187,5,18
1585,Köhn? tikili,60,var,var,2,??lal? park?,Prezident park?,4677766,155000,vasit?çi (agent),Yoxdur,https://bina.az/items/4677766,40.36203585,49.82809783,2,5
1586,Yeni tikili,70,var,var,2,Xalqlar Dostlu?u m.,Nizami r.,5371747,149000,vasit?çi (agent),var,https://bina.az/items/5371747,40.39546644,49.9539022,10,16
1587,Yeni tikili,76,var,var,3,Suraxan? r.,Qaraçuxur q.,5369205,155000,mülkiyy?tçi,var,https://bina.az/items/5369205,40.39261617,49.98689481,2,4
1588,Köhn? tikili,60,var,var,2,?zmir park?,M.Hüseynzad? park?,5376945,175000,vasit?çi (agent),Yoxdur,https://bina.az/items/5376945,40.38634888,49.82444691,6,8
1589,Köhn? tikili,75,var,var,3,Yasamal bazar?,?n?aatç?lar m.,5259194,162000,vasit?çi (agent),Yoxdur,https://bina.az/items/5259194,40.38470925,49.80630559,5,5
1590,Yeni tikili,50,var,var,2,H?zi Aslanov m.,X?tai r.,5376941,150000,vasit?çi (agent),Yoxdur,https://bina.az/items/5376941,40.37053057,49.9551581,7,16
1591,Yeni tikili,75,var,var,2,H?zi Aslanov m.,X?tai r.,4972197,165000,vasit?çi (agent),var,https://bina.az/items/4972197,40.37328543,49.95346152,14,17
1592,Yeni tikili,55,var,var,2,Melissa Park,20 Yanvar m.,5373247,150000,vasit?çi (agent),var,https://bina.az/items/5373247,40.39845302,49.80861034,2,20
1593,Köhn? tikili,68,var,var,3,Montin bazar?,N?riman N?rimanov m.,5376932,190000,mülkiyy?tçi,Yoxdur,https://bina.az/items/5376932,40.39777223,49.87845133,5,5
1594,Yeni tikili,100,var,var,3,?n?aatç?lar m.,Yasamal r.,5247926,189000,vasit?çi (agent),var,https://bina.az/items/5247926,40.39368444,49.79425405,3,18
1595,Yeni tikili,48,var,var,2,20 Yanvar m.,Yasamal r.,5338648,139000,vasit?çi (agent),var,https://bina.az/items/5338648,40.39779382,49.80834246,8,20
1596,Köhn? tikili,65,var,var,2,Yasamal r.,Yeni Yasamal q.,5368171,145000,vasit?çi (agent),var,https://bina.az/items/5368171,40.3920389,49.7902684,4,9
1597,Köhn? tikili,50,var,var,2,?n?aatç?lar m.,Yasamal r.,5368479,143000,vasit?çi (agent),Yoxdur,https://bina.az/items/5368479,40.39002697,49.80277385,2,5
1598,Yeni tikili,82,yoxdur,yoxdur,2,H?zi Aslanov m.,X?tai r.,5101723,159900,mülkiyy?tçi,Yoxdur,https://bina.az/items/5101723,40.37138529,49.96291401,11,14
1599,Köhn? tikili,75,var,var,3,Neftçil?r m.,Nizami r.,5376918,155000,vasit?çi (agent),var,https://bina.az/items/5376918,40.41035709,49.94313067,4,5
1600,Köhn? tikili,55,var,var,2,?n?aatç?lar m.,Yasamal r.,5337767,148000,mülkiyy?tçi,Yoxdur,https://bina.az/items/5337767,40.39028846,49.80268802,2,5
1601,Yeni tikili,99,yoxdur,yoxdur,3,Qara Qarayev m.,Neftçil?r m.,5314237,167500,mülkiyy?tçi,Yoxdur,https://bina.az/items/5314237,40.41203654,49.93555203,7,16
1602,Köhn? tikili,40,var,var,2,?n?aatç?lar m.,Yasamal r.,5328963,135000,vasit?çi (agent),var,https://bina.az/items/5328963,40.39440216,49.80208871,5,9
1603,Köhn? tikili,60,var,var,2,Park Zorge,N?simi bazar?,5288417,185000,vasit?çi (agent),var,https://bina.az/items/5288417,40.39344618,49.83507333,4,4
1604,Yeni tikili,97,var,var,3,?n?aatç?lar m.,Yasamal r.,5332267,175000,vasit?çi (agent),Yoxdur,https://bina.az/items/5332267,40.3959799,49.79664803,8,16
1605,Köhn? tikili,65,var,var,3,ASAN Xidm?t ?3,Yasamal bazar?,5368235,170000,vasit?çi (agent),Yoxdur,https://bina.az/items/5368235,40.38001108,49.80776325,4,5
1606,Köhn? tikili,80,var,var,3,H?zi Aslanov m.,X?tai r.,5376905,185000,vasit?çi (agent),Yoxdur,https://bina.az/items/5376905,40.36672956,49.94846331,7,9
1607,Köhn? tikili,80,var,Yoxdur,3,H?zi Aslanov m.,X?tai r.,5355603,168000,vasit?çi (agent),var,https://bina.az/items/5355603,40.36567541,49.95504557,6,9
1608,Köhn? tikili,85,var,var,3,X?tai r.,?hm?dli q.,5359719,175000,mülkiyy?tçi,var,https://bina.az/items/5359719,40.36307548,49.96202455,4,9
1609,Yeni tikili,123,yoxdur,var,3,Yasamal r.,Yeni Yasamal q.,5367446,145000,vasit?çi (agent),Yoxdur,https://bina.az/items/5367446,40.39609613,49.78815213,16,16
1610,Köhn? tikili,80,var,var,3,Xalqlar Dostlu?u m.,Nizami r.,5344500,172000,vasit?çi (agent),var,https://bina.az/items/5344500,40.40227886,49.95381723,9,9
1611,Yeni tikili,52,var,var,3,Dövl?t Statistika Komit?si,M?rk?zi Park,5346929,165000,mülkiyy?tçi,Yoxdur,https://bina.az/items/5346929,40.38386136,49.82220954,5,5
1612,Yeni tikili,32,var,var,1,?ah ?smay?l X?tai m.,ASAN Xidm?t ?2,5376887,134000,vasit?çi (agent),var,https://bina.az/items/5376887,40.37961944,49.87344729,4,4
1613,Köhn? tikili,50,var,var,2,['N?rimanov r.'],Yoxdur,5214869,159000,vasit?çi (agent),Yoxdur,https://bina.az/items/5214869,40.41099274,49.8385595,2,5
1614,Köhn? tikili,55,var,var,2,Neftçil?r m.,Xalqlar Dostlu?u m.,5376886,135000,vasit?çi (agent),Yoxdur,https://bina.az/items/5376886,40.40458966,49.94600517,2,5
1615,Köhn? tikili,70,var,var,2,Azadl?q Prospekti m.,Bin?q?di r.,5334787,159000,vasit?çi (agent),var,https://bina.az/items/5334787,40.42925835,49.84961345,1,9
1616,Köhn? tikili,70,var,var,3,?ah ?smay?l X?tai m.,X?tai r.,5376742,180000,vasit?çi (agent),var,https://bina.az/items/5376742,40.38308688,49.87186281,6,9
1617,Yeni tikili,90,var,var,2,['X?tai r.'],Yoxdur,5263784,160000,vasit?çi (agent),var,https://bina.az/items/5263784,40.38288852,49.92700563,16,18
1618,Yeni tikili,70,var,var,2,?n?aatç?lar m.,Yasamal r.,5365929,182000,vasit?çi (agent),Yoxdur,https://bina.az/items/5365929,40.394,49.795,15,20
1619,Köhn? tikili,55,var,var,2,Montin bazar?,N?riman N?rimanov m.,5371926,140000,vasit?çi (agent),var,https://bina.az/items/5371926,40.39708023,49.8783977,4,5
1620,Yeni tikili,67,var,var,2,Bin?q?di r.,9-cu mikrorayon q.,5367750,159000,vasit?çi (agent),var,https://bina.az/items/5367750,40.42455528,49.81266869,9,19
1621,Yeni tikili,50,var,var,2,Melissa Park,20 Yanvar m.,5376878,158000,vasit?çi (agent),var,https://bina.az/items/5376878,40.3965184,49.80930763,2,20
1622,Köhn? tikili,49,var,var,3,Yasamal bazar?,ASAN Xidm?t ?3,4728809,155000,vasit?çi (agent),Yoxdur,https://bina.az/items/4728809,40.38232161,49.80359913,5,9
1623,Köhn? tikili,65,var,var,3,S?bail r.,Badamdar q.,5116226,186000,vasit?çi (agent),var,https://bina.az/items/5116226,40.3376426,49.80598738,2,9
1624,Köhn? tikili,81,var,var,3,H?zi Aslanov m.,X?tai r.,5376869,185000,vasit?çi (agent),var,https://bina.az/items/5376869,40.3754061,49.95851059,2,9
1625,Yeni tikili,46,yoxdur,var,2,N?riman N?rimanov m.,N?riman N?rimanov park?,5243149,172000,vasit?çi (agent),Yoxdur,https://bina.az/items/5243149,40.40552401,49.87291746,9,16
1626,Yeni tikili,48,var,var,2,20 Yanvar m.,?n?aatç?lar m.,5186908,165000,vasit?çi (agent),Yoxdur,https://bina.az/items/5186908,40.39767378,49.80598797,7,20
1627,Yeni tikili,53,var,var,2,H?zi Aslanov m.,X?tai r.,5230132,150000,vasit?çi (agent),var,https://bina.az/items/5230132,40.37112886,49.95617825,7,18
1628,Köhn? tikili,48,var,var,2,Azadl?q Prospekti m.,Bin?q?di r.,5338110,145000,vasit?çi (agent),var,https://bina.az/items/5338110,40.4209144,49.8427795,7,9
1629,Köhn? tikili,85,var,var,3,Xalqlar Dostlu?u m.,Nizami r.,5301030,172000,vasit?çi (agent),var,https://bina.az/items/5301030,40.40079326,49.95328193,7,9
1630,Yeni tikili,39,yoxdur,yoxdur,1,Sabunçu r.,Nardaran q.,5376852,157000,vasit?çi (agent),Yoxdur,https://bina.az/items/5376852,40.58990106,49.96308181,7,18
1631,Yeni tikili,52,var,var,2,?n?aatç?lar m.,Yasamal r.,5350274,146900,vasit?çi (agent),Yoxdur,https://bina.az/items/5350274,40.39379164,49.79445819,8,19
1632,Yeni tikili,63,yoxdur,var,2,Dövl?t Statistika Komit?si,?nc?s?n?t v? M?d?niyy?t Un.,5376851,185000,vasit?çi (agent),Yoxdur,https://bina.az/items/5376851,40.3828949,49.82108798,10,12
1633,Yeni tikili,65,var,var,2,H?zi Aslanov m.,X?tai r.,5376847,170000,mülkiyy?tçi,Yoxdur,https://bina.az/items/5376847,40.37201473,49.95242493,4,17
1634,Yeni tikili,63,var,var,2,?n?aatç?lar m.,Yasamal r.,5376845,135000,vasit?çi (agent),var,https://bina.az/items/5376845,40.39033302,49.79398415,9,12
1635,Köhn? tikili,60,var,var,2,Yasamal bazar?,?n?aatç?lar m.,5376842,148000,vasit?çi (agent),Yoxdur,https://bina.az/items/5376842,40.38416832,49.80372905,4,5
1636,Köhn? tikili,60,var,var,2,Memar ?c?mi m.,N?simi r.,5376835,140000,vasit?çi (agent),Yoxdur,https://bina.az/items/5376835,40.4144079,49.80758438,1,5
1637,Köhn? tikili,50,var,var,2,N?simi m.,Bin?q?di r.,5355014,141000,vasit?çi (agent),Yoxdur,https://bina.az/items/5355014,40.4201041,49.8254181,2,5
1638,Yeni tikili,82,var,var,3,H?zi Aslanov m.,X?tai r.,5341804,172000,vasit?çi (agent),var,https://bina.az/items/5341804,40.37087537,49.95187556,3,17
1639,Köhn? tikili,45,var,var,2,ASAN Xidm?t ?3,Yasamal bazar?,5219292,149000,vasit?çi (agent),Yoxdur,https://bina.az/items/5219292,40.37970762,49.80670019,3,5
1640,Yeni tikili,63,var,var,2,Memar ?c?mi m.,Bin?q?di r.,5147474,155000,vasit?çi (agent),Yoxdur,https://bina.az/items/5147474,40.41875654,49.81031656,16,19
1641,Yeni tikili,58,var,var,2,Yasamal bazar?,ASAN Xidm?t ?3,5295404,147000,vasit?çi (agent),Yoxdur,https://bina.az/items/5295404,40.38041061,49.8067401,9,9
1642,Köhn? tikili,85,var,var,3,['X?tai r.'],Yoxdur,5376821,143000,vasit?çi (agent),Yoxdur,https://bina.az/items/5376821,40.36859599,49.96405059,1,9
1643,Köhn? tikili,80,var,var,3,H?zi Aslanov m.,X?tai r.,5344265,185000,vasit?çi (agent),Yoxdur,https://bina.az/items/5344265,40.36380656,49.94957323,7,9
1644,Yeni tikili,51,yoxdur,var,2,Qara Qarayev m.,Nizami r.,5302127,170000,vasit?çi (agent),Yoxdur,https://bina.az/items/5302127,40.41761299,49.93414879,6,12
1645,Köhn? tikili,130,var,var,3,ASAN Xidm?t ?3,Yasamal bazar?,5355700,178000,vasit?çi (agent),Yoxdur,https://bina.az/items/5355700,40.37923955,49.80650749,1,5
1646,Köhn? tikili,80,var,var,3,Memar ?c?mi m.,20 Yanvar m.,4540308,160000,vasit?çi (agent),Yoxdur,https://bina.az/items/4540308,40.41046108,49.81488639,4,5
1647,Yeni tikili,103,var,var,2,Yasamal r.,Yeni Yasamal q.,5368411,160000,mülkiyy?tçi,var,https://bina.az/items/5368411,40.38918116,49.79025461,10,12
1648,Köhn? tikili,68,var,var,3,Yasamal bazar?,?n?aatç?lar m.,5221947,170000,vasit?çi (agent),Yoxdur,https://bina.az/items/5221947,40.38432307,49.80343311,4,5
1649,Yeni tikili,55,var,var,2,??rq bazar?,28 May m.,5376797,186000,vasit?çi (agent),Yoxdur,https://bina.az/items/5376797,40.38601298,49.85336073,4,17
1650,Köhn? tikili,70,var,var,3,X?tai r.,?hm?dli q.,5373452,185000,mülkiyy?tçi,Yoxdur,https://bina.az/items/5373452,40.37705617,49.96787825,2,9
1651,Yeni tikili,88,var,var,3,Bin?q?di r.,8-ci mikrorayon q.,5351304,175000,vasit?çi (agent),Yoxdur,https://bina.az/items/5351304,40.4161454,49.84173655,2,19
1652,Köhn? tikili,65,var,var,3,Xalqlar Dostlu?u m.,Nizami r.,5376794,155000,vasit?çi (agent),var,https://bina.az/items/5376794,40.40359557,49.95900545,9,9
1653,Köhn? tikili,75,var,var,3,Neftçil?r m.,Qara Qarayev m.,5369077,173000,mülkiyy?tçi,Yoxdur,https://bina.az/items/5369077,40.41359405,49.94098644,9,9
1654,Köhn? tikili,100,var,var,4,?n?aatç?lar m.,Yasamal r.,4950779,190000,vasit?çi (agent),Yoxdur,https://bina.az/items/4950779,40.39174175,49.79853857,8,9
1655,Yeni tikili,80,yoxdur,var,2,['Yasamal r.'],Yoxdur,5347723,165000,vasit?çi (agent),Yoxdur,https://bina.az/items/5347723,40.4120182,49.80072096,12,21
1656,Yeni tikili,62,var,var,2,Memar ?c?mi m.,Bin?q?di r.,5376781,155000,vasit?çi (agent),var,https://bina.az/items/5376781,40.4178873,49.81681845,4,17
1657,Yeni tikili,72,var,var,3,['Yasamal r.'],Yoxdur,5228530,168000,vasit?çi (agent),Yoxdur,https://bina.az/items/5228530,40.38968397,49.78703293,8,17
1658,Yeni tikili,123,yoxdur,var,3,Yasamal r.,Yeni Yasamal q.,5333594,150000,vasit?çi (agent),Yoxdur,https://bina.az/items/5333594,40.35031661,49.79426578,16,16
1659,Yeni tikili,75,var,var,2,Azadl?q Prospekti m.,Bin?q?di r.,4933632,190000,vasit?çi (agent),var,https://bina.az/items/4933632,40.42078791,49.83714811,7,16
1660,Yeni tikili,54,var,var,2,?n?aatç?lar m.,Yasamal r.,5376772,138000,vasit?çi (agent),Yoxdur,https://bina.az/items/5376772,40.39403431,49.79782356,4,18
1661,Yeni tikili,80,var,var,3,Yasamal r.,Yeni Yasamal q.,5375365,182000,vasit?çi (agent),Yoxdur,https://bina.az/items/5375365,40.39099295,49.78899185,2,9
1662,Yeni tikili,83,var,var,3,Yasamal r.,Yeni Yasamal q.,5275094,170000,vasit?çi (agent),Yoxdur,https://bina.az/items/5275094,40.394,49.795,12,20
1663,Yeni tikili,50,var,var,2,20 Yanvar m.,Yasamal r.,5340363,149000,vasit?çi (agent),var,https://bina.az/items/5340363,40.39776931,49.80780602,7,17
1664,Köhn? tikili,58,var,var,2,Yasamal r.,Yeni Yasamal q.,5376764,147000,vasit?çi (agent),var,https://bina.az/items/5376764,40.39096783,49.7888796,2,9
1665,Yeni tikili,110,var,var,3,Ab?eron r.,Ceyranbatan q.,5326896,155000,mülkiyy?tçi,Yoxdur,https://bina.az/items/5326896,40.53960165,49.66695786,4,10
1666,Yeni tikili,80,var,var,3,Xalqlar Dostlu?u m.,Nizami r.,5354178,179000,vasit?çi (agent),var,https://bina.az/items/5354178,40.40084022,49.9515262,8,19
1667,Köhn? tikili,55,var,var,2,Memar ?c?mi m.,N?simi r.,5376758,130000,vasit?çi (agent),var,https://bina.az/items/5376758,40.4136237,49.8112751,2,5
1668,Yeni tikili,85,var,var,2,H?zi Aslanov m.,X?tai r.,5365429,185000,vasit?çi (agent),var,https://bina.az/items/5365429,40.37099419,49.95394239,6,17
1669,Yeni tikili,75,var,var,2,H?zi Aslanov m.,X?tai r.,5216873,175000,vasit?çi (agent),var,https://bina.az/items/5216873,40.3722801,49.94350433,10,16
1670,Yeni tikili,68,var,var,2,Yasamal r.,Yeni Yasamal q.,5376755,149000,vasit?çi (agent),Yoxdur,https://bina.az/items/5376755,40.38726102,49.78742947,16,18
1671,Köhn? tikili,60,var,var,2,Yasamal r.,Yeni Yasamal q.,5376756,147000,vasit?çi (agent),var,https://bina.az/items/5376756,40.39089844,49.78896356,2,9
1672,Köhn? tikili,90,var,var,3,Yasamal r.,Yeni Yasamal q.,5366541,182000,vasit?çi (agent),var,https://bina.az/items/5366541,40.39164251,49.79002519,2,9
1673,Yeni tikili,71,var,var,3,?n?aatç?lar m.,Yasamal bazar?,5376743,181000,vasit?çi (agent),Yoxdur,https://bina.az/items/5376743,40.38500123,49.80316009,17,17
1674,Yeni tikili,70,var,var,2,?n?aatç?lar m.,Yasamal r.,5283337,165000,vasit?çi (agent),var,https://bina.az/items/5283337,40.39385235,49.79501049,16,18
1675,Yeni tikili,53,var,var,2,X?tai r.,?hm?dli q.,4587297,139000,vasit?çi (agent),Yoxdur,https://bina.az/items/4587297,40.36086465,49.96107137,10,10
1676,Yeni tikili,75,var,var,2,X?tai r.,?hm?dli q.,4602659,153000,vasit?çi (agent),Yoxdur,https://bina.az/items/4602659,40.3611232,49.96101527,10,10
1677,Yeni tikili,80,var,var,2,X?tai r.,?hm?dli q.,4690221,156000,vasit?çi (agent),Yoxdur,https://bina.az/items/4690221,40.36075891,49.96114547,10,10
1678,Yeni tikili,65,var,var,2,?n?aatç?lar m.,Yasamal r.,5313161,165000,mülkiyy?tçi,Yoxdur,https://bina.az/items/5313161,40.39022559,49.80109295,4,9
1679,Yeni tikili,110,var,yoxdur,2,Neftçil?r m.,Xalqlar Dostlu?u m.,5376736,165000,vasit?çi (agent),var,https://bina.az/items/5376736,40.40531369,49.9504871,11,14
1680,Yeni tikili,76,yoxdur,yoxdur,2,Qara Qarayev m.,Nizami r.,5376734,190000,vasit?çi (agent),Yoxdur,https://bina.az/items/5376734,40.41728861,49.93101794,7,16
1681,Köhn? tikili,85,var,var,3,H?zi Aslanov m.,X?tai r.,5300945,180000,vasit?çi (agent),Yoxdur,https://bina.az/items/5300945,40.37717971,49.95985733,9,10
1682,Köhn? tikili,74,var,var,3,N?riman N?rimanov m.,Bakmil m.,5349541,167000,vasit?çi (agent),Yoxdur,https://bina.az/items/5349541,40.40906402,49.87325151,1,5
1683,Yeni tikili,120,var,var,3,H?zi Aslanov m.,X?tai r.,5347581,179000,vasit?çi (agent),Yoxdur,https://bina.az/items/5347581,40.373122,49.95364308,17,17
1684,Köhn? tikili,90,var,var,3,Xalqlar Dostlu?u m.,Nizami r.,5265548,171000,vasit?çi (agent),Yoxdur,https://bina.az/items/5265548,40.40303323,49.95502679,9,9
1685,Yeni tikili,65,var,var,2,Neftçil?r m.,Nizami r.,5277781,167000,vasit?çi (agent),Yoxdur,https://bina.az/items/5277781,40.40584367,49.93448812,5,17
1686,Köhn? tikili,85,var,var,3,?hm?dli m.,Xalqlar Dostlu?u m.,5253152,184500,vasit?çi (agent),Yoxdur,https://bina.az/items/5253152,40.39065373,49.95690869,8,9
1687,Yeni tikili,72,yoxdur,yoxdur,1,Yasamal r.,Yeni Yasamal q.,5133493,130000,vasit?çi (agent),Yoxdur,https://bina.az/items/5133493,40.39930777,49.7907943,5,16
1688,Yeni tikili,112,yoxdur,yoxdur,3,Yasamal r.,Yeni Yasamal q.,5001655,180000,vasit?çi (agent),Yoxdur,https://bina.az/items/5001655,40.38839109,49.78718941,13,13
1689,Köhn? tikili,80,var,var,3,Bak? Dövl?t Universiteti,Elml?r Akademiyas? m.,5348322,189000,vasit?çi (agent),var,https://bina.az/items/5348322,40.37552771,49.80986891,3,5
1690,Yeni tikili,90,yoxdur,yoxdur,3,Bin?q?di r.,7-ci mikrorayon q.,4967505,181300,Ya?ay?? Kompleksi,var,https://bina.az/items/4967505,40.4301447,49.8531172,6,13
1691,Yeni tikili,89,yoxdur,yoxdur,2,Bin?q?di r.,7-ci mikrorayon q.,4967088,180468,Ya?ay?? Kompleksi,var,https://bina.az/items/4967088,40.43264994,49.86126776,8,13
1692,Yeni tikili,50,var,var,2,Memar ?c?mi m.,Bin?q?di r.,5376715,135000,vasit?çi (agent),Yoxdur,https://bina.az/items/5376715,40.41406446,49.81188319,1,5
1693,Yeni tikili,82,yoxdur,yoxdur,2,H?zi Aslanov m.,X?tai r.,5288664,138000,vasit?çi (agent),Yoxdur,https://bina.az/items/5288664,40.3689815,49.95108624,12,13
1694,Köhn? tikili,63,var,var,2,Qara Qarayev m.,Nizami r.,5147359,168000,mülkiyy?tçi,Yoxdur,https://bina.az/items/5147359,40.4107382,49.9384708,9,9
1695,Köhn? tikili,65,var,var,3,Qara Qarayev m.,Nizami r.,5376710,175000,vasit?çi (agent),Yoxdur,https://bina.az/items/5376710,40.41577019,49.93409343,5,9
1696,Köhn? tikili,57,var,var,2,N?simi bazar?,Koala park?,5370345,150000,vasit?çi (agent),Yoxdur,https://bina.az/items/5370345,40.39531033,49.84029283,4,5
1697,Yeni tikili,50,yoxdur,var,2,?n?aatç?lar m.,20 Yanvar m.,5212902,137000,mülkiyy?tçi,Yoxdur,https://bina.az/items/5212902,40.3953027,49.80639932,2,16
1698,Yeni tikili,81,var,var,2,Bin?q?di r.,Bil?c?ri q.,5169956,162000,vasit?çi (agent),var,https://bina.az/items/5169956,40.43139182,49.78750318,4,16
1699,Yeni tikili,70,var,var,2,Suraxan? r.,Yeni Gün??li q.,5366054,135000,vasit?çi (agent),Yoxdur,https://bina.az/items/5366054,40.37450074,49.97923123,6,17
1700,Köhn? tikili,90,yoxdur,var,3,Yasamal r.,Yeni Yasamal q.,5267201,178000,vasit?çi (agent),Yoxdur,https://bina.az/items/5267201,40.39320249,49.79215042,3,9
1701,Yeni tikili,55,var,var,2,H?zi Aslanov m.,X?tai r.,5315705,149000,vasit?çi (agent),Yoxdur,https://bina.az/items/5315705,40.37309748,49.95346069,6,19
1702,Yeni tikili,50,yoxdur,yoxdur,1,8 Noyabr m.,N?simi r.,4076305,146955,Ya?ay?? Kompleksi,var,https://bina.az/items/4076305,40.39931764,49.82657611,10,16
1703,Yeni tikili,50,yoxdur,yoxdur,1,8 Noyabr m.,N?simi r.,4170452,145440,Ya?ay?? Kompleksi,var,https://bina.az/items/4170452,40.39932172,49.82657075,9,16
1704,Köhn? tikili,85,var,yoxdur,3,H?zi Aslanov m.,X?tai r.,5362317,154500,vasit?çi (agent),Yoxdur,https://bina.az/items/5362317,40.3718601,49.95459937,4,9
1705,Yeni tikili,50,yoxdur,yoxdur,1,8 Noyabr m.,N?simi r.,4057824,140895,Ya?ay?? Kompleksi,var,https://bina.az/items/4057824,40.39932172,49.82657075,6,16
1706,Yeni tikili,60,var,var,2,X?tai r.,H?zi Aslanov q.,5328035,133000,vasit?çi (agent),var,https://bina.az/items/5328035,40.38055514,49.92550869,5,5
1707,Yeni tikili,96,var,var,3,Neapol dair?si,?hm?dli m.,5345443,190000,vasit?çi (agent),var,https://bina.az/items/5345443,40.38635803,49.96497277,13,18
1708,Yeni tikili,75,var,var,2,Neapol dair?si,?hm?dli m.,5048643,142000,vasit?çi (agent),var,https://bina.az/items/5048643,40.38653154,49.96508698,18,20
1709,Köhn? tikili,100,var,yoxdur,4,?n?aatç?lar m.,Yasamal r.,5153416,140000,vasit?çi (agent),Yoxdur,https://bina.az/items/5153416,40.39344436,49.7940049,9,9
1710,Yeni tikili,62,yoxdur,yoxdur,1,Neftçil?r m.,Nizami r.,5359855,129000,mülkiyy?tçi,Yoxdur,https://bina.az/items/5359855,40.41451112,49.95045507,12,14
1711,Yeni tikili,45,var,var,2,?n?aatç?lar m.,Yasamal r.,5345077,170000,mülkiyy?tçi,var,https://bina.az/items/5345077,40.394,49.795,17,19
1712,Köhn? tikili,85,var,Yoxdur,3,Memar ?c?mi m.,Bin?q?di r.,5376681,189000,vasit?çi (agent),var,https://bina.az/items/5376681,40.41711132,49.8088362,9,9
1713,Yeni tikili,84,yoxdur,var,3,Bin?q?di r.,Bin?q?di q.,5277008,190000,vasit?çi (agent),Yoxdur,https://bina.az/items/5277008,40.47295989,49.82517995,4,18
1714,Yeni tikili,55,var,var,3,Q?? park?,Nizami kinoteatr?,5334677,150000,vasit?çi (agent),Yoxdur,https://bina.az/items/5334677,40.37501814,49.83927295,2,2
1715,Yeni tikili,70,var,var,3,20 Yanvar m.,Melissa Park,5369920,188000,vasit?çi (agent),var,https://bina.az/items/5369920,40.40127342,49.80856585,13,19
1716,Yeni tikili,82,var,var,3,Xalqlar Dostlu?u m.,Nizami r.,5363962,187000,vasit?çi (agent),var,https://bina.az/items/5363962,40.39770031,49.95234627,7,12
1717,Yeni tikili,60,var,var,2,H?zi Aslanov m.,X?tai r.,5263929,155000,vasit?çi (agent),var,https://bina.az/items/5263929,40.37219452,49.95399217,4,16
1718,Köhn? tikili,85,var,var,3,Xalqlar Dostlu?u m.,Neftçil?r m.,5223565,170000,vasit?çi (agent),var,https://bina.az/items/5223565,40.40324715,49.94838983,9,9
1719,Yeni tikili,65,var,var,2,X?tai r.,?hm?dli q.,5284596,168000,vasit?çi (agent),var,https://bina.az/items/5284596,40.38001574,49.92397934,4,16
1720,Yeni tikili,98,yoxdur,yoxdur,3,N?simi m.,Azadl?q Prospekti m.,5376666,176000,vasit?çi (agent),Yoxdur,https://bina.az/items/5376666,40.42345518,49.83379553,18,19
1721,Yeni tikili,72,var,var,2,Bin?q?di r.,Bil?c?ri q.,5376655,169900,vasit?çi (agent),var,https://bina.az/items/5376655,40.43053466,49.78789475,14,15
1722,Köhn? tikili,85,var,var,3,Sabunçu r.,Bak?xanov q.,5361920,177000,mülkiyy?tçi,Yoxdur,https://bina.az/items/5361920,40.4145746,49.96673135,4,5
1723,Yeni tikili,74,yoxdur,var,2,?n?aatç?lar m.,Yasamal r.,5311308,144000,mülkiyy?tçi,Yoxdur,https://bina.az/items/5311308,40.39231924,49.79493141,4,20
1724,Yeni tikili,60,var,var,2,H?zi Aslanov m.,X?tai r.,5370863,143000,vasit?çi (agent),var,https://bina.az/items/5370863,40.36559464,49.94836137,3,9
1725,Yeni tikili,92,yoxdur,var,3,Suraxan? r.,Z?? q.,4956330,166000,vasit?çi (agent),Yoxdur,https://bina.az/items/4956330,40.37430509,50.01742231,5,11
1726,Yeni tikili,65,var,yoxdur,1,?ah ?smay?l X?tai m.,X?tai r.,5074366,175000,vasit?çi (agent),var,https://bina.az/items/5074366,40.38751988,49.87631832,5,15
1727,Yeni tikili,70,var,var,2,Xalqlar Dostlu?u m.,X?tai r.,5286017,155000,vasit?çi (agent),var,https://bina.az/items/5286017,40.39694375,49.95296942,13,16
1728,Yeni tikili,67,yoxdur,var,2,Azadl?q Prospekti m.,N?simi m.,5297335,179000,mülkiyy?tçi,Yoxdur,https://bina.az/items/5297335,40.42219363,49.83567196,13,18
1729,Yeni tikili,65,var,var,2,??rq bazar?,28 May m.,5365481,179000,vasit?çi (agent),var,https://bina.az/items/5365481,40.38721534,49.85447239,17,17
1730,Yeni tikili,90,var,var,3,Ab?eron r.,Masaz?r q.,5255603,137000,vasit?çi (agent),Yoxdur,https://bina.az/items/5255603,40.49357386,49.74629671,5,10
1731,Köhn? tikili,69,var,var,3,?hm?dli m.,X?tai r.,5299175,145000,vasit?çi (agent),var,https://bina.az/items/5299175,40.38462943,49.95309591,9,9
1732,Köhn? tikili,65,var,var,2,Xalqlar Dostlu?u m.,Nizami r.,5376650,142000,vasit?çi (agent),Yoxdur,https://bina.az/items/5376650,40.39792219,49.95171799,7,9
1733,Yeni tikili,55,var,var,2,H?zi Aslanov m.,X?tai r.,5376645,163000,vasit?çi (agent),Yoxdur,https://bina.az/items/5376645,40.37238596,49.96256609,6,15
1734,Köhn? tikili,64,var,var,3,Bin?q?di r.,Bil?c?ri q.,5376644,135000,vasit?çi (agent),Yoxdur,https://bina.az/items/5376644,40.43204753,49.81259253,2,2
1735,Köhn? tikili,80,var,var,3,['Yasamal r.'],Yoxdur,5376608,185000,vasit?çi (agent),var,https://bina.az/items/5376608,40.39277019,49.79184306,3,9
1736,Köhn? tikili,55,var,var,2,N?simi bazar?,Koala park?,5371450,155000,vasit?çi (agent),Yoxdur,https://bina.az/items/5371450,40.39295499,49.8413797,4,5
1737,Yeni tikili,55,yoxdur,var,2,Qara Qarayev m.,Nizami r.,5291303,176000,vasit?çi (agent),Yoxdur,https://bina.az/items/5291303,40.41761299,49.93414879,6,14
1738,Yeni tikili,67,var,var,2,S?bail r.,Badamdar q.,4229388,185000,vasit?çi (agent),Yoxdur,https://bina.az/items/4229388,40.3391626,49.80840401,18,19
1739,Köhn? tikili,75,var,var,3,M?rk?zi N?batat ba??,S?bail r.,5151297,170000,vasit?çi (agent),var,https://bina.az/items/5151297,40.35417146,49.81700556,9,10
1740,Köhn? tikili,90,var,var,3,Suraxan? r.,Yeni Gün??li q.,4866702,134000,vasit?çi (agent),var,https://bina.az/items/4866702,40.37442525,49.97829234,6,9
1741,Yeni tikili,62,var,var,2,X?tai r.,H?zi Aslanov q.,5293496,133000,mülkiyy?tçi,var,https://bina.az/items/5293496,40.35985292,49.96777216,15,17
1742,Yeni tikili,70,var,var,2,Xalqlar Dostlu?u m.,X?tai r.,5163549,155000,vasit?çi (agent),var,https://bina.az/items/5163549,40.3951478,49.9630016,12,16
1743,Köhn? tikili,50,var,var,2,H?zi Aslanov m.,X?tai r.,5369773,143000,vasit?çi (agent),var,https://bina.az/items/5369773,40.37098832,49.94511591,3,9
1744,Köhn? tikili,90,var,var,3,?n?aatç?lar m.,Yasamal r.,5367338,182000,vasit?çi (agent),Yoxdur,https://bina.az/items/5367338,40.394,49.795,2,9
1745,Yeni tikili,85,var,var,3,Suraxan? r.,Yeni Gün??li q.,5246537,165000,vasit?çi (agent),var,https://bina.az/items/5246537,40.37510048,49.97769838,2,17
1746,Köhn? tikili,85,var,var,3,Qarada? r.,Lökbatan q.,5376634,140000,mülkiyy?tçi,Yoxdur,https://bina.az/items/5376634,40.32417953,49.74519525,3,5
1747,Yeni tikili,50,var,var,2,20 Yanvar m.,Memar ?c?mi m.,5344876,133000,vasit?çi (agent),Yoxdur,https://bina.az/items/5344876,40.4061232,49.8104516,2,5
1748,Yeni tikili,90,var,var,3,['Suraxan? r.'],Yoxdur,5373449,148000,vasit?çi (agent),var,https://bina.az/items/5373449,40.37459594,49.98008024,6,10
1749,Köhn? tikili,65,var,var,2,H?zi Aslanov m.,X?tai r.,5310394,148000,vasit?çi (agent),var,https://bina.az/items/5310394,40.37031297,49.95560991,4,9
1750,Köhn? tikili,90,var,var,3,['Suraxan? r.'],Yoxdur,5214521,142000,vasit?çi (agent),var,https://bina.az/items/5214521,40.38376509,49.98454801,4,9
1751,Yeni tikili,58,yoxdur,yoxdur,2,N?riman N?rimanov m.,N?rimanov r.,5027238,162000,mülkiyy?tçi,Yoxdur,https://bina.az/items/5027238,40.4089166,49.8639996,8,16
1752,Yeni tikili,62,var,var,2,?hm?dli m.,X?tai r.,5359278,145000,vasit?çi (agent),var,https://bina.az/items/5359278,40.38502207,49.95475043,12,17
1753,Yeni tikili,80,var,var,2,H?zi Aslanov m.,X?tai r.,5375654,173000,vasit?çi (agent),var,https://bina.az/items/5375654,40.37085991,49.95627493,17,18
1754,Köhn? tikili,75,var,var,3,Suraxan? r.,Yeni Gün??li q.,5319180,134000,mülkiyy?tçi,var,https://bina.az/items/5319180,40.37610653,49.98050468,6,9
1755,Köhn? tikili,65,var,var,2,H?zi Aslanov m.,X?tai r.,5376614,139000,vasit?çi (agent),Yoxdur,https://bina.az/items/5376614,40.3702305,49.96348019,1,9
1756,Köhn? tikili,75,var,var,3,ASAN Xidm?t ?3,Yasamal bazar?,5300246,184000,vasit?çi (agent),Yoxdur,https://bina.az/items/5300246,40.37879858,49.80737112,3,5
1757,Köhn? tikili,65,var,var,3,Memar ?c?mi m.,N?simi r.,5376142,167000,vasit?çi (agent),Yoxdur,https://bina.az/items/5376142,40.41078688,49.81476707,4,5
1758,Yeni tikili,66,var,var,2,Yasamal r.,Yeni Yasamal q.,5144785,167000,vasit?çi (agent),Yoxdur,https://bina.az/items/5144785,40.37639899,49.79620387,4,9
1759,Yeni tikili,76,yoxdur,yoxdur,2,Qara Qarayev m.,Nizami r.,5376607,190000,mülkiyy?tçi,Yoxdur,https://bina.az/items/5376607,40.41754999,49.93106727,7,16
1760,Köhn? tikili,65,var,var,2,Ayna Sultanova heyk?li,N?rimanov r.,5318916,180000,vasit?çi (agent),Yoxdur,https://bina.az/items/5318916,40.41824085,49.84489433,8,9
1761,Yeni tikili,57,yoxdur,var,3,Qara Qarayev m.,Nizami r.,5216102,170000,vasit?çi (agent),Yoxdur,https://bina.az/items/5216102,40.4180655,49.93046843,11,12
1762,Yeni tikili,60,var,var,2,Memar ?c?mi m.,Bin?q?di r.,5325216,155000,vasit?çi (agent),var,https://bina.az/items/5325216,40.41895501,49.81124002,4,17
1763,Köhn? tikili,65,var,var,2,Azadl?q Prospekti m.,Bin?q?di r.,5372357,160000,vasit?çi (agent),var,https://bina.az/items/5372357,40.42903401,49.84959814,8,9
1764,Yeni tikili,65,var,var,3,20 Yanvar m.,Yasamal r.,5318279,185000,vasit?çi (agent),var,https://bina.az/items/5318279,40.40078423,49.80600357,20,20
1765,Köhn? tikili,65,var,var,2,X?tai r.,H?zi Aslanov m.,5319131,133000,vasit?çi (agent),Yoxdur,https://bina.az/items/5319131,40.35723049,49.96112108,5,5
1766,Köhn? tikili,105,var,var,4,Suraxan? r.,Yeni Gün??li q.,5221180,188000,vasit?çi (agent),var,https://bina.az/items/5221180,40.38409576,49.97408139,3,9
1767,Yeni tikili,103,var,var,3,Suraxan? r.,Qaraçuxur q.,5349808,150000,vasit?çi (agent),Yoxdur,https://bina.az/items/5349808,40.3989781,49.97883615,3,17
1768,Köhn? tikili,55,var,var,2,H?zi Aslanov m.,X?tai r.,5353651,145000,vasit?çi (agent),Yoxdur,https://bina.az/items/5353651,40.37353885,49.95356798,5,9
1769,Yeni tikili,46,var,var,2,S?bail r.,??xov q.,5348980,170000,mülkiyy?tçi,var,https://bina.az/items/5348980,40.30536903,49.77994323,5,6
1770,Yeni tikili,80,var,var,2,ASAN Xidm?t ?3,Elml?r Akademiyas? m.,5376573,187000,vasit?çi (agent),var,https://bina.az/items/5376573,40.37742058,49.80822643,10,15
1771,Köhn? tikili,51,var,var,2,Neftçil?r m.,Qara Qarayev m.,5147685,145000,vasit?çi (agent),var,https://bina.az/items/5147685,40.4107382,49.9384708,7,9
1772,Köhn? tikili,55,var,var,2,Bak? Slavyan Universiteti,Az?rbaycan Dill?r Universiteti,5327106,185000,vasit?çi (agent),Yoxdur,https://bina.az/items/5327106,40.38537752,49.84644947,3,6
1773,Köhn? tikili,52,var,var,2,Memar ?c?mi m.,N?simi r.,5372524,152999,vasit?çi (agent),Yoxdur,https://bina.az/items/5372524,40.41788093,49.81358128,2,5
1774,Yeni tikili,90,yoxdur,yoxdur,2,Bin?q?di r.,Bil?c?ri q.,4982280,165000,mülkiyy?tçi,Yoxdur,https://bina.az/items/4982280,40.4317263,49.78729248,5,10
1775,Yeni tikili,70,var,var,2,Bin?q?di r.,7-ci mikrorayon q.,5113790,190000,vasit?çi (agent),Yoxdur,https://bina.az/items/5113790,40.42882864,49.85297894,17,18
1776,Köhn? tikili,65,var,var,2,Memar ?c?mi m.,Bin?q?di r.,5246805,155000,vasit?çi (agent),var,https://bina.az/items/5246805,40.42097545,49.81042959,3,9
1777,Köhn? tikili,78,var,var,4,G?nclik m.,N?rimanov r.,5226371,190000,vasit?çi (agent),Yoxdur,https://bina.az/items/5226371,40.40586894,49.84972417,1,5
1778,Köhn? tikili,102,var,var,4,S?bail r.,20-ci sah? q.,5238638,172000,mülkiyy?tçi,Yoxdur,https://bina.az/items/5238638,40.32146657,49.81819561,2,2
1779,Köhn? tikili,75,var,var,3,Neftçil?r m.,Xalqlar Dostlu?u m.,5376575,150000,vasit?çi (agent),Yoxdur,https://bina.az/items/5376575,40.40545152,49.94850366,2,5
1780,Köhn? tikili,110,var,var,4,['Ab?eron r.'],Yoxdur,5376574,139900,mülkiyy?tçi,var,https://bina.az/items/5376574,40.45572008,49.73771673,6,9
1781,Yeni tikili,55,var,var,2,Qara Qarayev m.,Nizami r.,5357650,143000,vasit?çi (agent),var,https://bina.az/items/5357650,40.41786553,49.93314241,3,17
1782,Köhn? tikili,55,var,var,2,ASAN Xidm?t ?3,Yasamal bazar?,5108041,150000,vasit?çi (agent),Yoxdur,https://bina.az/items/5108041,40.37792421,49.80474434,2,5
1783,Köhn? tikili,60,var,var,2,Memar ?c?mi m.,N?simi r.,5219925,135000,vasit?çi (agent),Yoxdur,https://bina.az/items/5219925,40.41386403,49.82092154,4,5
1784,Yeni tikili,61,var,var,2,Xalqlar Dostlu?u m.,Nizami r.,5324200,169000,mülkiyy?tçi,var,https://bina.az/items/5324200,40.39822556,49.95290598,14,17
1785,Köhn? tikili,70,var,var,3,Yasamal r.,Yeni Yasamal q.,5297575,149000,vasit?çi (agent),var,https://bina.az/items/5297575,40.3950598,49.78891947,8,9
1786,Yeni tikili,105,var,var,3,Azadl?q Prospekti m.,Bin?q?di r.,5144359,183000,vasit?çi (agent),Yoxdur,https://bina.az/items/5144359,40.42647244,49.83965983,2,13
1787,Köhn? tikili,60,var,var,2,Memar ?c?mi m.,N?simi r.,5299476,139000,vasit?çi (agent),var,https://bina.az/items/5299476,40.41722641,49.81295103,2,5
1788,Köhn? tikili,58,var,var,2,Memar ?c?mi m.,N?simi r.,5365103,129000,vasit?çi (agent),Yoxdur,https://bina.az/items/5365103,40.41342274,49.80820791,4,5
1789,Köhn? tikili,58,var,var,2,Memar ?c?mi m.,N?simi r.,5373943,138000,vasit?çi (agent),Yoxdur,https://bina.az/items/5373943,40.4108903,49.81938058,3,5
1790,Köhn? tikili,60,var,yoxdur,2,Azadl?q Prospekti m.,Bin?q?di r.,5301002,145000,vasit?çi (agent),var,https://bina.az/items/5301002,40.4269695,49.84394602,8,9
1791,Köhn? tikili,75,var,var,3,Sabunçu r.,Bak?xanov q.,4607761,139000,vasit?çi (agent),Yoxdur,https://bina.az/items/4607761,40.4178962,49.97070271,1,5
1792,Yeni tikili,53,yoxdur,var,2,Azadl?q Prospekti m.,Bin?q?di r.,5300881,137000,vasit?çi (agent),Yoxdur,https://bina.az/items/5300881,40.42900134,49.84805319,7,10
1793,Köhn? tikili,70,var,var,2,H?zi Aslanov m.,X?tai r.,5376565,130000,vasit?çi (agent),Yoxdur,https://bina.az/items/5376565,40.3728396,49.96170193,5,5
1794,Yeni tikili,53,var,var,2,20 Yanvar m.,Yasamal r.,5010870,155000,vasit?çi (agent),var,https://bina.az/items/5010870,40.39994676,49.80600893,14,19
1795,Yeni tikili,55,var,var,2,H?zi Aslanov m.,X?tai r.,5312831,149000,vasit?çi (agent),Yoxdur,https://bina.az/items/5312831,40.3657959,49.95948748,6,19
1796,Köhn? tikili,80,var,var,3,Qara Qarayev m.,Koro?lu m.,5376556,165000,vasit?çi (agent),var,https://bina.az/items/5376556,40.42059856,49.92851888,5,9
1797,Yeni tikili,71,var,var,3,Yasamal bazar?,?n?aatç?lar m.,5346023,181000,vasit?çi (agent),Yoxdur,https://bina.az/items/5346023,40.38395236,49.80549057,17,17
1798,Köhn? tikili,80,var,var,3,Qara Qarayev m.,Nizami r.,5366677,184000,vasit?çi (agent),Yoxdur,https://bina.az/items/5366677,40.41972177,49.93155574,2,5
1799,Yeni tikili,55,var,var,2,['X?tai r.'],Yoxdur,5324501,149000,vasit?çi (agent),var,https://bina.az/items/5324501,40.35807171,49.96028695,6,19
1800,Yeni tikili,62,yoxdur,var,2,['Yasamal r.'],Yoxdur,5228470,137000,vasit?çi (agent),Yoxdur,https://bina.az/items/5228470,40.3551048,49.80819225,4,17
1801,Yeni tikili,51,yoxdur,var,2,Qara Qarayev m.,Nizami r.,5303459,175000,vasit?çi (agent),Yoxdur,https://bina.az/items/5303459,40.41922608,49.93204507,6,14
1802,Köhn? tikili,90,var,var,3,?hm?dli m.,X?tai r.,5156558,188000,vasit?çi (agent),Yoxdur,https://bina.az/items/5156558,40.38439624,49.95393425,6,10
1803,Köhn? tikili,55,var,var,2,Xalqlar Dostlu?u m.,Nizami r.,5353073,138000,vasit?çi (agent),Yoxdur,https://bina.az/items/5353073,40.3980579,49.94748705,4,5
1804,Yeni tikili,82,yoxdur,yoxdur,2,H?zi Aslanov m.,X?tai r.,5301231,139000,vasit?çi (agent),Yoxdur,https://bina.az/items/5301231,40.36547562,49.95021662,11,12
1805,Yeni tikili,74,yoxdur,yoxdur,2,H?zi Aslanov m.,X?tai r.,5301232,137000,vasit?çi (agent),Yoxdur,https://bina.az/items/5301232,40.36578586,49.95173441,10,12
1806,Yeni tikili,74,var,var,2,Qara Qarayev m.,Nizami r.,5208091,190000,vasit?çi (agent),Yoxdur,https://bina.az/items/5208091,40.4123378,49.93275367,8,16
1807,Yeni tikili,125,yoxdur,var,3,Nizami r.,Xalqlar Dostlu?u m.,5247119,185000,vasit?çi (agent),Yoxdur,https://bina.az/items/5247119,40.40892084,49.95691766,12,19
1808,Köhn? tikili,75,var,var,3,Qara Qarayev m.,Nizami r.,5353089,168000,vasit?çi (agent),Yoxdur,https://bina.az/items/5353089,40.41948076,49.94103264,5,5
1809,Yeni tikili,62,var,var,2,Bin?q?di r.,9-cu mikrorayon q.,5097930,144000,vasit?çi (agent),Yoxdur,https://bina.az/items/5097930,40.4279335,49.8135998,5,18
1810,Yeni tikili,51,var,var,2,Qara Qarayev m.,Koro?lu m.,5370422,160000,vasit?çi (agent),Yoxdur,https://bina.az/items/5370422,40.41622129,49.92685783,5,17
1811,Köhn? tikili,68,var,var,3,Koro?lu m.,Qara Qarayev m.,5376549,175000,vasit?çi (agent),Yoxdur,https://bina.az/items/5376549,40.42128967,49.92502568,5,9
1812,Yeni tikili,51,yoxdur,yoxdur,1,Qara Qarayev m.,Nizami r.,5360952,136000,vasit?çi (agent),Yoxdur,https://bina.az/items/5360952,40.4184637,49.93097939,10,12
1813,Köhn? tikili,55,var,var,2,N?simi bazar?,Koala park?,5376547,155000,mülkiyy?tçi,Yoxdur,https://bina.az/items/5376547,40.39502638,49.8416801,4,5
1814,Yeni tikili,68,var,var,3,H?zi Aslanov m.,X?tai r.,5366766,184000,vasit?çi (agent),Yoxdur,https://bina.az/items/5366766,40.37159319,49.95315538,15,17
1815,Köhn? tikili,55,var,var,2,Suraxan? r.,Yeni Gün??li q.,5376543,130000,mülkiyy?tçi,var,https://bina.az/items/5376543,40.383017,49.981377,4,8
1816,Yeni tikili,50,var,var,1,?ah ?smay?l X?tai m.,X?tai r.,5347813,185000,vasit?çi (agent),var,https://bina.az/items/5347813,40.38663554,49.87581483,11,17
1817,Yeni tikili,68,var,var,2,Suraxan? r.,Yeni Gün??li q.,5327385,170000,vasit?çi (agent),Yoxdur,https://bina.az/items/5327385,40.38560005,49.97464613,9,12
1818,Yeni tikili,82,yoxdur,yoxdur,2,Bin?q?di r.,7-ci mikrorayon q.,4965966,168305,Ya?ay?? Kompleksi,var,https://bina.az/items/4965966,40.43270001,49.86127565,8,14
1819,Yeni tikili,89,yoxdur,yoxdur,2,Bin?q?di r.,7-ci mikrorayon q.,4967643,182696,Ya?ay?? Kompleksi,var,https://bina.az/items/4967643,40.4301447,49.8531172,4,13
1820,Yeni tikili,80,var,yoxdur,2,Neapol dair?si,?hm?dli m.,5361495,133000,vasit?çi (agent),var,https://bina.az/items/5361495,40.38629687,49.96265626,14,17
1821,Köhn? tikili,54,var,var,2,Yasamal bazar?,ASAN Xidm?t ?3,5376529,149000,mülkiyy?tçi,Yoxdur,https://bina.az/items/5376529,40.38060104,49.80571424,3,4
1822,Yeni tikili,68,var,var,2,Yasamal r.,Yeni Yasamal q.,5350737,149000,mülkiyy?tçi,Yoxdur,https://bina.az/items/5350737,40.39237038,49.79174916,16,18
1823,Yeni tikili,72,yoxdur,var,2,Bin?q?di r.,6-c? mikrorayon q.,4852000,160000,vasit?çi (agent),Yoxdur,https://bina.az/items/4852000,40.4160956,49.83143499,16,17
1824,Yeni tikili,65,yoxdur,var,2,??rq bazar?,28 May m.,5140354,179000,vasit?çi (agent),Yoxdur,https://bina.az/items/5140354,40.38456757,49.84983754,6,17
1825,Yeni tikili,65,yoxdur,var,2,Z?rif? ?liyeva ad?na park,N?simi m.,5376514,170000,vasit?çi (agent),Yoxdur,https://bina.az/items/5376514,40.4222263,49.81711107,12,17
1826,Yeni tikili,88,var,var,3,H?zi Aslanov m.,X?tai r.,5363258,170000,vasit?çi (agent),Yoxdur,https://bina.az/items/5363258,40.37092596,49.94445945,2,16
1827,Yeni tikili,62,var,var,2,Memar ?c?mi m.,N?simi r.,5332449,145000,vasit?çi (agent),var,https://bina.az/items/5332449,40.41391791,49.82022983,3,16
1828,Yeni tikili,70,yoxdur,var,3,Ukrayna dair?si,?hm?dli m.,5376503,165000,vasit?çi (agent),Yoxdur,https://bina.az/items/5376503,40.37992675,49.95318494,10,17
1829,Yeni tikili,96,var,var,3,H?zi Aslanov m.,X?tai r.,5290245,184000,vasit?çi (agent),var,https://bina.az/items/5290245,40.37309748,49.95346069,5,15
1830,Yeni tikili,61,yoxdur,yoxdur,2,Qara Qarayev m.,Nizami r.,5289387,131000,vasit?çi (agent),Yoxdur,https://bina.az/items/5289387,40.41762949,49.93425576,9,15
1831,Köhn? tikili,50,var,var,2,H?zi Aslanov m.,X?tai r.,5376498,143000,vasit?çi (agent),var,https://bina.az/items/5376498,40.3710808,49.94388202,3,9
1832,Yeni tikili,72,var,var,2,Neftçil?r m.,Nizami r.,5376106,172000,vasit?çi (agent),var,https://bina.az/items/5376106,40.40766654,49.94559475,9,14
1833,Köhn? tikili,125,var,var,5,?n?aatç?lar m.,Yasamal r.,5240127,190000,vasit?çi (agent),var,https://bina.az/items/5240127,40.39374297,49.79427516,4,9
1834,Yeni tikili,65,var,var,3,?n?aatç?lar m.,Yasamal r.,5279216,189000,vasit?çi (agent),var,https://bina.az/items/5279216,40.38981876,49.8067975,15,18
1835,Yeni tikili,55,var,var,2,H?zi Aslanov m.,X?tai r.,5375572,163000,vasit?çi (agent),Yoxdur,https://bina.az/items/5375572,40.37217898,49.96265875,6,15
1836,Yeni tikili,118,var,var,3,H?zi Aslanov m.,X?tai r.,5350337,190000,mülkiyy?tçi,var,https://bina.az/items/5350337,40.36574035,49.9521618,10,10
1837,Yeni tikili,66,var,var,3,H?zi Aslanov m.,X?tai r.,5005396,163000,vasit?çi (agent),Yoxdur,https://bina.az/items/5005396,40.3701464,49.95243298,15,15
1838,Yeni tikili,95,var,var,3,Suraxan? r.,Yeni Gün??li q.,5360516,175000,vasit?çi (agent),var,https://bina.az/items/5360516,40.37503849,49.97911299,4,7
1839,Köhn? tikili,65,var,var,2,Yasamal r.,Yeni Yasamal q.,5315058,164000,mülkiyy?tçi,Yoxdur,https://bina.az/items/5315058,40.39366907,49.79182963,8,9
1840,Yeni tikili,88,var,var,3,X?tai r.,H?zi Aslanov m.,5139627,169000,vasit?çi (agent),Yoxdur,https://bina.az/items/5139627,40.37339173,49.94071484,3,17
1841,Köhn? tikili,55,var,var,2,Neftçil?r m.,Xalqlar Dostlu?u m.,5369803,138000,vasit?çi (agent),Yoxdur,https://bina.az/items/5369803,40.40348185,49.94366875,2,5
1842,Köhn? tikili,55,var,var,2,['Nizami r.'],Yoxdur,5370755,140000,vasit?çi (agent),Yoxdur,https://bina.az/items/5370755,40.39953821,49.93995491,4,5
1843,Yeni tikili,47,yoxdur,var,2,20 Yanvar m.,Yasamal r.,4430830,146010,Ya?ay?? Kompleksi,var,https://bina.az/items/4430830,40.39781016,49.808321,20,20
1844,Yeni tikili,82,var,var,3,Sabunçu r.,Bak?xanov q.,5372706,139000,vasit?çi (agent),var,https://bina.az/items/5372706,40.43686135,49.95860328,12,19
1845,Yeni tikili,90,yoxdur,var,3,Ab?eron r.,Masaz?r q.,5371384,132000,vasit?çi (agent),Yoxdur,https://bina.az/items/5371384,40.49437732,49.75942102,9,12
1846,Köhn? tikili,78,var,var,3,['X?tai r.'],Yoxdur,5372130,169000,vasit?çi (agent),Yoxdur,https://bina.az/items/5372130,40.3637004,49.95421873,6,9
1847,Köhn? tikili,60,var,var,3,H?zi Aslanov m.,X?tai r.,5372178,135000,vasit?çi (agent),Yoxdur,https://bina.az/items/5372178,40.37229056,49.94673319,2,5
1848,Köhn? tikili,100,var,var,4,Neapol dair?si,?hm?dli m.,5374486,179000,vasit?çi (agent),var,https://bina.az/items/5374486,40.38255211,49.9602399,1,9
1849,Yeni tikili,49,yoxdur,var,2,Q?? park?,Sirk,5272100,155000,vasit?çi (agent),Yoxdur,https://bina.az/items/5272100,40.37935253,49.83867066,9,16
1850,Yeni tikili,95,var,var,2,['Nizami r.'],Yoxdur,5374322,185000,vasit?çi (agent),var,https://bina.az/items/5374322,40.40897895,49.95816795,5,18
1851,Yeni tikili,55,var,var,2,Neftçil?r m.,Nizami r.,5374580,130000,vasit?çi (agent),var,https://bina.az/items/5374580,40.40925308,49.94851799,10,11
1852,Köhn? tikili,85,var,var,3,Xalqlar Dostlu?u m.,Nizami r.,5374618,178000,vasit?çi (agent),var,https://bina.az/items/5374618,40.39884034,49.95746339,6,9
1853,Yeni tikili,75,var,var,2,Xalqlar Dostlu?u m.,?hm?dli m.,5271572,156000,vasit?çi (agent),var,https://bina.az/items/5271572,40.39238523,49.95814994,3,16
1854,Köhn? tikili,60,var,var,3,Neapol dair?si,X?tai r.,5374646,130000,vasit?çi (agent),var,https://bina.az/items/5374646,40.38052522,49.96600027,7,9
1855,Yeni tikili,38,yoxdur,var,2,Bak? Slavyan Universiteti,Az?rbaycan Dill?r Universiteti,5345532,150000,vasit?çi (agent),Yoxdur,https://bina.az/items/5345532,40.38374329,49.84525281,15,16
1856,Yeni tikili,108,yoxdur,yoxdur,3,['Ab?eron r.'],Yoxdur,5376480,129600,mülkiyy?tçi,Yoxdur,https://bina.az/items/5376480,40.455101,49.734119,2,14
1857,Yeni tikili,67,var,var,2,N?simi m.,Z?rif? ?liyeva ad?na park,5376476,157000,vasit?çi (agent),var,https://bina.az/items/5376476,40.42505864,49.82381365,7,18
1858,Yeni tikili,61,var,var,2,Memar ?c?mi m.,Bin?q?di r.,5376474,142000,vasit?çi (agent),Yoxdur,https://bina.az/items/5376474,40.41070625,49.81587672,5,17
1859,Köhn? tikili,80,var,var,3,Ukrayna dair?si,H?zi Aslanov m.,5302232,185000,vasit?çi (agent),var,https://bina.az/items/5302232,40.37783267,49.95944521,9,9
1860,Yeni tikili,72,var,var,3,?n?aatç?lar m.,Yasamal r.,5207077,167000,mülkiyy?tçi,Yoxdur,https://bina.az/items/5207077,40.394,49.795,8,18
1861,Köhn? tikili,52,var,var,2,X?tai r.,?hm?dli q.,5376471,130000,vasit?çi (agent),var,https://bina.az/items/5376471,40.36181231,49.9608292,7,9
1862,Köhn? tikili,50,var,var,2,Z?rif? ?liyeva ad?na park,N?simi m.,5350625,140000,vasit?çi (agent),Yoxdur,https://bina.az/items/5350625,40.42180302,49.82249986,2,5
1863,Yeni tikili,50,yoxdur,var,2,20 Yanvar m.,Yasamal r.,5003590,168000,mülkiyy?tçi,Yoxdur,https://bina.az/items/5003590,40.40472092,49.80207477,15,17
1864,Köhn? tikili,50,var,var,2,20 Yanvar m.,Memar ?c?mi m.,5350622,133000,vasit?çi (agent),Yoxdur,https://bina.az/items/5350622,40.4061232,49.8104516,2,5
1865,Yeni tikili,60,yoxdur,yoxdur,2,['Bin?q?di r.'],Yoxdur,5337431,141000,vasit?çi (agent),Yoxdur,https://bina.az/items/5337431,40.42184923,49.81294433,12,16
1866,Yeni tikili,280,var,yoxdur,5,Z?rif? ?liyeva ad?na park,N?simi m.,5272266,190000,vasit?çi (agent),Yoxdur,https://bina.az/items/5272266,40.4201041,49.8254181,17,17
1867,Köhn? tikili,65,var,var,3,Xalqlar Dostlu?u m.,Nizami r.,5376464,175000,mülkiyy?tçi,Yoxdur,https://bina.az/items/5376464,40.40130398,49.9577988,4,5
1868,Köhn? tikili,45,var,var,1,?n?aatç?lar m.,Yasamal r.,5369722,129000,mülkiyy?tçi,var,https://bina.az/items/5369722,40.39279769,49.79406195,3,9
1869,Köhn? tikili,55,var,var,2,Yasamal bazar?,ASAN Xidm?t ?3,5314363,153000,vasit?çi (agent),Yoxdur,https://bina.az/items/5314363,40.38163554,49.80443145,2,5
1870,Yeni tikili,35,yoxdur,var,2,Az?rbaycan turizm institutu,G?nclik m.,5368558,140000,vasit?çi (agent),Yoxdur,https://bina.az/items/5368558,40.39715039,49.8615418,5,16
1871,Köhn? tikili,55,var,var,2,Sovetski,N?rimanov heyk?li,5339810,165000,vasit?çi (agent),Yoxdur,https://bina.az/items/5339810,40.37231411,49.82411994,6,9
1872,Yeni tikili,55,var,var,2,??rq bazar?,28 May m.,5373693,185000,vasit?çi (agent),Yoxdur,https://bina.az/items/5373693,40.3859104,49.85302551,4,16
1873,Yeni tikili,50,yoxdur,var,2,20 Yanvar m.,N?simi r.,5179933,168000,vasit?çi (agent),Yoxdur,https://bina.az/items/5179933,40.40505154,49.80350156,15,16
1874,Yeni tikili,89,var,var,3,Ab?eron r.,Masaz?r q.,5241425,135000,vasit?çi (agent),Yoxdur,https://bina.az/items/5241425,40.49264986,49.74711386,6,10
1875,Köhn? tikili,52,var,var,2,Da?üstü park?,??hidl?r xiyaban?,5252483,157000,vasit?çi (agent),Yoxdur,https://bina.az/items/5252483,40.35867876,49.82887478,2,5
1876,Köhn? tikili,75,var,var,2,N?simi m.,Z?rif? ?liyeva ad?na park,5376443,145000,vasit?çi (agent),var,https://bina.az/items/5376443,40.42499331,49.82389948,5,9
1877,Yeni tikili,82,var,var,3,Ukrayna dair?si,H?zi Aslanov m.,5368428,188000,vasit?çi (agent),var,https://bina.az/items/5368428,40.3784411,49.95960862,11,15
1878,Yeni tikili,120,var,yoxdur,3,Melissa Park,20 Yanvar m.,5364736,190000,vasit?çi (agent),Yoxdur,https://bina.az/items/5364736,40.39913744,49.80763071,8,16
1879,Yeni tikili,70,var,var,2,H?zi Aslanov m.,X?tai r.,5370027,138999,vasit?çi (agent),Yoxdur,https://bina.az/items/5370027,40.37300557,49.95385962,9,16
1880,Yeni tikili,102,yoxdur,var,3,?n?aatç?lar m.,Yasamal r.,5339949,180000,mülkiyy?tçi,Yoxdur,https://bina.az/items/5339949,40.394,49.795,12,21
1881,Yeni tikili,70,var,var,2,Yasamal r.,Yeni Yasamal q.,5376440,140000,vasit?çi (agent),var,https://bina.az/items/5376440,40.38836988,49.78648994,12,13
1882,Yeni tikili,78,var,var,3,Xalqlar Dostlu?u m.,X?tai r.,5283089,175000,mülkiyy?tçi,Yoxdur,https://bina.az/items/5283089,40.3947706,49.96328831,5,16
1883,Yeni tikili,71,var,var,3,Yasamal bazar?,?n?aatç?lar m.,5376439,181000,vasit?çi (agent),var,https://bina.az/items/5376439,40.38396198,49.80533447,17,17
1884,Köhn? tikili,85,var,var,3,['X?tai r.'],Yoxdur,5373491,133000,vasit?çi (agent),var,https://bina.az/items/5373491,40.34391079,49.96202456,5,5
1885,Köhn? tikili,58,var,var,2,ASAN Xidm?t ?3,Yasamal bazar?,5376427,147000,mülkiyy?tçi,Yoxdur,https://bina.az/items/5376427,40.379962,49.808995,2,9
1886,Köhn? tikili,65,var,var,2,N?simi m.,Z?rif? ?liyeva ad?na park,5376417,144000,mülkiyy?tçi,var,https://bina.az/items/5376417,40.4249068,49.82399007,9,9
1887,Köhn? tikili,70,var,var,2,N?simi m.,Bin?q?di r.,5376416,162000,vasit?çi (agent),Yoxdur,https://bina.az/items/5376416,40.42461092,49.82753896,3,9
1888,Köhn? tikili,35,var,var,1,?ah ?smay?l X?tai m.,X?tai r.,5253968,136000,vasit?çi (agent),Yoxdur,https://bina.az/items/5253968,40.37836104,49.87107388,4,4
1889,Köhn? tikili,40,var,var,1,Q?? park?,M?rk?zi Univermaq,5269990,135000,vasit?çi (agent),Yoxdur,https://bina.az/items/5269990,40.37436555,49.83766634,2,2
1890,Köhn? tikili,40,var,var,2,Q?? park?,M?rk?zi Univermaq,5091707,140000,vasit?çi (agent),var,https://bina.az/items/5091707,40.37437246,49.8377661,1,2
1891,Köhn? tikili,100,var,var,3,Memar ?c?mi m.,Bin?q?di r.,5376405,181000,vasit?çi (agent),var,https://bina.az/items/5376405,40.41899803,49.81082468,8,9
1892,Köhn? tikili,65,var,var,2,X?tai r.,?hm?dli q.,5376395,139000,vasit?çi (agent),var,https://bina.az/items/5376395,40.36688564,49.96255946,1,9
1893,Yeni tikili,97,var,var,3,Ab?eron r.,Masaz?r q.,5076426,129900,mülkiyy?tçi,var,https://bina.az/items/5076426,40.47802686,49.75375292,5,8
1894,Yeni tikili,89,var,var,3,Avtova?zal m.,Bin?q?di r.,5221225,159000,vasit?çi (agent),Yoxdur,https://bina.az/items/5221225,40.42359191,49.80353594,17,17
1895,Yeni tikili,62,yoxdur,var,2,Neftçil?r m.,Nizami r.,5275885,159000,vasit?çi (agent),Yoxdur,https://bina.az/items/5275885,40.41370076,49.95064788,11,14
1896,Köhn? tikili,80,var,var,2,Azadl?q Prospekti m.,Bin?q?di r.,5303419,175000,vasit?çi (agent),Yoxdur,https://bina.az/items/5303419,40.41971736,49.83838715,2,9
1897,Yeni tikili,50,var,var,2,D?rn?gül m.,Bin?q?di r.,5189129,151500,mülkiyy?tçi,var,https://bina.az/items/5189129,40.423807,49.86281607,10,10
1898,Yeni tikili,120,var,var,3,Ab?eron r.,Masaz?r q.,5148901,140000,vasit?çi (agent),Yoxdur,https://bina.az/items/5148901,40.49219702,49.7532177,2,6
1899,Köhn? tikili,50,var,var,2,8 Noyabr m.,N?rimanov r.,5052426,143000,vasit?çi (agent),Yoxdur,https://bina.az/items/5052426,40.3974913,49.82627436,4,5
1900,Köhn? tikili,75,var,var,3,Memar ?c?mi m.,N?simi r.,5371509,163000,vasit?çi (agent),Yoxdur,https://bina.az/items/5371509,40.41095549,49.81711564,8,9
1901,Köhn? tikili,65,var,var,2,H?zi Aslanov m.,X?tai r.,5275774,135000,vasit?çi (agent),Yoxdur,https://bina.az/items/5275774,40.36884453,49.96056992,5,9
1902,Köhn? tikili,60,var,var,3,Sabunçu r.,Bak?xanov q.,5210682,133000,vasit?çi (agent),Yoxdur,https://bina.az/items/5210682,40.42170002,49.95728715,3,5
1903,Yeni tikili,71,var,var,3,Yasamal bazar?,?n?aatç?lar m.,4587746,181000,mülkiyy?tçi,Yoxdur,https://bina.az/items/4587746,40.38394308,49.80532765,17,17
1904,Yeni tikili,52,var,var,2,['X?tai r.'],Yoxdur,5354485,186000,mülkiyy?tçi,Yoxdur,https://bina.az/items/5354485,40.35519732,49.96065668,16,19
1905,Köhn? tikili,38,var,var,2,Memar ?c?mi m.,N?simi r.,4887008,155750,mülkiyy?tçi,Yoxdur,https://bina.az/items/4887008,40.4096599,49.82331,3,5
1906,Köhn? tikili,60,var,var,2,Bin?q?di r.,7-ci mikrorayon q.,5310376,139000,vasit?çi (agent),Yoxdur,https://bina.az/items/5310376,40.43235979,49.8532682,3,9
1907,Köhn? tikili,60,var,var,2,Azadl?q Prospekti m.,Bin?q?di r.,5371319,160000,mülkiyy?tçi,var,https://bina.az/items/5371319,40.42993208,49.85000822,8,9
1908,Köhn? tikili,35,var,var,2,ASAN Xidm?t ?3,Yasamal bazar?,5279737,154000,vasit?çi (agent),Yoxdur,https://bina.az/items/5279737,40.379962,49.808995,2,4
1909,Köhn? tikili,60,var,var,3,ASAN Xidm?t ?3,Yasamal bazar?,5321192,189000,mülkiyy?tçi,Yoxdur,https://bina.az/items/5321192,40.37940904,49.80484584,3,5
1910,Yeni tikili,100,var,var,4,Suraxan? r.,Yeni Gün??li q.,5361612,135000,vasit?çi (agent),Yoxdur,https://bina.az/items/5361612,40.37638507,49.97843401,9,9
1911,Yeni tikili,52,var,var,2,Bay?l q.,S?bail r.,5324295,145000,vasit?çi (agent),Yoxdur,https://bina.az/items/5324295,40.33804678,49.83146315,4,6
1912,Köhn? tikili,45,var,var,2,?zmir park?,M.Hüseynzad? park?,5370393,172000,vasit?çi (agent),var,https://bina.az/items/5370393,40.38609698,49.82431712,6,9
1913,Yeni tikili,66,var,var,2,S?bail r.,Bay?l q.,5369461,155000,vasit?çi (agent),Yoxdur,https://bina.az/items/5369461,40.32602954,49.82340144,2,17
1914,Köhn? tikili,90,var,var,3,Neftçil?r m.,Nizami r.,5376368,170000,vasit?çi (agent),var,https://bina.az/items/5376368,40.41035479,49.94346042,4,9
1915,Yeni tikili,65,var,var,3,Yasamal r.,Yeni Yasamal q.,5376323,149000,vasit?çi (agent),var,https://bina.az/items/5376323,40.40040588,49.79414169,8,9
1916,Yeni tikili,69,var,var,3,H?zi Aslanov m.,X?tai r.,5367114,184000,vasit?çi (agent),var,https://bina.az/items/5367114,40.37302865,49.95339454,15,17
1917,Yeni tikili,69,var,var,3,?hm?dli q.,X?tai r.,5376315,158000,mülkiyy?tçi,Yoxdur,https://bina.az/items/5376315,40.36596366,49.96263827,13,15
1918,Yeni tikili,58,yoxdur,yoxdur,1,Sea Breeze,Sabunçu r.,5146526,160000,vasit?çi (agent),Yoxdur,https://bina.az/items/5146526,40.59140495,49.98521805,2,9
1919,Köhn? tikili,75,var,var,3,Bin?q?di r.,7-ci mikrorayon q.,5267566,190000,vasit?çi (agent),var,https://bina.az/items/5267566,40.4301447,49.8531172,9,9
1920,Yeni tikili,113,var,yoxdur,3,Ab?eron r.,Masaz?r q.,5313843,129000,mülkiyy?tçi,Yoxdur,https://bina.az/items/5313843,40.47995483,49.75405329,4,9
1921,Yeni tikili,67,var,var,3,Sabunçu r.,Yeni Ramana q.,5221516,155000,mülkiyy?tçi,Yoxdur,https://bina.az/items/5221516,40.441,49.979,10,10
1922,Köhn? tikili,70,var,var,3,Sabunçu r.,Bak?xanov q.,5345574,175000,mülkiyy?tçi,var,https://bina.az/items/5345574,40.41909552,49.96266603,6,9
1923,Yeni tikili,50,var,var,2,Memar ?c?mi m.,8 Noyabr m.,5299308,165000,mülkiyy?tçi,var,https://bina.az/items/5299308,40.40918279,49.82025146,7,18
1924,Köhn? tikili,75,var,var,2,N?simi bazar?,Park Zorge,4776617,185000,vasit?çi (agent),Yoxdur,https://bina.az/items/4776617,40.39218542,49.83809256,3,5
1925,Köhn? tikili,50,var,var,2,Memar ?c?mi m.,N?simi r.,5343849,130000,mülkiyy?tçi,Yoxdur,https://bina.az/items/5343849,40.41043881,49.81622815,1,5
1926,Yeni tikili,53,var,var,2,Bin?q?di r.,7-ci mikrorayon q.,5323995,175000,mülkiyy?tçi,var,https://bina.az/items/5323995,40.43314727,49.85906839,6,10
1927,Köhn? tikili,50,var,var,2,Elml?r Akademiyas? m.,Yasamal r.,5348189,188400,mülkiyy?tçi,Yoxdur,https://bina.az/items/5348189,40.38263244,49.81292121,3,5
1928,Yeni tikili,70,var,var,3,H?zi Aslanov m.,X?tai r.,5328500,169500,mülkiyy?tçi,var,https://bina.az/items/5328500,40.37348981,49.9501133,8,10
1929,Köhn? tikili,80,var,var,3,Xalqlar Dostlu?u m.,X?tai r.,5335038,173000,vasit?çi (agent),Yoxdur,https://bina.az/items/5335038,40.39377712,49.9487403,1,9
1930,Köhn? tikili,85,var,var,3,Xalqlar Dostlu?u m.,Nizami r.,5368132,170000,vasit?çi (agent),Yoxdur,https://bina.az/items/5368132,40.40479899,49.95838352,6,9
1931,Köhn? tikili,60,var,var,2,N?simi m.,Bin?q?di r.,5348150,168000,mülkiyy?tçi,var,https://bina.az/items/5348150,40.42450326,49.81475851,3,9
1932,Yeni tikili,88,var,var,3,X?tai r.,H?zi Aslanov q.,4836427,169000,mülkiyy?tçi,var,https://bina.az/items/4836427,40.37296169,49.94081358,3,16
1933,Köhn? tikili,63,var,var,3,H?zi Aslanov m.,X?tai r.,5376203,160000,mülkiyy?tçi,var,https://bina.az/items/5376203,40.3735282,49.94959746,1,5
1934,Yeni tikili,45,var,var,2,N?riman N?rimanov m.,N?rimanov r.,4888139,167000,vasit?çi (agent),var,https://bina.az/items/4888139,40.39604049,49.86653161,15,17
1935,Yeni tikili,71,yoxdur,var,2,Sabunçu r.,Bak?xanov q.,5141182,179000,mülkiyy?tçi,Yoxdur,https://bina.az/items/5141182,40.42844344,49.94319768,7,15
1936,Köhn? tikili,70,var,Yoxdur,3,Yasamal r.,Yeni Yasamal q.,5377472,180000,vasit?çi (agent),Yoxdur,https://bina.az/items/5377472,40.39131327,49.78952829,4,9
1937,Köhn? tikili,75,var,var,3,Qara Qarayev m.,Nizami r.,5327471,152000,vasit?çi (agent),Yoxdur,https://bina.az/items/5327471,40.4177306,49.93469425,5,5
1938,Yeni tikili,57,yoxdur,var,2,Qara Qarayev m.,Nizami r.,5226546,170000,vasit?çi (agent),Yoxdur,https://bina.az/items/5226546,40.41714248,49.93520923,11,12
1939,Köhn? tikili,55,var,var,2,['N?rimanov r.'],Yoxdur,5323419,155000,vasit?çi (agent),Yoxdur,https://bina.az/items/5323419,40.41022928,49.83589086,2,5
1940,Yeni tikili,50,yoxdur,var,2,??rq bazar?,N?rimanov r.,5344573,175000,vasit?çi (agent),Yoxdur,https://bina.az/items/5344573,40.38873713,49.85470157,9,12
1941,Yeni tikili,65,var,yoxdur,2,Bin?q?di r.,8-ci mikrorayon q.,5377459,162500,vasit?çi (agent),Yoxdur,https://bina.az/items/5377459,40.41329396,49.83604077,15,18
1942,Yeni tikili,52,yoxdur,var,2,Qara Qarayev m.,Nizami r.,5280719,175000,vasit?çi (agent),Yoxdur,https://bina.az/items/5280719,40.41753456,49.93392177,8,14
1943,Yeni tikili,56,var,var,2,Qara Qarayev m.,Nizami r.,5337102,171000,vasit?çi (agent),var,https://bina.az/items/5337102,40.41733852,49.93349262,14,17
1944,Köhn? tikili,75,var,yoxdur,2,Qara Qarayev m.,Nizami r.,5221414,153000,vasit?çi (agent),var,https://bina.az/items/5221414,40.4177306,49.93452259,2,5
1945,Yeni tikili,64,var,var,2,['X?tai r.'],Yoxdur,5377440,159000,vasit?çi (agent),Yoxdur,https://bina.az/items/5377440,40.35470386,49.96176706,19,19
1946,Yeni tikili,67,yoxdur,var,2,Azadl?q Prospekti m.,Bin?q?di r.,5372241,170000,vasit?çi (agent),Yoxdur,https://bina.az/items/5372241,40.42227888,49.83894196,11,18
1947,Yeni tikili,45,var,var,2,Bak? Slavyan Universiteti,Az?rbaycan Dill?r Universiteti,5250336,164000,vasit?çi (agent),Yoxdur,https://bina.az/items/5250336,40.38483637,49.84486102,16,17
1948,Yeni tikili,67,var,var,1,N?riman N?rimanov m.,N?rimanov r.,5367594,167000,mülkiyy?tçi,Yoxdur,https://bina.az/items/5367594,40.39969592,49.8813855,9,19
1949,Yeni tikili,85,var,var,2,N?riman N?rimanov m.,N?rimanov r.,5296625,158000,vasit?çi (agent),Yoxdur,https://bina.az/items/5296625,40.40945643,49.86979451,3,5
1950,Köhn? tikili,70,var,var,2,N?simi m.,9-cu mikrorayon q.,5377413,169000,vasit?çi (agent),var,https://bina.az/items/5377413,40.42569173,49.8152817,2,9
1951,Yeni tikili,93,var,var,3,H?zi Aslanov m.,X?tai r.,5148887,168000,vasit?çi (agent),var,https://bina.az/items/5148887,40.37309748,49.95346069,9,16
1952,Köhn? tikili,60,var,var,3,Memar ?c?mi m.,N?simi r.,5307707,155000,mülkiyy?tçi,Yoxdur,https://bina.az/items/5307707,40.41109255,49.82207312,1,5
1953,Yeni tikili,55,var,var,2,H?zi Aslanov m.,X?tai r.,5367684,165000,vasit?çi (agent),Yoxdur,https://bina.az/items/5367684,40.37301951,49.9550079,15,16
1954,Köhn? tikili,80,var,var,3,H?zi Aslanov m.,X?tai r.,5377400,165000,vasit?çi (agent),Yoxdur,https://bina.az/items/5377400,40.36692974,49.95451946,9,9
1955,Köhn? tikili,60,var,var,3,Ukrayna dair?si,?hm?dli m.,5377397,161000,vasit?çi (agent),Yoxdur,https://bina.az/items/5377397,40.38131938,49.95575892,7,9
1956,Yeni tikili,75,var,var,2,?n?aatç?lar m.,Yasamal r.,5377390,180000,vasit?çi (agent),var,https://bina.az/items/5377390,40.39007053,49.79436161,6,17
1957,Yeni tikili,125,yoxdur,var,3,Neapol dair?si,X?tai r.,5358860,165000,mülkiyy?tçi,Yoxdur,https://bina.az/items/5358860,40.3862313,49.96583104,7,16
1958,Yeni tikili,90,yoxdur,yoxdur,2,H?zi Aslanov m.,X?tai r.,5377386,159000,vasit?çi (agent),Yoxdur,https://bina.az/items/5377386,40.37174431,49.95045811,9,17
1959,Köhn? tikili,100,var,var,3,X?tai r.,?hm?dli q.,5355548,163000,vasit?çi (agent),var,https://bina.az/items/5355548,40.36656229,49.96291117,3,9
1960,Köhn? tikili,70,var,var,3,Yasamal bazar?,?n?aatç?lar m.,5377374,170000,vasit?çi (agent),Yoxdur,https://bina.az/items/5377374,40.38424137,49.80650859,4,5
1961,Yeni tikili,65,var,var,3,Neftçil?r m.,Qara Qarayev m.,5366908,179000,mülkiyy?tçi,Yoxdur,https://bina.az/items/5366908,40.41100673,49.93983476,10,16
1962,Köhn? tikili,65,var,var,3,Sabunçu r.,Bak?xanov q.,5377362,155000,vasit?çi (agent),Yoxdur,https://bina.az/items/5377362,40.4140626,49.96861849,5,5
1963,Köhn? tikili,60,var,var,2,Neftçil?r m.,Qara Qarayev m.,5301798,159000,vasit?çi (agent),Yoxdur,https://bina.az/items/5301798,40.4142493,49.93989706,3,9
1964,Köhn? tikili,60,var,var,3,Bin?q?di r.,7-ci mikrorayon q.,5359383,169999,mülkiyy?tçi,Yoxdur,https://bina.az/items/5359383,40.4301447,49.8531172,1,5
1965,Yeni tikili,75,var,var,2,H?zi Aslanov m.,X?tai r.,4875167,178000,mülkiyy?tçi,var,https://bina.az/items/4875167,40.37125837,49.95556355,5,17
1966,Yeni tikili,81,var,var,2,?n?aatç?lar m.,Yasamal r.,5377328,162000,vasit?çi (agent),var,https://bina.az/items/5377328,40.39188628,49.79216523,9,10
1967,Yeni tikili,55,var,var,2,H?zi Aslanov m.,X?tai r.,5377325,163000,mülkiyy?tçi,Yoxdur,https://bina.az/items/5377325,40.37295003,49.95326983,6,15
1968,Yeni tikili,112,var,var,3,?n?aatç?lar m.,Yasamal r.,5363321,170000,vasit?çi (agent),Yoxdur,https://bina.az/items/5363321,40.39408394,49.79757102,12,16
1969,Köhn? tikili,60,var,var,2,Space TV,Yasamal r.,5377305,160000,mülkiyy?tçi,Yoxdur,https://bina.az/items/5377305,40.36336816,49.8204635,1,5
1970,Yeni tikili,113,var,var,3,Sabunçu r.,Bak?xanov q.,5293462,170000,vasit?çi (agent),var,https://bina.az/items/5293462,40.4369527,49.9583745,7,19
1971,Köhn? tikili,42,var,var,2,N?rimanov heyk?li,Sovetski,5141281,160000,mülkiyy?tçi,Yoxdur,https://bina.az/items/5141281,40.36741164,49.82300935,4,4
1972,Yeni tikili,63,var,var,1,?n?aatç?lar m.,Yasamal r.,5359176,164000,vasit?çi (agent),var,https://bina.az/items/5359176,40.39029271,49.80265617,4,16
1973,Yeni tikili,85,yoxdur,yoxdur,2,Qara Qarayev m.,Neftçil?r m.,5114854,175000,mülkiyy?tçi,Yoxdur,https://bina.az/items/5114854,40.41250484,49.93557091,10,14
1974,Köhn? tikili,90,var,yoxdur,3,Xalqlar Dostlu?u m.,Nizami r.,5330365,172000,vasit?çi (agent),Yoxdur,https://bina.az/items/5330365,40.40165122,49.95203382,1,5
1975,Yeni tikili,50,var,var,2,20 Yanvar m.,?n?aatç?lar m.,5317049,155000,vasit?çi (agent),var,https://bina.az/items/5317049,40.39744039,49.80647203,11,17
1976,Yeni tikili,56,var,var,2,Park Zorge,Tibb Universiteti,5372227,165000,vasit?çi (agent),Yoxdur,https://bina.az/items/5372227,40.39344778,49.83494988,4,4
1977,Yeni tikili,67,var,var,1,N?riman N?rimanov m.,N?rimanov r.,5305782,173000,vasit?çi (agent),Yoxdur,https://bina.az/items/5305782,40.39968135,49.88131165,17,19
1978,Yeni tikili,78,var,yoxdur,2,['X?tai r.'],Yoxdur,5334712,166000,vasit?çi (agent),Yoxdur,https://bina.az/items/5334712,40.36860148,49.94011246,16,21
1979,Yeni tikili,70,var,var,2,?n?aatç?lar m.,Yasamal r.,5225264,169000,vasit?çi (agent),Yoxdur,https://bina.az/items/5225264,40.394,49.795,11,18
1980,Yeni tikili,65,var,var,2,X?tai r.,H?zi Aslanov q.,5321480,177000,mülkiyy?tçi,var,https://bina.az/items/5321480,40.37057534,49.94007303,10,16
1981,Köhn? tikili,70,var,var,2,Xaqani ba??,Sahil ba??,5291070,180000,vasit?çi (agent),Yoxdur,https://bina.az/items/5291070,40.37321191,49.84574318,2,3
1982,Yeni tikili,52,var,var,3,Azadl?q Prospekti m.,D?rn?gül m.,5377217,155000,vasit?çi (agent),var,https://bina.az/items/5377217,40.42561893,49.85213505,16,18
1983,Yeni tikili,52,var,var,2,20 Yanvar m.,?n?aatç?lar m.,5330717,155000,vasit?çi (agent),var,https://bina.az/items/5330717,40.39736271,49.80614671,14,19
1984,Yeni tikili,65,yoxdur,var,2,20 Yanvar m.,8 Noyabr m.,5377210,175000,vasit?çi (agent),Yoxdur,https://bina.az/items/5377210,40.40612568,49.81503004,11,13
1985,Yeni tikili,88,var,yoxdur,2,X?tai r.,H?zi Aslanov q.,5150302,159000,mülkiyy?tçi,var,https://bina.az/items/5150302,40.35561987,49.96058464,2,17
1986,Köhn? tikili,68,var,yoxdur,3,Xalqlar Dostlu?u m.,X?tai r.,5377206,175000,mülkiyy?tçi,var,https://bina.az/items/5377206,40.39446233,49.95910508,3,9
1987,Yeni tikili,59,yoxdur,yoxdur,1,Sabunçu r.,Nardaran q.,5054813,176000,mülkiyy?tçi,Yoxdur,https://bina.az/items/5054813,40.57724747,49.94037104,4,9
1988,Yeni tikili,55,var,var,2,H?zi Aslanov m.,X?tai r.,5377202,163000,vasit?çi (agent),var,https://bina.az/items/5377202,40.37248339,49.96251516,6,15
1989,Köhn? tikili,70,var,var,3,X?tai r.,H?zi Aslanov q.,5377189,177000,mülkiyy?tçi,Yoxdur,https://bina.az/items/5377189,40.37555322,49.92010136,2,4
1990,Yeni tikili,71,var,var,2,Neapol dair?si,X?tai r.,5377181,160000,vasit?çi (agent),Yoxdur,https://bina.az/items/5377181,40.38080671,49.96502135,7,20
1991,Yeni tikili,70,yoxdur,var,2,Azadl?q Prospekti m.,N?simi m.,5023087,178000,vasit?çi (agent),Yoxdur,https://bina.az/items/5023087,40.42188597,49.83626301,14,18
1992,Köhn? tikili,50,var,var,2,Space TV,Yasamal r.,5377173,178500,vasit?çi (agent),Yoxdur,https://bina.az/items/5377173,40.36351348,49.81964315,5,5
1993,Köhn? tikili,80,var,var,3,Xalqlar Dostlu?u m.,Nizami r.,5367849,180000,vasit?çi (agent),var,https://bina.az/items/5367849,40.39980648,49.95651156,6,9
1994,Köhn? tikili,100,var,var,3,Xalqlar Dostlu?u m.,Nizami r.,5370503,180000,vasit?çi (agent),var,https://bina.az/items/5370503,40.39725697,49.95857302,4,5
1995,Köhn? tikili,85,var,var,3,['X?tai r.'],Yoxdur,5369392,178000,vasit?çi (agent),var,https://bina.az/items/5369392,40.36459599,49.96039377,4,9
1996,Yeni tikili,75,var,var,2,Ukrayna dair?si,?hm?dli m.,5377149,177000,vasit?çi (agent),Yoxdur,https://bina.az/items/5377149,40.37915621,49.95746976,5,17
1997,Yeni tikili,47,yoxdur,yoxdur,1,Sabunçu r.,Nardaran q.,4671577,169500,vasit?çi (agent),Yoxdur,https://bina.az/items/4671577,40.575821,49.989346,2,7
1998,Yeni tikili,62,var,var,2,H?zi Aslanov m.,X?tai r.,5377130,175000,vasit?çi (agent),Yoxdur,https://bina.az/items/5377130,40.37109925,49.95519845,13,17
1999,Yeni tikili,83,yoxdur,var,2,Xalqlar Dostlu?u m.,Nizami r.,5337963,174000,vasit?çi (agent),Yoxdur,https://bina.az/items/5337963,40.40082025,49.95949745,9,17
2000,Köhn? tikili,75,var,var,3,Memar ?c?mi m.,N?simi r.,5322848,176000,vasit?çi (agent),Yoxdur,https://bina.az/items/5322848,40.41363871,49.8040732,2,5
2001,Köhn? tikili,65,var,var,2,Yasamal r.,Yeni Yasamal q.,5377119,164000,vasit?çi (agent),Yoxdur,https://bina.az/items/5377119,40.39284279,49.79078864,8,9
2002,Köhn? tikili,70,var,var,3,Azadl?q Prospekti m.,Bin?q?di r.,5198605,157000,vasit?çi (agent),Yoxdur,https://bina.az/items/5198605,40.42686597,49.84900361,5,5
2003,Yeni tikili,68,var,var,2,Yasamal r.,Yeni Yasamal q.,5307450,157000,mülkiyy?tçi,var,https://bina.az/items/5307450,40.38979293,49.79006071,14,19
2004,Yeni tikili,57,yoxdur,var,2,Neftçil?r m.,Qara Qarayev m.,5270094,157000,vasit?çi (agent),Yoxdur,https://bina.az/items/5270094,40.41496483,49.9448934,2,16
2005,Köhn? tikili,85,var,var,2,Bin?q?di r.,8-ci mikrorayon q.,5361608,175000,vasit?çi (agent),var,https://bina.az/items/5361608,40.41596959,49.84061761,9,13
2006,Köhn? tikili,58,yoxdur,var,2,R?ssaml?q Akademiyas?,Montin bazar?,4828651,180000,mülkiyy?tçi,Yoxdur,https://bina.az/items/4828651,40.3974623,49.87562238,1,5
2007,Köhn? tikili,70,var,var,3,Sabunçu r.,Bak?xanov q.,5278049,170000,vasit?çi (agent),var,https://bina.az/items/5278049,40.41170135,49.96898762,6,9
2008,Yeni tikili,74,yoxdur,var,3,Qara Qarayev m.,Nizami r.,4723948,165000,vasit?çi (agent),Yoxdur,https://bina.az/items/4723948,40.4182508,49.93477015,7,11
2009,Köhn? tikili,75,var,var,3,H?zi Aslanov m.,X?tai r.,5377091,168000,vasit?çi (agent),Yoxdur,https://bina.az/items/5377091,40.36394836,49.95479509,6,9
2010,Yeni tikili,55,var,var,2,Grand Hayat Residence,N?simi r.,5152897,178000,vasit?çi (agent),var,https://bina.az/items/5152897,40.39201202,49.81514125,10,13
2011,Köhn? tikili,90,var,var,3,S?bail r.,Badamdar q.,5161335,170000,vasit?çi (agent),Yoxdur,https://bina.az/items/5161335,40.35667102,49.81025901,9,9
2012,Köhn? tikili,100,var,var,3,9-cu mikrorayon q.,Bin?q?di r.,5353138,178000,vasit?çi (agent),var,https://bina.az/items/5353138,40.42412028,49.81265972,1,9
2013,Yeni tikili,85,var,var,2,Ukrayna dair?si,?hm?dli m.,5363567,175000,vasit?çi (agent),var,https://bina.az/items/5363567,40.37853235,49.9593845,5,16
2014,Köhn? tikili,85,var,var,3,Elml?r Akademiyas? m.,Hüseyn Cavid park?,5357357,162000,vasit?çi (agent),Yoxdur,https://bina.az/items/5357357,40.37509182,49.81505871,1,5
2015,Yeni tikili,99,var,var,3,?n?aatç?lar m.,Yasamal r.,5362135,175111,vasit?çi (agent),var,https://bina.az/items/5362135,40.39119342,49.7928571,9,19
2016,Yeni tikili,80,var,var,3,?n?aatç?lar m.,Yasamal r.,5053869,175000,vasit?çi (agent),Yoxdur,https://bina.az/items/5053869,40.39050309,49.79420803,16,17
2017,Yeni tikili,90,var,var,2,Melissa Park,20 Yanvar m.,5377018,180000,vasit?çi (agent),Yoxdur,https://bina.az/items/5377018,40.39983581,49.80364858,2,16
2018,Yeni tikili,77,var,var,2,?n?aatç?lar m.,Yasamal r.,5377013,170000,vasit?çi (agent),Yoxdur,https://bina.az/items/5377013,40.39171204,49.79697411,5,17
2019,Yeni tikili,81,var,var,2,Yasamal r.,Yeni Yasamal q.,5376984,162000,mülkiyy?tçi,var,https://bina.az/items/5376984,40.39030205,49.78977668,9,10
2020,Yeni tikili,95,var,var,3,Yasamal r.,Yeni Yasamal q.,5376969,169000,vasit?çi (agent),Yoxdur,https://bina.az/items/5376969,40.39021042,49.78811507,3,12
2021,Yeni tikili,75,var,var,2,['N?rimanov r.'],Yoxdur,5373295,200000,vasit?çi (agent),var,https://bina.az/items/5373295,40.39978385,49.88230515,12,19
2022,Köhn? tikili,50,var,var,2,Elml?r Akademiyas? m.,Yasamal r.,5169475,200000,vasit?çi (agent),Yoxdur,https://bina.az/items/5169475,40.379828,49.808782,3,4
2023,Yeni tikili,56,var,var,2,?ah ?smay?l X?tai m.,X?tai r.,5313788,187000,vasit?çi (agent),var,https://bina.az/items/5313788,40.38505501,49.87257901,7,13
2024,Köhn? tikili,80,var,var,3,20 Yanvar m.,Yasamal r.,5126594,185000,vasit?çi (agent),var,https://bina.az/items/5126594,40.40167412,49.80166298,7,9
2025,Yeni tikili,90,yoxdur,var,3,Yasamal r.,Yasamal q.,4946848,185456,Ya?ay?? Kompleksi,var,https://bina.az/items/4946848,40.40081506,49.80076,8,14
2026,Yeni tikili,60,var,var,3,D?rn?gül m.,Bin?q?di r.,5379776,187000,vasit?çi (agent),var,https://bina.az/items/5379776,40.42510278,49.86146208,10,16
2027,Yeni tikili,95,yoxdur,var,3,Yasamal r.,Yasamal q.,4947001,193800,Ya?ay?? Kompleksi,var,https://bina.az/items/4947001,40.40086742,49.80056778,7,14
2028,Köhn? tikili,55,var,var,2,Elml?r Akademiyas? m.,?nc?s?n?t v? M?d?niyy?t Un.,5272059,165000,vasit?çi (agent),Yoxdur,https://bina.az/items/5272059,40.37666009,49.81723475,1,5
2029,Köhn? tikili,55,var,var,2,N?rimanov heyk?li,Sovetski,5252396,165000,vasit?çi (agent),var,https://bina.az/items/5252396,40.36712612,49.82337455,7,7
2030,Köhn? tikili,80,var,var,3,?hm?dli m.,X?tai r.,5379762,165000,vasit?çi (agent),Yoxdur,https://bina.az/items/5379762,40.38729735,49.95569378,2,9
2031,Köhn? tikili,120,var,var,5,Nizami r.,8-ci kilometr q.,5379759,200000,vasit?çi (agent),var,https://bina.az/items/5379759,40.40805214,49.95713897,6,9
2032,Yeni tikili,90,var,var,2,H?zi Aslanov m.,X?tai r.,5319391,175000,vasit?çi (agent),Yoxdur,https://bina.az/items/5319391,40.37153009,49.95296567,15,19
2033,Yeni tikili,98,var,var,3,Yasamal r.,Yeni Yasamal q.,5214870,184000,vasit?çi (agent),var,https://bina.az/items/5214870,40.39831674,49.79821789,13,17
2034,Yeni tikili,56,yoxdur,var,2,Dövl?t Statistika Komit?si,?nc?s?n?t v? M?d?niyy?t Un.,5109038,183000,vasit?çi (agent),Yoxdur,https://bina.az/items/5109038,40.38244946,49.82088337,11,12
2035,Köhn? tikili,51,var,var,2,Dövl?t Statistika Komit?si,?zmir park?,5379742,160000,vasit?çi (agent),var,https://bina.az/items/5379742,40.38494408,49.82142765,2,5
2036,Yeni tikili,51,yoxdur,var,2,Bak? Slavyan Universiteti,Az?rbaycan Dill?r Universiteti,5108024,185000,vasit?çi (agent),Yoxdur,https://bina.az/items/5108024,40.38484555,49.84515507,15,17
2037,Yeni tikili,75,var,var,2,?n?aatç?lar m.,Yasamal r.,5254863,165000,vasit?çi (agent),Yoxdur,https://bina.az/items/5254863,40.394,49.795,2,18
2038,Köhn? tikili,120,var,var,4,Suraxan? r.,Suraxan? q.,5238350,160000,vasit?çi (agent),var,https://bina.az/items/5238350,40.36722851,49.97678518,9,9
2039,Köhn? tikili,75,var,var,3,R?ssaml?q Akademiyas?,Montin bazar?,5282717,190000,vasit?çi (agent),Yoxdur,https://bina.az/items/5282717,40.39829614,49.87692873,5,5
2040,Yeni tikili,135,var,yoxdur,3,?hm?dli m.,X?tai r.,5306139,188000,vasit?çi (agent),var,https://bina.az/items/5306139,40.38525882,49.95384693,11,17
2041,Yeni tikili,68,var,var,2,?n?aatç?lar m.,Yasamal r.,5366126,185000,vasit?çi (agent),Yoxdur,https://bina.az/items/5366126,40.39688476,49.80185789,6,19
2042,Yeni tikili,73,yoxdur,yoxdur,1,Zoopark,Dostluq kinoteatr?,5315706,192000,mülkiyy?tçi,Yoxdur,https://bina.az/items/5315706,40.38805488,49.84647915,3,17
2043,Yeni tikili,80,var,var,2,N?riman N?rimanov m.,N?rimanov r.,5243105,200000,vasit?çi (agent),Yoxdur,https://bina.az/items/5243105,40.40036141,49.88072227,12,19
2044,Yeni tikili,130,yoxdur,var,3,Yasamal r.,Yasamal q.,5266996,185000,vasit?çi (agent),Yoxdur,https://bina.az/items/5266996,40.41303998,49.80146173,20,22
2045,Yeni tikili,63,yoxdur,var,3,Neftçil?r m.,Nizami r.,5379713,165000,vasit?çi (agent),Yoxdur,https://bina.az/items/5379713,40.41015002,49.94353481,14,14
2046,Köhn? tikili,70,var,var,2,['Yasamal r.'],Yoxdur,5379706,165000,vasit?çi (agent),var,https://bina.az/items/5379706,40.37643558,49.79615347,5,9
2047,Yeni tikili,55,var,var,2,H?zi Aslanov m.,X?tai r.,5379702,163000,vasit?çi (agent),Yoxdur,https://bina.az/items/5379702,40.37279473,49.96241079,6,15
2048,Yeni tikili,70,var,var,2,Ukrayna dair?si,H?zi Aslanov m.,5302213,164000,vasit?çi (agent),Yoxdur,https://bina.az/items/5302213,40.37703313,49.95242105,9,14
2049,Yeni tikili,78,var,yoxdur,2,H?zi Aslanov m.,X?tai r.,5302356,167000,vasit?çi (agent),Yoxdur,https://bina.az/items/5302356,40.37144058,49.94464588,17,21
2050,Yeni tikili,91,var,var,2,['X?tai r.'],Yoxdur,4969142,189000,mülkiyy?tçi,Yoxdur,https://bina.az/items/4969142,40.36313161,49.95039568,9,10
2051,Köhn? tikili,68,var,var,2,Port Baku,Crescent Bay,5329278,200000,vasit?çi (agent),Yoxdur,https://bina.az/items/5329278,40.37651088,49.85869952,8,14
2052,Yeni tikili,70,yoxdur,var,2,Memarl?q v? ?n?aat Universiteti,Bak? Dövl?t Universiteti,5360686,175000,vasit?çi (agent),Yoxdur,https://bina.az/items/5360686,40.36896513,49.80935536,5,17
2053,Köhn? tikili,50,var,var,2,Space TV,?ç?ri ??h?r m.,5379686,160000,vasit?çi (agent),Yoxdur,https://bina.az/items/5379686,40.36311861,49.821039,1,5
2054,Yeni tikili,70,var,var,2,['Yasamal r.'],Yoxdur,5379685,165000,vasit?çi (agent),var,https://bina.az/items/5379685,40.37641379,49.79612155,5,9
2055,Yeni tikili,56,yoxdur,yoxdur,1,Sabunçu r.,Nardaran q.,5379679,175000,vasit?çi (agent),Yoxdur,https://bina.az/items/5379679,40.56995669,49.9406238,6,7
2056,Yeni tikili,85,var,var,2,H?zi Aslanov m.,X?tai r.,5338856,193000,vasit?çi (agent),var,https://bina.az/items/5338856,40.37311751,49.94968563,13,17
2057,Köhn? tikili,80,var,var,3,Neftçil?r m.,Nizami r.,5379659,200000,vasit?çi (agent),Yoxdur,https://bina.az/items/5379659,40.40392749,49.95162618,6,9
2058,Yeni tikili,75,var,var,2,Ukrayna dair?si,H?zi Aslanov m.,5379666,177000,vasit?çi (agent),var,https://bina.az/items/5379666,40.37573303,49.95526463,5,17
2059,Yeni tikili,80,yoxdur,var,3,Neftçil?r m.,Nizami r.,5376151,180000,mülkiyy?tçi,Yoxdur,https://bina.az/items/5376151,40.4107382,49.9384708,2,5
2060,Köhn? tikili,74,var,var,3,?n?aatç?lar m.,Yasamal r.,5339922,175000,vasit?çi (agent),var,https://bina.az/items/5339922,40.394,49.795,6,9
2061,Yeni tikili,65,yoxdur,var,2,['Bin?q?di r.'],Yoxdur,4640689,185000,vasit?çi (agent),Yoxdur,https://bina.az/items/4640689,40.41308455,49.83793296,10,16
2062,Köhn? tikili,50,var,var,2,F?vvar?l?r meydan?,Xalça Muzeyi,5217149,190000,vasit?çi (agent),Yoxdur,https://bina.az/items/5217149,40.3713115,49.84027147,1,2
2063,Yeni tikili,70,var,var,2,20 Yanvar m.,Yasamal r.,5288381,195000,vasit?çi (agent),var,https://bina.az/items/5288381,40.39683784,49.80888963,6,16
2064,Yeni tikili,76,var,var,2,H?zi Aslanov m.,X?tai r.,5335490,177000,vasit?çi (agent),var,https://bina.az/items/5335490,40.37398318,49.9431418,10,18
2065,Köhn? tikili,75,var,var,3,Space TV,Texniki Universiteti,5116247,185000,vasit?çi (agent),Yoxdur,https://bina.az/items/5116247,40.36636904,49.81664397,4,5
2066,Yeni tikili,60,yoxdur,var,2,T?hsil Nazirliyi,G?nclik m.,5379627,193000,vasit?çi (agent),var,https://bina.az/items/5379627,40.39305285,49.85804217,8,11
2067,Köhn? tikili,90,var,var,3,X?tai r.,Köhn? Gün??li q.,5347990,163000,vasit?çi (agent),var,https://bina.az/items/5347990,40.36369678,49.96045673,3,9
2068,Köhn? tikili,80,var,var,3,H?zi Aslanov m.,X?tai r.,5246703,180000,vasit?çi (agent),Yoxdur,https://bina.az/items/5246703,40.37309748,49.95346069,7,9
2069,Yeni tikili,58,var,var,2,?n?aatç?lar m.,Yasamal r.,5361852,196000,vasit?çi (agent),var,https://bina.az/items/5361852,40.38721417,49.80565503,18,19
2070,Yeni tikili,60,yoxdur,var,2,N?riman N?rimanov m.,N?rimanov r.,5379613,185000,vasit?çi (agent),Yoxdur,https://bina.az/items/5379613,40.39806685,49.86563038,8,14
2071,Yeni tikili,100,yoxdur,var,3,Memar ?c?mi m.,Bin?q?di r.,5379609,189000,vasit?çi (agent),Yoxdur,https://bina.az/items/5379609,40.41853259,49.81130383,7,16
2072,Yeni tikili,80,var,var,2,?hm?dli m.,X?tai r.,5334413,198000,vasit?çi (agent),Yoxdur,https://bina.az/items/5334413,40.38525882,49.95384693,5,16
2073,Köhn? tikili,110,var,yoxdur,4,Ukrayna dair?si,H?zi Aslanov m.,5379600,185000,vasit?çi (agent),var,https://bina.az/items/5379600,40.37844654,49.9518314,6,9
2074,Yeni tikili,65,var,var,2,Nizami r.,8-ci kilometr q.,5357975,165000,vasit?çi (agent),var,https://bina.az/items/5357975,40.40123359,49.93841887,5,17
2075,Yeni tikili,143,yoxdur,var,3,['N?simi r.'],Yoxdur,5379585,192000,vasit?çi (agent),Yoxdur,https://bina.az/items/5379585,40.41288618,49.80223301,20,23
2076,Yeni tikili,78,var,var,2,H?zi Aslanov m.,?hm?dli m.,5379582,177000,vasit?çi (agent),var,https://bina.az/items/5379582,40.37868666,49.95969273,5,16
2077,Köhn? tikili,75,var,var,3,H?zi Aslanov m.,X?tai r.,5379580,165000,vasit?çi (agent),Yoxdur,https://bina.az/items/5379580,40.37267414,49.95228325,5,5
2078,Yeni tikili,54,var,var,2,?n?aatç?lar m.,Yasamal r.,5379576,165000,vasit?çi (agent),Yoxdur,https://bina.az/items/5379576,40.39033014,49.79424522,8,10
2079,Yeni tikili,58,var,var,2,Memar ?c?mi m.,20 Yanvar m.,5314596,199000,vasit?çi (agent),Yoxdur,https://bina.az/items/5314596,40.41062058,49.81355667,8,18
2080,Köhn? tikili,60,var,var,3,Yasamal bazar?,ASAN Xidm?t ?3,5379563,189000,vasit?çi (agent),Yoxdur,https://bina.az/items/5379563,40.38028159,49.80459775,3,5
2081,Köhn? tikili,50,var,var,2,S?bail r.,Bay?l q.,5316193,173000,vasit?çi (agent),Yoxdur,https://bina.az/items/5316193,40.34416848,49.84061644,4,5
2082,Yeni tikili,63,var,var,2,D?rn?gül m.,Bin?q?di r.,5379557,171000,vasit?çi (agent),Yoxdur,https://bina.az/items/5379557,40.42497985,49.8619478,5,17
2083,Köhn? tikili,70,var,var,2,Z?rif? ?liyeva ad?na park,N?simi m.,5379551,160000,vasit?çi (agent),var,https://bina.az/items/5379551,40.42380136,49.82263842,7,9
2084,Yeni tikili,46,yoxdur,yoxdur,1,Sabunçu r.,Nardaran q.,5220813,169500,vasit?çi (agent),Yoxdur,https://bina.az/items/5220813,40.58393695,49.95758865,3,7
2085,Köhn? tikili,80,var,var,3,?nc?s?n?t v? M?d?niyy?t Un.,Dövl?t Statistika Komit?si,5318391,187000,vasit?çi (agent),Yoxdur,https://bina.az/items/5318391,40.38047254,49.81980103,4,4
2086,Köhn? tikili,105,var,var,4,Nizami r.,8-ci kilometr q.,5343069,188000,vasit?çi (agent),var,https://bina.az/items/5343069,40.4086616,49.95759771,8,9
2087,Köhn? tikili,70,var,var,3,X?tai r.,?hm?dli q.,5373452,183000,mülkiyy?tçi,Yoxdur,https://bina.az/items/5373452,40.37705617,49.96787825,2,9
2088,Köhn? tikili,68,var,var,3,Elml?r Akademiyas? m.,Yasamal r.,5303489,195000,vasit?çi (agent),Yoxdur,https://bina.az/items/5303489,40.38253798,49.81473065,4,5
2089,Yeni tikili,94,var,var,2,H?zi Aslanov m.,X?tai r.,5379506,187000,vasit?çi (agent),Yoxdur,https://bina.az/items/5379506,40.37138067,49.95241152,15,17
2090,Köhn? tikili,120,var,var,5,['Nizami r.'],Yoxdur,5379493,200000,vasit?çi (agent),var,https://bina.az/items/5379493,40.4086351,49.95647192,6,9
2091,Yeni tikili,69,var,var,2,Bin?q?di r.,Bil?c?ri q.,5264499,170000,vasit?çi (agent),Yoxdur,https://bina.az/items/5264499,40.4317263,49.78729248,6,15
2092,Yeni tikili,93,var,yoxdur,2,Suraxan? r.,Yeni Gün??li q.,5379488,195000,mülkiyy?tçi,var,https://bina.az/items/5379488,40.38171954,49.97768145,9,12
2093,Köhn? tikili,80,var,var,3,H?zi Aslanov m.,X?tai r.,5379480,172000,vasit?çi (agent),Yoxdur,https://bina.az/items/5379480,40.36868725,49.95445183,6,9
2094,Yeni tikili,88,var,var,3,Yasamal r.,Yasamal q.,5379476,186000,mülkiyy?tçi,Yoxdur,https://bina.az/items/5379476,40.37289916,49.79981339,5,9
2095,Yeni tikili,71,var,var,3,Yasamal bazar?,?n?aatç?lar m.,5346023,179000,vasit?çi (agent),Yoxdur,https://bina.az/items/5346023,40.38395236,49.80549057,17,17
2096,Yeni tikili,90,var,var,3,Azadl?q Prospekti m.,Bin?q?di r.,5379477,183000,vasit?çi (agent),Yoxdur,https://bina.az/items/5379477,40.43340193,49.84342323,2,13
2097,Köhn? tikili,90,var,var,3,Memar ?c?mi m.,Bin?q?di r.,5225700,187000,vasit?çi (agent),var,https://bina.az/items/5225700,40.42110199,49.81447227,4,9
2098,Köhn? tikili,85,var,var,3,Memar ?c?mi m.,Bin?q?di r.,5224888,190000,vasit?çi (agent),var,https://bina.az/items/5224888,40.41677714,49.80535317,8,9
2099,Yeni tikili,90,var,var,2,Azadl?q Prospekti m.,D?rn?gül m.,5371270,191000,vasit?çi (agent),var,https://bina.az/items/5371270,40.4256365,49.85182974,8,19
2100,Yeni tikili,67,var,var,2,Azadl?q Prospekti m.,D?rn?gül m.,5368550,193000,vasit?çi (agent),var,https://bina.az/items/5368550,40.42589785,49.85182974,11,18
2101,Yeni tikili,85,var,var,3,H?zi Aslanov m.,X?tai r.,5379469,175000,vasit?çi (agent),Yoxdur,https://bina.az/items/5379469,40.3691773,49.95458408,8,9
2102,Yeni tikili,50,var,var,2,Azadl?q Prospekti m.,D?rn?gül m.,4983315,164000,vasit?çi (agent),var,https://bina.az/items/4983315,40.42574961,49.85187755,4,17
2103,Köhn? tikili,100,var,var,4,?hm?dli m.,X?tai r.,5372165,179000,vasit?çi (agent),var,https://bina.az/items/5372165,40.38332354,49.9579595,1,9
2104,Köhn? tikili,52,var,var,2,Neftçi bazas?,D?M,5379459,175000,mülkiyy?tçi,var,https://bina.az/items/5379459,40.40187675,49.83938292,8,9
2105,Yeni tikili,48,var,var,2,20 Yanvar m.,Yasamal r.,5303756,172000,vasit?çi (agent),var,https://bina.az/items/5303756,40.40373634,49.80739543,8,18
2106,Köhn? tikili,85,var,var,3,?hm?dli m.,X?tai r.,5296351,174000,vasit?çi (agent),var,https://bina.az/items/5296351,40.38629564,49.95772281,8,9
2107,Yeni tikili,70,var,var,2,Azadl?q Prospekti m.,D?rn?gül m.,5052552,195000,vasit?çi (agent),var,https://bina.az/items/5052552,40.42570184,49.85182974,10,12
2108,Yeni tikili,65,var,var,1,?n?aatç?lar m.,Yasamal r.,5067540,164000,vasit?çi (agent),var,https://bina.az/items/5067540,40.38907489,49.80231322,4,17
2109,Yeni tikili,70,var,var,3,Azadl?q Prospekti m.,D?rn?gül m.,5273104,195000,vasit?çi (agent),var,https://bina.az/items/5273104,40.42570184,49.85225889,9,18
2110,Yeni tikili,60,var,var,2,Azadl?q Prospekti m.,D?rn?gül m.,4994411,171000,vasit?çi (agent),var,https://bina.az/items/4994411,40.42570184,49.85191557,5,17
2111,Yeni tikili,85,var,var,2,Azadl?q Prospekti m.,D?rn?gül m.,5087037,195000,vasit?çi (agent),var,https://bina.az/items/5087037,40.42557116,49.8520014,10,17
2112,Köhn? tikili,80,var,var,3,G?nclik m.,Respublika stadionu,5361163,195000,vasit?çi (agent),Yoxdur,https://bina.az/items/5361163,40.40332163,49.8546773,5,5
2113,Yeni tikili,82,var,var,2,Azadl?q Prospekti m.,D?rn?gül m.,5306469,190000,vasit?çi (agent),var,https://bina.az/items/5306469,40.42583251,49.85225889,3,17
2114,Köhn? tikili,55,var,var,2,N?rimanov heyk?li,Sovetski,5379436,168000,vasit?çi (agent),Yoxdur,https://bina.az/items/5379436,40.36907488,49.82206272,5,5
2115,Yeni tikili,96,yoxdur,yoxdur,3,Bin?q?di r.,7-ci mikrorayon q.,4965982,193320,Ya?ay?? Kompleksi,var,https://bina.az/items/4965982,40.43263365,49.86122119,5,14
2116,Yeni tikili,76,yoxdur,yoxdur,2,Qara Qarayev m.,Nizami r.,5379434,185000,vasit?çi (agent),Yoxdur,https://bina.az/items/5379434,40.41812979,49.93399827,7,17
2117,Yeni tikili,90,var,var,2,Yeni Yasamal q.,Yasamal r.,5379431,187000,vasit?çi (agent),Yoxdur,https://bina.az/items/5379431,40.38634013,49.78755419,16,18
2118,Yeni tikili,95,yoxdur,var,2,['Yasamal r.'],Yoxdur,4621095,165000,vasit?çi (agent),Yoxdur,https://bina.az/items/4621095,40.41254476,49.7997009,21,22
2119,Yeni tikili,63,yoxdur,yoxdur,2,Dövl?t Statistika Komit?si,?nc?s?n?t v? M?d?niyy?t Un.,5379421,185000,vasit?çi (agent),Yoxdur,https://bina.az/items/5379421,40.3840225,49.82032133,10,12
2120,Köhn? tikili,80,var,var,3,?hm?dli m.,X?tai r.,5379419,163000,vasit?çi (agent),Yoxdur,https://bina.az/items/5379419,40.38677639,49.95657891,9,19
2121,Yeni tikili,56,var,var,2,T?hsil Nazirliyi,??rq bazar?,5369605,186000,vasit?çi (agent),var,https://bina.az/items/5369605,40.38943804,49.85785798,4,16
2122,Yeni tikili,80,var,var,3,ASAN Xidm?t ?3,Yasamal r.,5236721,188000,vasit?çi (agent),var,https://bina.az/items/5236721,40.37616646,49.80225887,5,9
2123,Yeni tikili,86,var,var,2,H?zi Aslanov m.,X?tai r.,5295596,193000,vasit?çi (agent),var,https://bina.az/items/5295596,40.37309748,49.95346069,13,18
2124,Köhn? tikili,75,var,var,3,?n?aatç?lar m.,Yasamal r.,5359830,192000,vasit?çi (agent),Yoxdur,https://bina.az/items/5359830,40.39199136,49.80556177,4,5
2125,Yeni tikili,67,var,var,2,D?rn?gül m.,Bin?q?di r.,5370022,192000,vasit?çi (agent),var,https://bina.az/items/5370022,40.4248293,49.8559258,12,17
2126,Yeni tikili,68,var,var,2,Bin?q?di r.,7-ci mikrorayon q.,5317502,170000,vasit?çi (agent),Yoxdur,https://bina.az/items/5317502,40.4308307,49.85586378,6,17
2127,Yeni tikili,95,var,var,2,['Yasamal r.'],Yoxdur,4885336,186000,vasit?çi (agent),var,https://bina.az/items/4885336,40.41124247,49.79972529,11,19
2128,Yeni tikili,54,var,var,2,Rusiya s?firliyi,Sevil Qaz?yeva park?,5377257,195000,vasit?çi (agent),var,https://bina.az/items/5377257,40.38633544,49.83339407,4,16
2129,Yeni tikili,97,var,var,3,?n?aatç?lar m.,Yasamal r.,4232139,175000,mülkiyy?tçi,var,https://bina.az/items/4232139,40.394,49.795,2,12
2130,Yeni tikili,62,var,var,2,Neftçil?r m.,Nizami r.,5379392,165000,vasit?çi (agent),var,https://bina.az/items/5379392,40.41235567,49.9465818,4,13
2131,Köhn? tikili,60,var,var,3,Xalqlar Dostlu?u m.,?hm?dli m.,5351053,165000,vasit?çi (agent),var,https://bina.az/items/5351053,40.39295281,49.9547037,8,9
2132,Köhn? tikili,85,var,var,3,?hm?dli m.,X?tai r.,5379390,170000,vasit?çi (agent),var,https://bina.az/items/5379390,40.38977045,49.96290627,5,9
2133,Yeni tikili,80,var,var,3,?n?aatç?lar m.,Yasamal r.,5317221,168000,vasit?çi (agent),var,https://bina.az/items/5317221,40.394,49.795,8,18
2134,Yeni tikili,56,yoxdur,var,2,Yasamal r.,Yasamal q.,5379384,162000,vasit?çi (agent),Yoxdur,https://bina.az/items/5379384,40.36789864,49.79643131,6,16
2135,Yeni tikili,71,var,var,3,Yasamal bazar?,?n?aatç?lar m.,5152490,179000,vasit?çi (agent),var,https://bina.az/items/5152490,40.38416733,49.80367103,17,17
2136,Yeni tikili,62,yoxdur,var,2,T?hsil Nazirliyi,N?rimanov r.,5198431,199500,mülkiyy?tçi,Yoxdur,https://bina.az/items/5198431,40.39520831,49.86293939,11,16
2137,Yeni tikili,82,var,var,2,?n?aatç?lar m.,Yasamal r.,5379365,162000,vasit?çi (agent),var,https://bina.az/items/5379365,40.38628599,49.79345505,9,10
2138,Yeni tikili,82,var,var,3,Azadl?q Prospekti m.,D?rn?gül m.,4973095,180000,vasit?çi (agent),var,https://bina.az/items/4973095,40.4256365,49.8520014,17,17
2139,Yeni tikili,60,var,var,2,S?bail r.,Bay?l q.,5346230,160000,vasit?çi (agent),var,https://bina.az/items/5346230,40.32865523,49.8254992,4,16
2140,Yeni tikili,107,var,var,3,H?zi Aslanov m.,X?tai r.,5379352,200000,vasit?çi (agent),var,https://bina.az/items/5379352,40.37242051,49.95046982,4,17
2141,Yeni tikili,60,var,var,2,Rusiya s?firliyi,Zabitl?r park?,5312206,195000,vasit?çi (agent),var,https://bina.az/items/5312206,40.38661784,49.83486911,4,16
2142,Yeni tikili,47,var,var,2,Montin bazar?,R?ssaml?q Akademiyas?,5375284,180000,vasit?çi (agent),var,https://bina.az/items/5375284,40.39452079,49.8750208,6,16
2143,Köhn? tikili,90,var,var,3,N?simi bazar?,Park Zorge,5376530,192000,vasit?çi (agent),var,https://bina.az/items/5376530,40.39292077,49.83752533,9,9
2144,Köhn? tikili,96,var,var,3,ASAN Xidm?t ?1,Tibb Universiteti,5379342,190000,vasit?çi (agent),var,https://bina.az/items/5379342,40.39845403,49.83489948,1,9
2145,Yeni tikili,99,yoxdur,var,2,Sabunçu r.,Nardaran q.,5367495,200000,mülkiyy?tçi,var,https://bina.az/items/5367495,40.57842864,49.93501517,5,7
2146,Köhn? tikili,70,var,var,2,Ayna Sultanova heyk?li,N?rimanov r.,5318916,180000,vasit?çi (agent),Yoxdur,https://bina.az/items/5318916,40.41824085,49.84489433,8,9
2147,Yeni tikili,68,var,var,3,Sovetski,Nizami m.,5369905,199000,vasit?çi (agent),var,https://bina.az/items/5369905,40.37443213,49.82419814,2,7
2148,Köhn? tikili,90,var,var,3,Xalqlar Dostlu?u m.,?hm?dli m.,5343588,197000,vasit?çi (agent),var,https://bina.az/items/5343588,40.39236451,49.95336914,9,10
2149,Yeni tikili,78,var,var,2,H?zi Aslanov m.,X?tai r.,5270635,169000,vasit?çi (agent),var,https://bina.az/items/5270635,40.37309748,49.95346069,16,18
2150,Yeni tikili,46,var,var,2,S?bail r.,??xov q.,5348980,170000,mülkiyy?tçi,var,https://bina.az/items/5348980,40.30536903,49.77994323,5,6
2151,Yeni tikili,78,var,var,3,?n?aatç?lar m.,Yasamal r.,5379316,175000,vasit?çi (agent),Yoxdur,https://bina.az/items/5379316,40.39048251,49.7941935,16,18
2152,Yeni tikili,135,var,yoxdur,3,['X?tai r.'],Yoxdur,5070047,197000,vasit?çi (agent),var,https://bina.az/items/5070047,40.36178792,49.9604796,12,16
2153,Köhn? tikili,70,var,var,3,Elml?r Akademiyas? m.,Yasamal r.,5235882,199000,vasit?çi (agent),Yoxdur,https://bina.az/items/5235882,40.37819803,49.81139737,4,5
2154,Köhn? tikili,65,var,var,2,Cavan?ir körpüsü,?ah ?smay?l X?tai m.,5300661,189000,vasit?çi (agent),var,https://bina.az/items/5300661,40.37973054,49.86283864,4,5
2155,Köhn? tikili,120,var,var,5,Neftçil?r m.,Nizami r.,5379322,200000,vasit?çi (agent),var,https://bina.az/items/5379322,40.40963431,49.95468347,6,9
2156,Köhn? tikili,65,var,var,2,Ayna Sultanova heyk?li,N?rimanov r.,5379312,180000,vasit?çi (agent),var,https://bina.az/items/5379312,40.41096925,49.84592669,8,9
2157,Yeni tikili,95,yoxdur,var,4,Suraxan? r.,Yeni Gün??li q.,4996475,160000,vasit?çi (agent),Yoxdur,https://bina.az/items/4996475,40.38701813,49.98086202,4,16
2158,Yeni tikili,70,yoxdur,var,3,Neftçil?r m.,Nizami r.,5371627,178999,vasit?çi (agent),Yoxdur,https://bina.az/items/5371627,40.4079352,49.93733479,15,18
2159,Yeni tikili,55,var,var,2,H?zi Aslanov m.,X?tai r.,5376645,163000,vasit?çi (agent),Yoxdur,https://bina.az/items/5376645,40.37238596,49.96256609,6,15
2160,Yeni tikili,70,yoxdur,var,2,Azadl?q Prospekti m.,N?simi m.,5353448,195000,mülkiyy?tçi,Yoxdur,https://bina.az/items/5353448,40.42194945,49.83588062,16,19
2161,Yeni tikili,87,var,var,2,Yasamal r.,Yeni Yasamal q.,5076065,162000,vasit?çi (agent),Yoxdur,https://bina.az/items/5076065,40.39502036,49.78966797,15,16
2162,Köhn? tikili,115,var,var,5,Bin?q?di r.,Bil?c?ri q.,5173487,200000,mülkiyy?tçi,var,https://bina.az/items/5173487,40.44189034,49.80832088,5,9
2163,Yeni tikili,82,yoxdur,yoxdur,2,?n?aatç?lar m.,Yasamal r.,5304407,190000,vasit?çi (agent),Yoxdur,https://bina.az/items/5304407,40.39061187,49.8048617,8,12
2164,Yeni tikili,135,var,var,3,H?zi Aslanov m.,X?tai r.,5268505,189000,vasit?çi (agent),Yoxdur,https://bina.az/items/5268505,40.37342858,49.96484842,7,12
2165,Yeni tikili,53,var,var,2,Elml?r Akademiyas? m.,Yasamal r.,4813830,200000,vasit?çi (agent),var,https://bina.az/items/4813830,40.3833638,49.81082603,3,20
2166,Yeni tikili,75,var,var,2,H?zi Aslanov m.,X?tai r.,4959571,173000,vasit?çi (agent),Yoxdur,https://bina.az/items/4959571,40.37120289,49.95675166,5,17
2167,Yeni tikili,71,var,var,3,Yasamal bazar?,?n?aatç?lar m.,4587746,179000,mülkiyy?tçi,Yoxdur,https://bina.az/items/4587746,40.38394308,49.80532765,17,17
2168,Köhn? tikili,85,var,var,3,H?zi Aslanov m.,X?tai r.,4964445,185000,mülkiyy?tçi,var,https://bina.az/items/4964445,40.37304812,49.95970713,2,9
2169,Yeni tikili,39,var,var,2,Az?rbaycan turizm institutu,G?nclik m.,5072879,163000,vasit?çi (agent),var,https://bina.az/items/5072879,40.39787784,49.86192189,8,17
2170,Yeni tikili,105,var,var,3,H?zi Aslanov m.,X?tai r.,5379251,200000,vasit?çi (agent),var,https://bina.az/items/5379251,40.37281978,49.95519133,4,17
2171,Yeni tikili,112,var,var,3,Bin?q?di r.,Bil?c?ri q.,5379248,200000,vasit?çi (agent),Yoxdur,https://bina.az/items/5379248,40.440334,49.8056617,16,17
2172,Yeni tikili,90,var,var,4,H?zi Aslanov m.,X?tai r.,5242842,198000,mülkiyy?tçi,var,https://bina.az/items/5242842,40.37154446,49.95085359,6,18
2173,Yeni tikili,86,var,var,3,?n?aatç?lar m.,Yasamal r.,5379233,180000,vasit?çi (agent),var,https://bina.az/items/5379233,40.39228004,49.79405396,8,17
2174,Köhn? tikili,56,var,var,2,Neftçi bazas?,D?M,5151086,200000,vasit?çi (agent),var,https://bina.az/items/5151086,40.40313246,49.8378427,2,5
2175,Köhn? tikili,90,var,var,3,?hm?dli m.,X?tai r.,5222058,195000,mülkiyy?tçi,Yoxdur,https://bina.az/items/5222058,40.382631,49.945952,3,5
2176,Yeni tikili,112,var,var,3,Bin?q?di r.,Bil?c?ri q.,5357085,200000,mülkiyy?tçi,var,https://bina.az/items/5357085,40.43179163,49.78729248,16,17
2177,Köhn? tikili,80,var,var,3,X?tai r.,?hm?dli q.,5349344,188000,mülkiyy?tçi,var,https://bina.az/items/5349344,40.36163482,49.96201861,4,9
2178,Köhn? tikili,85,var,var,3,?n?aatç?lar m.,Yasamal r.,5373765,176000,vasit?çi (agent),var,https://bina.az/items/5373765,40.3931502,49.79980652,5,9
2179,Köhn? tikili,70,var,var,3,H?zi Aslanov m.,X?tai r.,5292293,175000,vasit?çi (agent),Yoxdur,https://bina.az/items/5292293,40.3708261,49.95390981,8,9
2180,Yeni tikili,55,yoxdur,var,2,N?riman N?rimanov m.,Bakmil m.,5257504,200000,vasit?çi (agent),Yoxdur,https://bina.az/items/5257504,40.40607827,49.87405187,8,17
2181,Köhn? tikili,75,var,var,3,?hm?dli m.,X?tai r.,5379188,192000,vasit?çi (agent),var,https://bina.az/items/5379188,40.38792659,49.9568525,4,9
2182,Yeni tikili,120,var,yoxdur,3,Melissa Park,20 Yanvar m.,5364736,190000,vasit?çi (agent),Yoxdur,https://bina.az/items/5364736,40.39913744,49.80763071,8,16
2183,Köhn? tikili,65,var,var,2,N?riman N?rimanov m.,N?rimanov r.,5379171,195000,mülkiyy?tçi,var,https://bina.az/items/5379171,40.4089166,49.8639996,5,5
2184,Köhn? tikili,48,var,var,2,Dövl?t Statistika Komit?si,?zmir park?,5379152,185000,mülkiyy?tçi,Yoxdur,https://bina.az/items/5379152,40.38484248,49.82266355,7,9
2185,Köhn? tikili,84,var,var,3,N?simi bazar?,Park Zorge,5321417,192000,mülkiyy?tçi,var,https://bina.az/items/5321417,40.39294682,49.83758169,9,9
2186,Yeni tikili,91,var,var,3,Suraxan? r.,Qaraçuxur q.,5379146,195000,mülkiyy?tçi,Yoxdur,https://bina.az/items/5379146,40.39788135,49.97317383,9,14
2187,Yeni tikili,65,var,var,2,Grand Hayat Residence,8 Noyabr m.,5372012,195000,vasit?çi (agent),Yoxdur,https://bina.az/items/5372012,40.39474547,49.81679911,20,20
2188,Yeni tikili,40,var,var,2,??rq bazar?,N?rimanov r.,3938295,165000,vasit?çi (agent),Yoxdur,https://bina.az/items/3938295,40.3900464,49.85512464,11,16
2189,Yeni tikili,44,var,yoxdur,2,ASAN Xidm?t ?1,Neftçi bazas?,4004615,172000,vasit?çi (agent),Yoxdur,https://bina.az/items/4004615,40.39818576,49.8384145,12,18
2190,Yeni tikili,78,var,var,3,Suraxan? r.,Yeni Gün??li q.,5361942,160000,mülkiyy?tçi,var,https://bina.az/items/5361942,40.38501439,49.97515989,7,9
2191,Köhn? tikili,60,var,var,2,Bak? Slavyan Universiteti,28 May m.,5324514,180000,vasit?çi (agent),Yoxdur,https://bina.az/items/5324514,40.38308657,49.84746095,3,5
2192,Yeni tikili,36,var,var,2,N?riman N?rimanov m.,G?nclik m.,5301492,160000,vasit?çi (agent),var,https://bina.az/items/5301492,40.39989705,49.86498665,12,17
2193,Köhn? tikili,67,var,var,3,G?nclik m.,N?rimanov r.,5214613,195000,vasit?çi (agent),var,https://bina.az/items/5214613,40.40590642,49.84906875,2,9
2194,Yeni tikili,54,yoxdur,yoxdur,1,Sabunçu r.,Nardaran q.,4212397,191000,vasit?çi (agent),Yoxdur,https://bina.az/items/4212397,40.575821,49.989346,3,7
2195,Yeni tikili,57,yoxdur,yoxdur,1,Sabunçu r.,Nardaran q.,4528397,169500,vasit?çi (agent),Yoxdur,https://bina.az/items/4528397,40.57849996,49.9393979,4,9
2196,Yeni tikili,77,yoxdur,var,3,Yasamal r.,Yeni Yasamal q.,5223537,193000,mülkiyy?tçi,Yoxdur,https://bina.az/items/5223537,40.39597719,49.78815999,13,16
2197,Yeni tikili,96,var,var,3,X?tai r.,?hm?dli q.,5284765,183000,mülkiyy?tçi,var,https://bina.az/items/5284765,40.3878371,49.96733308,18,18
2198,Yeni tikili,58,yoxdur,yoxdur,1,Sabunçu r.,Nardaran q.,4675929,195000,vasit?çi (agent),Yoxdur,https://bina.az/items/4675929,40.58030776,49.93457006,3,8
2199,Köhn? tikili,120,var,var,4,H?zi Aslanov m.,X?tai r.,5267334,163000,vasit?çi (agent),var,https://bina.az/items/5267334,40.36991615,49.96059849,4,9
2200,Yeni tikili,76,yoxdur,yoxdur,2,20 Yanvar m.,Yasamal r.,5372519,182400,vasit?çi (agent),Yoxdur,https://bina.az/items/5372519,40.40317979,49.80082678,14,18
2201,Yeni tikili,76,var,var,2,H?zi Aslanov m.,X?tai r.,5338877,198000,vasit?çi (agent),var,https://bina.az/items/5338877,40.37206431,49.94498491,5,16
2202,Yeni tikili,75,var,var,3,Bin?q?di r.,7-ci mikrorayon q.,5327453,199000,vasit?çi (agent),var,https://bina.az/items/5327453,40.4301447,49.8531172,5,16
2203,Köhn? tikili,90,var,var,3,N?riman N?rimanov m.,N?rimanov r.,5379122,198000,vasit?çi (agent),var,https://bina.az/items/5379122,40.40506152,49.86753669,9,9
2204,Yeni tikili,58,var,var,2,Bin?q?di r.,8-ci mikrorayon q.,5379116,175000,vasit?çi (agent),var,https://bina.az/items/5379116,40.41561222,49.83023221,10,17
2205,Köhn? tikili,80,var,var,3,Bin?q?di r.,7-ci mikrorayon q.,5014782,185000,vasit?çi (agent),Yoxdur,https://bina.az/items/5014782,40.43179163,49.85175133,3,5
2206,Köhn? tikili,75,var,var,3,Neapol dair?si,X?tai r.,5379112,183000,vasit?çi (agent),var,https://bina.az/items/5379112,40.37866496,49.96669396,2,9
2207,Yeni tikili,60,var,var,2,Bin?q?di r.,7-ci mikrorayon q.,5294760,190000,vasit?çi (agent),Yoxdur,https://bina.az/items/5294760,40.43462266,49.85507655,7,15
2208,Yeni tikili,103,var,var,3,H?zi Aslanov m.,X?tai r.,5130932,193000,vasit?çi (agent),Yoxdur,https://bina.az/items/5130932,40.37144606,49.95241152,13,17
2209,Yeni tikili,59,var,yoxdur,1,Sea Breeze,Sabunçu r.,5379098,180000,mülkiyy?tçi,var,https://bina.az/items/5379098,40.59083962,49.98479539,4,24
2210,Köhn? tikili,75,var,var,3,Xalqlar Dostlu?u m.,Nizami r.,5379063,175000,vasit?çi (agent),var,https://bina.az/items/5379063,40.40409206,49.95269863,2,5
2211,Köhn? tikili,120,var,var,5,Nizami r.,8-ci kilometr q.,5379061,200000,mülkiyy?tçi,Yoxdur,https://bina.az/items/5379061,40.40943113,49.95572277,6,9
2212,Köhn? tikili,52,var,var,2,S?m?d Vur?un park?,Azadl?q meydan?,5177763,192000,vasit?çi (agent),Yoxdur,https://bina.az/items/5177763,40.37622082,49.85400235,3,5
2213,Yeni tikili,73,yoxdur,yoxdur,2,T?hsil Nazirliyi,N?rimanov r.,5222874,174000,vasit?çi (agent),Yoxdur,https://bina.az/items/5222874,40.39202153,49.85746419,4,16
2214,Yeni tikili,105,var,var,3,H?zi Aslanov m.,X?tai r.,5297001,175000,vasit?çi (agent),var,https://bina.az/items/5297001,40.37067834,49.95900551,15,18
2215,Köhn? tikili,68,var,var,2,Az?rbaycan turizm institutu,Respublika stadionu,5356220,170000,vasit?çi (agent),var,https://bina.az/items/5356220,40.40136771,49.85799145,7,9
2216,Köhn? tikili,120,var,var,5,?n?aatç?lar m.,Yasamal r.,5378991,189000,vasit?çi (agent),Yoxdur,https://bina.az/items/5378991,40.394,49.795,4,9
2217,Yeni tikili,74,var,var,2,Qara Qarayev m.,Nizami r.,5229717,190000,vasit?çi (agent),Yoxdur,https://bina.az/items/5229717,40.4119603,49.9305439,8,17
2218,Yeni tikili,54,yoxdur,var,2,Qara Qarayev m.,Nizami r.,5296254,175000,vasit?çi (agent),Yoxdur,https://bina.az/items/5296254,40.41943385,49.93102191,6,12
2219,Köhn? tikili,65,var,var,2,Dostluq kinoteatr?,Koala park?,5290842,185000,vasit?çi (agent),Yoxdur,https://bina.az/items/5290842,40.39069151,49.84331089,2,4
2220,Yeni tikili,65,var,var,2,?n?aatç?lar m.,Yasamal r.,5378963,160000,mülkiyy?tçi,Yoxdur,https://bina.az/items/5378963,40.39321557,49.79731743,14,22
2221,Köhn? tikili,70,var,var,3,H?zi Aslanov m.,X?tai r.,5297994,175000,vasit?çi (agent),var,https://bina.az/items/5297994,40.37402895,49.94606005,8,9
2222,Köhn? tikili,85,var,var,3,Bin?q?di r.,9-cu mikrorayon q.,5372900,189000,vasit?çi (agent),var,https://bina.az/items/5372900,40.42063886,49.80930448,4,9
2223,Yeni tikili,85,var,var,3,Suraxan? r.,Yeni Gün??li q.,5246140,165000,vasit?çi (agent),var,https://bina.az/items/5246140,40.37412475,49.97695672,2,15
2224,Köhn? tikili,65,var,var,2,8 Noyabr m.,Bak? Asiya Universiteti,5309011,178000,mülkiyy?tçi,var,https://bina.az/items/5309011,40.40180075,49.82014779,5,9
2225,Köhn? tikili,120,var,var,4,Azadl?q Prospekti m.,Bin?q?di r.,5378933,200000,mülkiyy?tçi,var,https://bina.az/items/5378933,40.4209144,49.8427795,6,12
2226,Yeni tikili,49,yoxdur,var,1,Bak? Slavyan Universiteti,Az?rbaycan Dill?r Universiteti,5378929,185000,vasit?çi (agent),Yoxdur,https://bina.az/items/5378929,40.38528806,49.84452324,14,18
2227,Yeni tikili,88,var,var,3,Bin?q?di r.,8-ci mikrorayon q.,5351304,170000,vasit?çi (agent),Yoxdur,https://bina.az/items/5351304,40.4161454,49.84173655,2,19
2228,Yeni tikili,50,var,var,2,?n?aatç?lar m.,Yasamal r.,5373698,198500,vasit?çi (agent),var,https://bina.az/items/5373698,40.38395569,49.81046842,3,18
2229,Yeni tikili,53,var,var,2,['X?tai r.'],Yoxdur,5378861,186000,vasit?çi (agent),var,https://bina.az/items/5378861,40.35591012,49.96060323,16,20
2230,Yeni tikili,57,var,yoxdur,1,Sabunçu r.,Nardaran q.,5348114,199000,mülkiyy?tçi,var,https://bina.az/items/5348114,40.57854454,49.93944976,9,9
2231,Yeni tikili,60,yoxdur,var,2,??rq bazar?,N?rimanov r.,4877970,193000,mülkiyy?tçi,Yoxdur,https://bina.az/items/4877970,40.38871053,49.85571871,8,11
2232,Köhn? tikili,90,var,var,3,X?tai r.,Köhn? Gün??li q.,5229620,178000,mülkiyy?tçi,Yoxdur,https://bina.az/items/5229620,40.36820386,49.96483424,7,9
2233,Köhn? tikili,110,var,var,4,20 Yanvar m.,Yasamal r.,5298077,189000,vasit?çi (agent),var,https://bina.az/items/5298077,40.39986034,49.80158355,8,9
2234,Yeni tikili,82,var,yoxdur,3,Z?rif? ?liyeva ad?na park,N?simi m.,5378911,163000,vasit?çi (agent),Yoxdur,https://bina.az/items/5378911,40.42219183,49.81503746,8,9
2235,Yeni tikili,65,yoxdur,var,1,Azadl?q Prospekti m.,Bin?q?di r.,5156025,195000,vasit?çi (agent),Yoxdur,https://bina.az/items/5156025,40.42591145,49.84170914,3,18
2236,Köhn? tikili,60,var,var,2,Azadl?q Prospekti m.,Bin?q?di r.,5224804,176000,vasit?çi (agent),Yoxdur,https://bina.az/items/5224804,40.42591145,49.84170914,3,5
2237,Köhn? tikili,110,var,var,5,Neapol dair?si,?hm?dli m.,5326286,187000,vasit?çi (agent),Yoxdur,https://bina.az/items/5326286,40.38236857,49.96485069,8,9
2238,Yeni tikili,79,var,yoxdur,2,X?tai r.,H?zi Aslanov q.,5320607,166000,vasit?çi (agent),Yoxdur,https://bina.az/items/5320607,40.36811708,49.93954456,17,21
2239,Yeni tikili,80,var,var,2,Memar ?c?mi m.,Bin?q?di r.,5209055,188000,vasit?çi (agent),Yoxdur,https://bina.az/items/5209055,40.41855154,49.81050967,4,17
2240,Köhn? tikili,80,var,var,3,Bin?q?di r.,8-ci mikrorayon q.,5365108,175000,vasit?çi (agent),Yoxdur,https://bina.az/items/5365108,40.41389782,49.83975397,3,5
2241,Yeni tikili,67,var,var,2,20 Yanvar m.,?n?aatç?lar m.,5327713,195000,mülkiyy?tçi,var,https://bina.az/items/5327713,40.39673525,49.80375372,9,18
2242,Köhn? tikili,70,var,var,3,Nizami m.,Be?m?rt?b?,5150833,195000,vasit?çi (agent),Yoxdur,https://bina.az/items/5150833,40.37921111,49.82977867,3,5
2243,Yeni tikili,52,var,var,2,['X?tai r.'],Yoxdur,5378782,186000,vasit?çi (agent),Yoxdur,https://bina.az/items/5378782,40.3559237,49.96148811,16,19
2244,Köhn? tikili,85,var,var,3,?hm?dli m.,X?tai r.,5339271,178000,vasit?çi (agent),var,https://bina.az/items/5339271,40.38716872,49.96323402,1,9
2245,Yeni tikili,96,var,var,3,X?tai r.,?hm?dli q.,5372230,184000,mülkiyy?tçi,var,https://bina.az/items/5372230,40.36603055,49.96242076,10,17
2246,Yeni tikili,190,var,yoxdur,4,Az?rbaycan turizm institutu,N?riman N?rimanov m.,5362236,165000,vasit?çi (agent),var,https://bina.az/items/5362236,40.39789959,49.86429968,19,19
2247,Yeni tikili,73,var,var,2,Xalqlar Dostlu?u m.,X?tai r.,5313961,172000,vasit?çi (agent),Yoxdur,https://bina.az/items/5313961,40.39439115,49.96165978,11,15
2248,Köhn? tikili,85,var,var,3,Sabunçu r.,Bak?xanov q.,5378853,180000,vasit?çi (agent),var,https://bina.az/items/5378853,40.41659241,49.96463525,3,5
2249,Köhn? tikili,85,var,var,3,Sabunçu r.,Bak?xanov q.,5230887,185000,vasit?çi (agent),var,https://bina.az/items/5230887,40.41704042,49.96750019,4,5
2250,Köhn? tikili,85,var,var,3,?hm?dli m.,Xalqlar Dostlu?u m.,5378837,177000,vasit?çi (agent),var,https://bina.az/items/5378837,40.38972303,49.95395207,7,9
2251,Köhn? tikili,70,var,var,3,ASAN Xidm?t ?3,Yasamal bazar?,5323087,188000,vasit?çi (agent),Yoxdur,https://bina.az/items/5323087,40.37950125,49.80693161,3,5
2252,Köhn? tikili,122,var,var,5,Bin?q?di r.,M.?.R?sulzad? q.,5244811,185000,vasit?çi (agent),Yoxdur,https://bina.az/items/5244811,40.43317574,49.83070148,6,9
2253,Yeni tikili,78,var,var,2,H?zi Aslanov m.,?hm?dli m.,5378831,177000,vasit?çi (agent),var,https://bina.az/items/5378831,40.37841384,49.96007115,5,16
2254,Yeni tikili,75,var,var,2,H?zi Aslanov m.,X?tai r.,5239002,177500,vasit?çi (agent),var,https://bina.az/items/5239002,40.37352619,49.94341999,10,16
2255,Köhn? tikili,85,var,var,3,Azadl?q Prospekti m.,Bin?q?di r.,5149744,200000,vasit?çi (agent),Yoxdur,https://bina.az/items/5149744,40.42154999,49.84240651,5,5
2256,Yeni tikili,80,var,var,3,Neftçil?r m.,Nizami r.,5340746,180000,vasit?çi (agent),Yoxdur,https://bina.az/items/5340746,40.40987712,49.94368783,4,5
2257,Yeni tikili,60,var,var,2,Heyd?r ?liyev ad?na ?dman Kompleksi,N?simi r.,5359181,192000,vasit?çi (agent),var,https://bina.az/items/5359181,40.39212188,49.82395179,5,14
2258,Köhn? tikili,67,var,var,2,N?rimanov heyk?li,Sovetski,5378598,160000,vasit?çi (agent),var,https://bina.az/items/5378598,40.3689114,49.8229854,7,7
2259,Yeni tikili,50,var,var,2,20 Yanvar m.,Bin?q?di r.,5347928,174000,vasit?çi (agent),var,https://bina.az/items/5347928,40.40079863,49.80708005,7,20
2260,Köhn? tikili,42,var,var,2,N?riman N?rimanov m.,Bakmil m.,5378826,162000,mülkiyy?tçi,Yoxdur,https://bina.az/items/5378826,40.40990112,49.87046881,2,5
2261,Köhn? tikili,80,var,var,3,Xalqlar Dostlu?u m.,?hm?dli m.,5356481,190000,vasit?çi (agent),Yoxdur,https://bina.az/items/5356481,40.39268873,49.95712361,3,9
2262,Köhn? tikili,80,var,var,3,?hm?dli m.,X?tai r.,5378818,187000,vasit?çi (agent),Yoxdur,https://bina.az/items/5378818,40.38628777,49.95980786,5,9
2263,Köhn? tikili,100,var,var,4,Bin?q?di r.,Bil?c?ri q.,5378816,160000,mülkiyy?tçi,var,https://bina.az/items/5378816,40.44070609,49.807205,6,9
2264,Yeni tikili,56,yoxdur,var,2,['X?tai r.'],Yoxdur,5353622,179000,vasit?çi (agent),Yoxdur,https://bina.az/items/5353622,40.36248688,49.9522184,15,17
2265,Yeni tikili,76,yoxdur,var,2,S?bail r.,Badamdar q.,4758729,190000,vasit?çi (agent),Yoxdur,https://bina.az/items/4758729,40.33921624,49.80639791,17,17
2266,Yeni tikili,67,yoxdur,var,2,Neftçil?r m.,Nizami r.,5130968,187000,mülkiyy?tçi,Yoxdur,https://bina.az/items/5130968,40.41060424,49.95093405,18,19
2267,Yeni tikili,73,yoxdur,var,2,Azadl?q Prospekti m.,Bin?q?di r.,5328615,165000,vasit?çi (agent),Yoxdur,https://bina.az/items/5328615,40.41754915,49.83901248,16,17
2268,Köhn? tikili,85,var,var,3,Z?rif? ?liyeva ad?na park,N?simi m.,5378796,185000,vasit?çi (agent),var,https://bina.az/items/5378796,40.42258371,49.8165385,5,9
2269,Yeni tikili,50,yoxdur,var,2,Bak? Slavyan Universiteti,Az?rbaycan Dill?r Universiteti,5073310,180000,vasit?çi (agent),Yoxdur,https://bina.az/items/5073310,40.3846118,49.84493337,15,17
2270,Köhn? tikili,110,var,var,4,Sabunçu r.,Bak?xanov q.,5320374,180000,vasit?çi (agent),var,https://bina.az/items/5320374,40.4196786,49.97164532,8,9
2271,Yeni tikili,94,var,var,2,Sabunçu r.,Bak?xanov q.,5165536,168000,vasit?çi (agent),var,https://bina.az/items/5165536,40.43682205,49.95892704,3,18
2272,Yeni tikili,60,var,var,2,?ah ?smay?l X?tai m.,X?tai r.,5342198,192000,vasit?çi (agent),var,https://bina.az/items/5342198,40.38312559,49.8718806,16,17
2273,Yeni tikili,65,var,var,2,T?hsil Nazirliyi,??rq bazar?,5251442,176000,vasit?çi (agent),Yoxdur,https://bina.az/items/5251442,40.38916454,49.85839367,17,17
2274,Köhn? tikili,85,var,var,3,Ukrayna dair?si,?hm?dli m.,4987102,185000,vasit?çi (agent),var,https://bina.az/items/4987102,40.37950629,49.95823609,8,9
2275,Yeni tikili,110,var,var,3,['X?tai r.'],Yoxdur,5338720,198000,vasit?çi (agent),var,https://bina.az/items/5338720,40.36050393,49.94744954,17,18
2276,Yeni tikili,77,var,var,2,20 Yanvar m.,?n?aatç?lar m.,5353441,190000,vasit?çi (agent),var,https://bina.az/items/5353441,40.39728852,49.80589586,14,19
2277,Yeni tikili,75,var,var,2,?n?aatç?lar m.,20 Yanvar m.,5330597,168000,vasit?çi (agent),var,https://bina.az/items/5330597,40.3949184,49.80632365,14,19
2278,Yeni tikili,81,yoxdur,yoxdur,3,?n?aatç?lar m.,Yasamal r.,5364301,189900,vasit?çi (agent),Yoxdur,https://bina.az/items/5364301,40.38985595,49.80739476,7,12
2279,Yeni tikili,75,var,var,2,H?zi Aslanov m.,X?tai r.,5370662,165000,vasit?çi (agent),var,https://bina.az/items/5370662,40.37279065,49.94229065,14,17
2280,Yeni tikili,90,var,var,3,['X?tai r.'],Yoxdur,5321359,180000,vasit?çi (agent),var,https://bina.az/items/5321359,40.37571741,49.97769599,16,17
2281,Köhn? tikili,76,var,var,3,Yasamal bazar?,ASAN Xidm?t ?3,5112889,189000,vasit?çi (agent),var,https://bina.az/items/5112889,40.38048608,49.80570316,6,9
2282,Köhn? tikili,85,var,var,3,Memar ?c?mi m.,Bin?q?di r.,5378757,189000,vasit?çi (agent),var,https://bina.az/items/5378757,40.41770666,49.80643628,4,9
2283,Yeni tikili,77,var,var,2,Xalqlar Dostlu?u m.,Nizami r.,5259259,174000,vasit?çi (agent),Yoxdur,https://bina.az/items/5259259,40.39405979,49.96233545,15,17
2284,Köhn? tikili,65,var,var,3,N?rimanov heyk?li,Sovetski,5365382,180000,vasit?çi (agent),var,https://bina.az/items/5365382,40.36830917,49.82453115,4,6
2285,Köhn? tikili,81,var,var,3,Yasamal bazar?,?n?aatç?lar m.,5370753,170000,vasit?çi (agent),Yoxdur,https://bina.az/items/5370753,40.3846694,49.8056476,4,5
2286,Yeni tikili,70,var,var,2,S?bail r.,Badamdar q.,5372897,187000,vasit?çi (agent),var,https://bina.az/items/5372897,40.34044568,49.80627093,18,19
2287,Yeni tikili,62,var,var,2,Grand Hayat Residence,8 Noyabr m.,5317886,183000,vasit?çi (agent),var,https://bina.az/items/5317886,40.39601915,49.82070523,5,15
2288,Köhn? tikili,110,var,var,4,R?ssaml?q Akademiyas?,N?riman N?rimanov m.,5286858,181000,vasit?çi (agent),var,https://bina.az/items/5286858,40.39519549,49.87071991,9,9
2289,Köhn? tikili,60,var,var,2,?qtisad Universiteti,Axundov ba??,5317055,173000,vasit?çi (agent),Yoxdur,https://bina.az/items/5317055,40.36845556,49.83132999,4,5
2290,Köhn? tikili,61,var,var,2,Be?m?rt?b?,M?rk?zi Univermaq,5226786,185000,vasit?çi (agent),Yoxdur,https://bina.az/items/5226786,40.37505913,49.83361959,2,2
2291,Köhn? tikili,65,var,var,2,Az?rbaycan turizm institutu,G?nclik m.,5368912,195000,vasit?çi (agent),var,https://bina.az/items/5368912,40.39719904,49.86335919,5,9
2292,Yeni tikili,86,var,var,2,Xalqlar Dostlu?u m.,Nizami r.,5104449,171000,vasit?çi (agent),Yoxdur,https://bina.az/items/5104449,40.40326199,49.95751588,10,12
2293,Köhn? tikili,80,var,var,3,Xalqlar Dostlu?u m.,Nizami r.,5373126,163000,vasit?çi (agent),Yoxdur,https://bina.az/items/5373126,40.39734663,49.95682924,1,5
2294,Yeni tikili,90,var,var,3,?n?aatç?lar m.,Yasamal r.,5373202,180000,vasit?çi (agent),var,https://bina.az/items/5373202,40.39376637,49.79392791,7,16
2295,Yeni tikili,70,var,var,2,Dövl?t Statistika Komit?si,M?rk?zi Park,5370024,170000,vasit?çi (agent),Yoxdur,https://bina.az/items/5370024,40.38345334,49.82280555,2,9
2296,Köhn? tikili,85,var,var,3,Neapol dair?si,?hm?dli m.,5073649,167000,vasit?çi (agent),var,https://bina.az/items/5073649,40.38583704,49.96486565,3,9
2297,Köhn? tikili,90,var,var,3,?n?aatç?lar m.,Yasamal r.,5359629,160000,vasit?çi (agent),Yoxdur,https://bina.az/items/5359629,40.394,49.795,5,9
2298,Yeni tikili,70,yoxdur,var,2,Qara Qarayev m.,Neftçil?r m.,5156697,180000,vasit?çi (agent),Yoxdur,https://bina.az/items/5156697,40.4163496,49.93989872,2,17
2299,Yeni tikili,42,yoxdur,var,2,N?riman N?rimanov m.,N?rimanov r.,5279039,175000,mülkiyy?tçi,Yoxdur,https://bina.az/items/5279039,40.40524847,49.87594567,9,11
2300,Köhn? tikili,66,var,var,3,N?rimanov heyk?li,Sovetski,5366070,179000,vasit?çi (agent),var,https://bina.az/items/5366070,40.36836676,49.82404573,4,6
2301,Yeni tikili,80,var,yoxdur,2,['X?tai r.'],Yoxdur,5365950,167000,vasit?çi (agent),Yoxdur,https://bina.az/items/5365950,40.3685974,49.94022356,17,21
2302,Yeni tikili,90,var,var,2,Memar ?c?mi m.,Bin?q?di r.,5364923,198000,vasit?çi (agent),Yoxdur,https://bina.az/items/5364923,40.41543679,49.80656168,13,17
2303,Köhn? tikili,85,var,var,3,Elml?r Akademiyas? m.,Yasamal r.,5378704,175000,mülkiyy?tçi,var,https://bina.az/items/5378704,40.38278117,49.81560497,9,9
2304,Köhn? tikili,120,var,var,5,H?zi Aslanov m.,X?tai r.,5145998,195000,vasit?çi (agent),var,https://bina.az/items/5145998,40.37067886,49.96015891,1,9
2305,Yeni tikili,73,yoxdur,var,2,N?simi m.,Bin?q?di r.,5378697,162000,vasit?çi (agent),Yoxdur,https://bina.az/items/5378697,40.41791306,49.83033614,16,17
2306,Yeni tikili,82,var,var,2,Sabunçu r.,Bak?xanov q.,5088344,188000,vasit?çi (agent),Yoxdur,https://bina.az/items/5088344,40.4210512,49.95007943,6,8
2307,Köhn? tikili,70,var,var,2,S?bail r.,Bay?l q.,5088319,175000,vasit?çi (agent),Yoxdur,https://bina.az/items/5088319,40.34343683,49.83609796,2,3
2308,Köhn? tikili,60,var,var,2,Bin?q?di r.,9-cu mikrorayon q.,5374823,168000,mülkiyy?tçi,var,https://bina.az/items/5374823,40.4279335,49.8135998,7,9
2309,Yeni tikili,88,var,var,3,Neapol dair?si,?hm?dli m.,5323535,163000,vasit?çi (agent),var,https://bina.az/items/5323535,40.38637391,49.96517807,3,15
2310,Yeni tikili,78,var,yoxdur,2,X?tai r.,A? ??h?r q.,5368694,187200,mülkiyy?tçi,var,https://bina.az/items/5368694,40.36777942,49.93997122,12,20
2311,Yeni tikili,71,var,var,3,ASAN Xidm?t ?3,Yasamal bazar?,5239419,180000,vasit?çi (agent),Yoxdur,https://bina.az/items/5239419,40.37882839,49.80539499,17,17
2312,Yeni tikili,65,var,var,2,['X?tai r.'],Yoxdur,5249153,167000,vasit?çi (agent),var,https://bina.az/items/5249153,40.35884106,49.95921135,19,19
2313,Yeni tikili,67,var,var,2,N?riman N?rimanov park?,N?riman N?rimanov m.,5361553,195000,vasit?çi (agent),Yoxdur,https://bina.az/items/5361553,40.4020121,49.87525245,14,17
2314,Yeni tikili,56,yoxdur,var,2,['X?tai r.'],Yoxdur,5318624,179000,vasit?çi (agent),Yoxdur,https://bina.az/items/5318624,40.36262234,49.9507846,15,17
2315,Yeni tikili,80,var,var,2,['Yasamal r.'],Yoxdur,5378667,190000,vasit?çi (agent),var,https://bina.az/items/5378667,40.38944184,49.78976893,2,12
2316,Yeni tikili,88,var,var,3,X?tai r.,H?zi Aslanov q.,4977639,169000,vasit?çi (agent),Yoxdur,https://bina.az/items/4977639,40.38231676,49.92457867,3,16
2317,Köhn? tikili,80,var,var,3,?hm?dli m.,X?tai r.,5298260,179000,vasit?çi (agent),var,https://bina.az/items/5298260,40.38702849,49.95341143,2,9
2318,Yeni tikili,135,yoxdur,yoxdur,3,?n?aatç?lar m.,Yasamal r.,5305482,189000,vasit?çi (agent),Yoxdur,https://bina.az/items/5305482,40.38910984,49.79397294,2,12
2319,Yeni tikili,83,var,var,2,?hm?dli m.,X?tai r.,5269745,175000,vasit?çi (agent),var,https://bina.az/items/5269745,40.38419611,49.95387064,13,19
2320,Yeni tikili,100,var,var,3,H?zi Aslanov m.,X?tai r.,5042288,190000,vasit?çi (agent),var,https://bina.az/items/5042288,40.37250211,49.953488,13,17
2321,Yeni tikili,53,yoxdur,var,2,??rq bazar?,N?rimanov r.,5359040,195000,vasit?çi (agent),Yoxdur,https://bina.az/items/5359040,40.38909148,49.85661685,6,14
2322,Yeni tikili,85,var,var,3,Neapol dair?si,?hm?dli m.,5378642,183000,vasit?çi (agent),var,https://bina.az/items/5378642,40.38111102,49.96127616,2,9
2323,Yeni tikili,58,yoxdur,var,2,Qara Qarayev m.,Neftçil?r m.,5370752,169000,vasit?çi (agent),Yoxdur,https://bina.az/items/5370752,40.41525452,49.93683068,6,14
2324,Köhn? tikili,85,var,var,3,Yasamal r.,Yeni Yasamal q.,5369919,182000,vasit?çi (agent),Yoxdur,https://bina.az/items/5369919,40.39230855,49.79081575,2,9
2325,Köhn? tikili,80,var,var,3,Neapol dair?si,?hm?dli m.,5355861,167000,vasit?çi (agent),var,https://bina.az/items/5355861,40.38448629,49.96465278,3,9
2326,Yeni tikili,40,var,var,2,Az?rbaycan turizm institutu,G?nclik m.,5302242,160000,vasit?çi (agent),var,https://bina.az/items/5302242,40.39827117,49.86213105,13,17
2327,Yeni tikili,71,var,var,3,H?zi Aslanov m.,X?tai r.,5357737,183900,vasit?çi (agent),var,https://bina.az/items/5357737,40.37356186,49.95138274,15,17
2328,Yeni tikili,78,var,var,3,H?zi Aslanov m.,X?tai r.,5378636,195000,vasit?çi (agent),Yoxdur,https://bina.az/items/5378636,40.36804563,49.95970713,1,20
2329,Yeni tikili,125,var,var,3,Ukrayna dair?si,H?zi Aslanov m.,5268929,172000,vasit?çi (agent),var,https://bina.az/items/5268929,40.37836131,49.95434828,11,11
2330,Köhn? tikili,75,var,var,3,Neapol dair?si,?hm?dli m.,5277695,185000,vasit?çi (agent),var,https://bina.az/items/5277695,40.38175653,49.96218473,7,9
2331,Yeni tikili,70,var,var,2,Sabunçu r.,Bak?xanov q.,5185933,183000,vasit?çi (agent),var,https://bina.az/items/5185933,40.43114689,49.95987139,4,10
2332,Yeni tikili,65,var,var,2,??rq bazar?,N?rimanov r.,5350322,176000,vasit?çi (agent),Yoxdur,https://bina.az/items/5350322,40.38921787,49.85706829,17,17
2333,Köhn? tikili,70,var,var,2,Azadl?q Prospekti m.,Bin?q?di r.,5283314,166000,mülkiyy?tçi,Yoxdur,https://bina.az/items/5283314,40.43033818,49.84902676,9,9
2334,Yeni tikili,55,var,var,2,20 Yanvar m.,Yasamal r.,5324783,160000,mülkiyy?tçi,Yoxdur,https://bina.az/items/5324783,40.39951611,49.80728006,3,19
2335,Yeni tikili,55,yoxdur,var,2,??rq bazar?,28 May m.,5244451,199000,vasit?çi (agent),Yoxdur,https://bina.az/items/5244451,40.38490637,49.8521976,10,11
2336,Köhn? tikili,105,var,var,4,H?zi Aslanov m.,X?tai r.,5303000,185000,vasit?çi (agent),var,https://bina.az/items/5303000,40.37446811,49.96192971,2,5
2337,Yeni tikili,106,var,var,3,H?zi Aslanov m.,X?tai r.,5350954,190000,vasit?çi (agent),Yoxdur,https://bina.az/items/5350954,40.37050077,49.95933158,5,17
2338,Yeni tikili,57,var,var,2,D?rn?gül m.,Bin?q?di r.,5359516,188000,vasit?çi (agent),var,https://bina.az/items/5359516,40.42538874,49.86187935,14,17
2339,Yeni tikili,88,var,var,3,?hm?dli m.,X?tai r.,5378601,195000,vasit?çi (agent),Yoxdur,https://bina.az/items/5378601,40.38445949,49.95487622,3,7
2340,Köhn? tikili,38,var,var,2,?ç?ri ??h?r,Azneft meydan?,5378599,175000,vasit?çi (agent),Yoxdur,https://bina.az/items/5378599,40.36576246,49.83583217,5,9
2341,Köhn? tikili,85,var,var,3,H?zi Aslanov m.,X?tai r.,5342979,185000,vasit?çi (agent),var,https://bina.az/items/5342979,40.37242662,49.95215368,3,5
2342,Yeni tikili,75,var,var,2,Ukrayna dair?si,H?zi Aslanov m.,5288268,183000,vasit?çi (agent),var,https://bina.az/items/5288268,40.37590916,49.95318174,12,17
